family,strategy,policy,month,available_bets,bets,net,ending_bankroll,min_bankroll,max_principal_loss,max_drawdown,wins,refunds,losses,stop_reason,last_issue,target_reached,last_bet_time_cn
predictions,consensus789:big_small:pc28_high_regular,target100_bankroll,2026-07,9238,6805,-99.7,0.3,0.3,99.7,182.8,1818,1524,3463,insufficient_for_one_unit,3461473,False,2026-07-25T22:42:00+08:00
predictions,consensus789:big_small:pc28_high_regular,target100_bankroll,2026-08,6234,6234,-26.2,73.8,32.55,67.45,107.45,1668,1454,3112,sample_end,3476369,False,2026-08-31T23:59:00+08:00
predictions,consensus789:big_small:pc28_high_regular,target100_bankroll,2026-09,2751,2751,-19.85,80.15,55.65,44.35,45.3,739,625,1387,sample_end,3479182,False,2026-09-07T23:55:30+08:00
predictions,consensus789:big_small:pc28_high_regular,target100_limit99,2026-07,9238,6803,-98.7,1.3,1.3,98.7,181.8,1818,1523,3462,loss_limit,3461471,False,2026-07-25T22:35:00+08:00
predictions,consensus789:big_small:pc28_high_regular,target100_limit99,2026-08,6234,6234,-26.2,73.8,32.55,67.45,107.45,1668,1454,3112,sample_end,3476369,False,2026-08-31T23:59:00+08:00
predictions,consensus789:big_small:pc28_high_regular,target100_limit99,2026-09,2751,2751,-19.85,80.15,55.65,44.35,45.3,739,625,1387,sample_end,3479182,False,2026-09-07T23:55:30+08:00
predictions,consensus789:big_small:pc28_netdisk_regular,target100_bankroll,2026-07,9238,4404,-99.48,0.52,0.52,99.48,133.56,2174,0,2230,insufficient_for_one_unit,3459071,False,2026-07-19T23:17:00+08:00
predictions,consensus789:big_small:pc28_netdisk_regular,target100_bankroll,2026-08,6234,6234,-52.44,47.56,3.54,96.46,110.86,3122,0,3112,sample_end,3476369,False,2026-08-31T23:59:00+08:00
predictions,consensus789:big_small:pc28_netdisk_regular,target100_bankroll,2026-09,2751,2751,-50.28,49.72,49.72,50.28,52.2,1364,0,1387,sample_end,3479182,False,2026-09-07T23:55:30+08:00
predictions,consensus789:big_small:pc28_netdisk_regular,target100_limit99,2026-07,9238,4397,-98.42,1.58,1.58,98.42,132.5,2171,0,2226,loss_limit,3459064,False,2026-07-19T22:52:30+08:00
predictions,consensus789:big_small:pc28_netdisk_regular,target100_limit99,2026-08,6234,6234,-52.44,47.56,3.54,96.46,110.86,3122,0,3112,sample_end,3476369,False,2026-08-31T23:59:00+08:00
predictions,consensus789:big_small:pc28_netdisk_regular,target100_limit99,2026-09,2751,2751,-50.28,49.72,49.72,50.28,52.2,1364,0,1387,sample_end,3479182,False,2026-09-07T23:55:30+08:00
predictions,consensus789:combo:pc28_high_regular,target100_bankroll,2026-07,6447,2763,-99.2,0.8,0.8,99.2,160.84,350,343,2070,insufficient_for_one_unit,3458677,False,2026-07-18T23:45:00+08:00
predictions,consensus789:combo:pc28_high_regular,target100_bankroll,2026-08,4328,1149,104.5,204.5,57.96,42.04,92.7,170,136,843,profit_target,3465591,True,2026-08-05T04:25:00+08:00
predictions,consensus789:combo:pc28_high_regular,target100_bankroll,2026-09,1944,1944,-44.47,55.53,17.2,82.8,128.15,256,212,1476,sample_end,3479182,False,2026-09-07T23:55:30+08:00
predictions,consensus789:combo:pc28_high_regular,target100_limit99,2026-07,6447,2762,-98.2,1.8,1.8,98.2,159.84,350,343,2069,loss_limit,3458675,False,2026-07-18T23:38:00+08:00
predictions,consensus789:combo:pc28_high_regular,target100_limit99,2026-08,4328,1149,104.5,204.5,57.96,42.04,92.7,170,136,843,profit_target,3465591,True,2026-08-05T04:25:00+08:00
predictions,consensus789:combo:pc28_high_regular,target100_limit99,2026-09,1944,1944,-44.47,55.53,17.2,82.8,128.15,256,212,1476,sample_end,3479182,False,2026-09-07T23:55:30+08:00
predictions,consensus789:combo:pc28_netdisk_regular,target100_bankroll,2026-07,6447,2450,-99.2,0.8,0.8,99.2,124.2,623,0,1827,insufficient_for_one_unit,3458242,False,2026-07-17T21:49:30+08:00
predictions,consensus789:combo:pc28_netdisk_regular,target100_bankroll,2026-08,4328,2876,-99.2,0.8,0.8,99.2,142.6,729,0,2147,insufficient_for_one_unit,3468194,False,2026-08-11T15:33:30+08:00
predictions,consensus789:combo:pc28_netdisk_regular,target100_bankroll,2026-09,1944,1247,-99.2,0.8,0.8,99.2,99.2,302,0,945,insufficient_for_one_unit,3478136,False,2026-09-05T09:15:30+08:00
predictions,consensus789:combo:pc28_netdisk_regular,target100_limit99,2026-07,6447,2430,-98.4,1.6,1.6,98.4,123.4,618,0,1812,loss_limit,3458200,False,2026-07-17T18:49:30+08:00
predictions,consensus789:combo:pc28_netdisk_regular,target100_limit99,2026-08,4328,2875,-98.2,1.8,1.8,98.2,141.6,729,0,2146,loss_limit,3468192,False,2026-08-11T15:26:30+08:00
predictions,consensus789:combo:pc28_netdisk_regular,target100_limit99,2026-09,1944,1246,-98.2,1.8,1.8,98.2,98.2,302,0,944,loss_limit,3478132,False,2026-09-05T09:01:30+08:00
predictions,consensus789:odd_even:pc28_high_regular,target100_bankroll,2026-07,9238,1529,-99.6,0.4,0.4,99.6,99.6,384,335,810,insufficient_for_one_unit,3456195,False,2026-07-12T19:40:00+08:00
predictions,consensus789:odd_even:pc28_high_regular,target100_bankroll,2026-08,6234,6234,17.4,117.4,82.65,17.35,73.0,1684,1452,3098,sample_end,3476369,False,2026-08-31T23:59:00+08:00
predictions,consensus789:odd_even:pc28_high_regular,target100_bankroll,2026-09,2751,2751,39.15,139.15,81.5,18.5,58.4,759,627,1365,sample_end,3479182,False,2026-09-07T23:55:30+08:00
predictions,consensus789:odd_even:pc28_high_regular,target100_limit99,2026-07,9238,1527,-98.6,1.4,1.4,98.6,98.6,384,334,809,loss_limit,3456193,False,2026-07-12T19:33:00+08:00
predictions,consensus789:odd_even:pc28_high_regular,target100_limit99,2026-08,6234,6234,17.4,117.4,82.65,17.35,73.0,1684,1452,3098,sample_end,3476369,False,2026-08-31T23:59:00+08:00
predictions,consensus789:odd_even:pc28_high_regular,target100_limit99,2026-09,2751,2751,39.15,139.15,81.5,18.5,58.4,759,627,1365,sample_end,3479182,False,2026-09-07T23:55:30+08:00
predictions,consensus789:odd_even:pc28_netdisk_regular,target100_bankroll,2026-07,9238,1448,-99.62,0.38,0.38,99.62,101.56,681,0,767,insufficient_for_one_unit,3456114,False,2026-07-12T14:23:30+08:00
predictions,consensus789:odd_even:pc28_netdisk_regular,target100_bankroll,2026-08,6234,6234,-24.72,75.28,43.12,56.88,89.88,3136,0,3098,sample_end,3476369,False,2026-08-31T23:59:00+08:00
predictions,consensus789:odd_even:pc28_netdisk_regular,target100_bankroll,2026-09,2751,2751,-6.72,93.28,63.98,36.02,55.94,1386,0,1365,sample_end,3479182,False,2026-09-07T23:55:30+08:00
predictions,consensus789:odd_even:pc28_netdisk_regular,target100_limit99,2026-07,9238,1423,-98.38,1.62,1.62,98.38,100.32,669,0,754,loss_limit,3456089,False,2026-07-12T12:56:00+08:00
predictions,consensus789:odd_even:pc28_netdisk_regular,target100_limit99,2026-08,6234,6234,-24.72,75.28,43.12,56.88,89.88,3136,0,3098,sample_end,3476369,False,2026-08-31T23:59:00+08:00
predictions,consensus789:odd_even:pc28_netdisk_regular,target100_limit99,2026-09,2751,2751,-6.72,93.28,63.98,36.02,55.94,1386,0,1365,sample_end,3479182,False,2026-09-07T23:55:30+08:00
predictions,fixed:big_small:大:pc28_high_regular,target100_bankroll,2026-07,9246,9246,8.25,108.25,39.15,60.85,88.75,2505,2115,4626,sample_end,3463907,False,2026-07-31T23:59:00+08:00
predictions,fixed:big_small:大:pc28_high_regular,target100_bankroll,2026-08,6358,5595,-99.3,0.7,0.7,99.3,146.2,1462,1329,2804,insufficient_for_one_unit,3475606,False,2026-08-30T02:22:30+08:00
predictions,fixed:big_small:大:pc28_high_regular,target100_bankroll,2026-09,2813,2813,58.25,158.25,96.5,3.5,52.05,785,634,1394,sample_end,3479182,False,2026-09-07T23:55:30+08:00
predictions,fixed:big_small:大:pc28_high_regular,target100_limit99,2026-07,9246,9246,8.25,108.25,39.15,60.85,88.75,2505,2115,4626,sample_end,3463907,False,2026-07-31T23:59:00+08:00
predictions,fixed:big_small:大:pc28_high_regular,target100_limit99,2026-08,6358,5593,-98.3,1.7,1.7,98.3,145.2,1462,1328,2803,loss_limit,3475604,False,2026-08-30T02:15:30+08:00
predictions,fixed:big_small:大:pc28_high_regular,target100_limit99,2026-09,2813,2813,58.25,158.25,96.5,3.5,52.05,785,634,1394,sample_end,3479182,False,2026-09-07T23:55:30+08:00
predictions,fixed:big_small:大:pc28_netdisk_regular,target100_bankroll,2026-07,9246,8992,-99.82,0.18,0.18,99.82,114.16,4491,0,4501,insufficient_for_one_unit,3463653,False,2026-07-31T08:37:00+08:00
predictions,fixed:big_small:大:pc28_netdisk_regular,target100_bankroll,2026-08,6358,6348,-99.12,0.88,0.88,99.12,137.44,3156,0,3192,insufficient_for_one_unit,3476359,False,2026-08-31T23:24:00+08:00
predictions,fixed:big_small:大:pc28_netdisk_regular,target100_bankroll,2026-09,2813,2813,-3.38,96.62,76.86,23.14,44.92,1419,0,1394,sample_end,3479182,False,2026-09-07T23:55:30+08:00
predictions,fixed:big_small:大:pc28_netdisk_regular,target100_limit99,2026-07,9246,8991,-98.82,1.18,1.18,98.82,113.16,4491,0,4500,loss_limit,3463652,False,2026-07-31T08:33:30+08:00
predictions,fixed:big_small:大:pc28_netdisk_regular,target100_limit99,2026-08,6358,6343,-98.08,1.92,1.92,98.08,136.4,3154,0,3189,loss_limit,3476354,False,2026-08-31T23:06:30+08:00
predictions,fixed:big_small:大:pc28_netdisk_regular,target100_limit99,2026-09,2813,2813,-3.38,96.62,76.86,23.14,44.92,1419,0,1394,sample_end,3479182,False,2026-09-07T23:55:30+08:00
predictions,fixed:big_small:小:pc28_high_regular,target100_bankroll,2026-07,9246,4279,-99.05,0.95,0.95,99.05,151.65,1107,1025,2147,insufficient_for_one_unit,3458940,False,2026-07-19T15:05:30+08:00
predictions,fixed:big_small:小:pc28_high_regular,target100_bankroll,2026-08,6358,6356,101.7,201.7,51.3,48.7,81.1,1762,1436,3158,profit_target,3476367,True,2026-08-31T23:52:00+08:00
predictions,fixed:big_small:小:pc28_high_regular,target100_bankroll,2026-09,2813,2813,-24.1,75.9,44.5,55.5,61.25,754,640,1419,sample_end,3479182,False,2026-09-07T23:55:30+08:00
predictions,fixed:big_small:小:pc28_high_regular,target100_limit99,2026-07,9246,4278,-98.05,1.95,1.95,98.05,150.65,1107,1025,2146,loss_limit,3458939,False,2026-07-19T15:02:00+08:00
predictions,fixed:big_small:小:pc28_high_regular,target100_limit99,2026-08,6358,6356,101.7,201.7,51.3,48.7,81.1,1762,1436,3158,profit_target,3476367,True,2026-08-31T23:52:00+08:00
predictions,fixed:big_small:小:pc28_high_regular,target100_limit99,2026-09,2813,2813,-24.1,75.9,44.5,55.5,61.25,754,640,1419,sample_end,3479182,False,2026-09-07T23:55:30+08:00
predictions,fixed:big_small:小:pc28_netdisk_regular,target100_bankroll,2026-07,9246,8247,-99.3,0.7,0.7,99.3,128.98,4115,0,4132,insufficient_for_one_unit,3462908,False,2026-07-29T12:03:30+08:00
predictions,fixed:big_small:小:pc28_netdisk_regular,target100_bankroll,2026-08,6358,4715,-99.62,0.38,0.38,99.62,100.58,2331,0,2384,insufficient_for_one_unit,3468677,False,2026-08-12T20:50:00+08:00
predictions,fixed:big_small:小:pc28_netdisk_regular,target100_bankroll,2026-09,2813,2813,-52.88,47.12,33.14,66.86,68.78,1394,0,1419,sample_end,3479182,False,2026-09-07T23:55:30+08:00
predictions,fixed:big_small:小:pc28_netdisk_regular,target100_limit99,2026-07,9246,8246,-98.3,1.7,1.7,98.3,127.98,4115,0,4131,loss_limit,3462907,False,2026-07-29T12:00:00+08:00
predictions,fixed:big_small:小:pc28_netdisk_regular,target100_limit99,2026-08,6358,4714,-98.62,1.38,1.38,98.62,99.58,2331,0,2383,loss_limit,3468676,False,2026-08-12T20:46:30+08:00
predictions,fixed:big_small:小:pc28_netdisk_regular,target100_limit99,2026-09,2813,2813,-52.88,47.12,33.14,66.86,68.78,1394,0,1419,sample_end,3479182,False,2026-09-07T23:55:30+08:00
predictions,fixed:combo:大单:pc28_high_regular,target100_bankroll,2026-07,9246,1515,-99.67,0.33,0.33,99.67,169.84,201,143,1171,insufficient_for_one_unit,3456176,False,2026-07-12T18:00:30+08:00
predictions,fixed:combo:大单:pc28_high_regular,target100_bankroll,2026-08,6358,2113,-99.29,0.71,0.71,99.29,166.12,287,197,1629,insufficient_for_one_unit,3466065,False,2026-08-06T08:37:00+08:00
predictions,fixed:combo:大单:pc28_high_regular,target100_bankroll,2026-09,2813,1881,103.38,203.38,83.17,16.83,68.69,286,174,1421,profit_target,3478250,True,2026-09-05T15:54:30+08:00
predictions,fixed:combo:大单:pc28_high_regular,target100_limit99,2026-07,9246,1514,-98.67,1.33,1.33,98.67,168.84,201,143,1170,loss_limit,3456175,False,2026-07-12T17:57:00+08:00
predictions,fixed:combo:大单:pc28_high_regular,target100_limit99,2026-08,6358,2112,-98.29,1.71,1.71,98.29,165.12,287,197,1628,loss_limit,3466064,False,2026-08-06T08:33:30+08:00
predictions,fixed:combo:大单:pc28_high_regular,target100_limit99,2026-09,2813,1881,103.38,203.38,83.17,16.83,68.69,286,174,1421,profit_target,3478250,True,2026-09-05T15:54:30+08:00
predictions,fixed:combo:大单:pc28_netdisk_regular,target100_bankroll,2026-07,9246,2174,-99.2,0.8,0.8,99.2,134.0,494,0,1680,insufficient_for_one_unit,3456835,False,2026-07-14T09:33:00+08:00
predictions,fixed:combo:大单:pc28_netdisk_regular,target100_bankroll,2026-08,6358,1582,-99.4,0.6,0.6,99.4,135.6,353,0,1229,insufficient_for_one_unit,3465489,False,2026-08-04T22:28:00+08:00
predictions,fixed:combo:大单:pc28_netdisk_regular,target100_bankroll,2026-09,2813,2813,5.2,105.2,63.4,36.6,66.0,671,0,2142,sample_end,3479182,False,2026-09-07T23:55:30+08:00
predictions,fixed:combo:大单:pc28_netdisk_regular,target100_limit99,2026-07,9246,2173,-98.2,1.8,1.8,98.2,133.0,494,0,1679,loss_limit,3456834,False,2026-07-14T09:29:30+08:00
predictions,fixed:combo:大单:pc28_netdisk_regular,target100_limit99,2026-08,6358,1577,-98.6,1.4,1.4,98.6,134.8,352,0,1225,loss_limit,3465484,False,2026-08-04T22:10:30+08:00
predictions,fixed:combo:大单:pc28_netdisk_regular,target100_limit99,2026-09,2813,2813,5.2,105.2,63.4,36.6,66.0,671,0,2142,sample_end,3479182,False,2026-09-07T23:55:30+08:00
predictions,fixed:combo:大双:pc28_high_regular,target100_bankroll,2026-07,9246,4653,101.34,201.34,15.92,84.08,125.88,603,666,3384,profit_target,3459314,True,2026-07-20T13:27:30+08:00
predictions,fixed:combo:大双:pc28_high_regular,target100_bankroll,2026-08,6358,4828,-99.14,0.86,0.86,99.14,171.98,587,749,3492,insufficient_for_one_unit,3468790,False,2026-08-13T03:25:30+08:00
predictions,fixed:combo:大双:pc28_high_regular,target100_bankroll,2026-09,2813,2813,-7.32,92.68,48.7,51.3,107.58,356,392,2065,sample_end,3479182,False,2026-09-07T23:55:30+08:00
predictions,fixed:combo:大双:pc28_high_regular,target100_limit99,2026-07,9246,4653,101.34,201.34,15.92,84.08,125.88,603,666,3384,profit_target,3459314,True,2026-07-20T13:27:30+08:00
predictions,fixed:combo:大双:pc28_high_regular,target100_limit99,2026-08,6358,4827,-98.14,1.86,1.86,98.14,170.98,587,749,3491,loss_limit,3468789,False,2026-08-13T03:22:00+08:00
predictions,fixed:combo:大双:pc28_high_regular,target100_limit99,2026-09,2813,2813,-7.32,92.68,48.7,51.3,107.58,356,392,2065,sample_end,3479182,False,2026-09-07T23:55:30+08:00
predictions,fixed:combo:大双:pc28_netdisk_regular,target100_bankroll,2026-07,9246,2364,-99.6,0.4,0.4,99.6,107.0,629,0,1735,insufficient_for_one_unit,3457025,False,2026-07-14T21:11:00+08:00
predictions,fixed:combo:大双:pc28_netdisk_regular,target100_bankroll,2026-08,6358,6346,-100.0,0.0,0.0,100.0,154.6,1735,0,4611,bankrupt,3476357,False,2026-08-31T23:17:00+08:00
predictions,fixed:combo:大双:pc28_netdisk_regular,target100_bankroll,2026-09,2813,1806,-99.6,0.4,0.4,99.6,122.0,474,0,1332,insufficient_for_one_unit,3478175,False,2026-09-05T11:32:00+08:00
predictions,fixed:combo:大双:pc28_netdisk_regular,target100_limit99,2026-07,9246,2359,-98.2,1.8,1.8,98.2,105.6,628,0,1731,loss_limit,3457020,False,2026-07-14T20:53:30+08:00
predictions,fixed:combo:大双:pc28_netdisk_regular,target100_limit99,2026-08,6358,6345,-99.0,1.0,1.0,99.0,153.6,1735,0,4610,loss_limit,3476356,False,2026-08-31T23:13:30+08:00
predictions,fixed:combo:大双:pc28_netdisk_regular,target100_limit99,2026-09,2813,1805,-98.6,1.4,1.4,98.6,121.0,474,0,1331,loss_limit,3478174,False,2026-09-05T11:28:30+08:00
predictions,fixed:combo:小单:pc28_high_regular,target100_bankroll,2026-07,9246,3742,-99.1,0.9,0.9,99.1,143.4,455,558,2729,insufficient_for_one_unit,3458403,False,2026-07-18T07:13:00+08:00
predictions,fixed:combo:小单:pc28_high_regular,target100_bankroll,2026-08,6358,1474,-99.5,0.5,0.5,99.5,114.96,175,188,1111,insufficient_for_one_unit,3465381,False,2026-08-04T15:37:00+08:00
predictions,fixed:combo:小单:pc28_high_regular,target100_bankroll,2026-09,2813,2687,-99.6,0.4,0.4,99.6,154.1,330,350,2007,insufficient_for_one_unit,3479056,False,2026-09-07T16:01:30+08:00
predictions,fixed:combo:小单:pc28_high_regular,target100_limit99,2026-07,9246,3660,-98.9,1.1,1.1,98.9,143.2,445,544,2671,loss_limit,3458321,False,2026-07-18T02:26:00+08:00
predictions,fixed:combo:小单:pc28_high_regular,target100_limit99,2026-08,6358,1465,-98.28,1.72,1.72,98.28,113.74,174,187,1104,loss_limit,3465372,False,2026-08-04T15:05:30+08:00
predictions,fixed:combo:小单:pc28_high_regular,target100_limit99,2026-09,2813,2686,-98.6,1.4,1.4,98.6,153.1,330,350,2006,loss_limit,3479055,False,2026-09-07T15:58:00+08:00
predictions,fixed:combo:小单:pc28_netdisk_regular,target100_bankroll,2026-07,9246,3660,-99.6,0.4,0.4,99.6,107.6,989,0,2671,insufficient_for_one_unit,3458321,False,2026-07-18T02:26:00+08:00
predictions,fixed:combo:小单:pc28_netdisk_regular,target100_bankroll,2026-08,6358,697,-99.4,0.6,0.6,99.4,103.8,166,0,531,insufficient_for_one_unit,3464604,False,2026-08-02T17:11:30+08:00
predictions,fixed:combo:小单:pc28_netdisk_regular,target100_bankroll,2026-09,2813,1669,-99.4,0.6,0.6,99.4,115.6,436,0,1233,insufficient_for_one_unit,3478038,False,2026-09-05T03:32:30+08:00
predictions,fixed:combo:小单:pc28_netdisk_regular,target100_limit99,2026-07,9246,3659,-98.6,1.4,1.4,98.6,106.6,989,0,2670,loss_limit,3458320,False,2026-07-18T02:22:30+08:00
predictions,fixed:combo:小单:pc28_netdisk_regular,target100_limit99,2026-08,6358,696,-98.4,1.6,1.6,98.4,102.8,166,0,530,loss_limit,3464603,False,2026-08-02T17:08:00+08:00
predictions,fixed:combo:小单:pc28_netdisk_regular,target100_limit99,2026-09,2813,1668,-98.4,1.6,1.6,98.4,114.6,436,0,1232,loss_limit,3478037,False,2026-09-05T03:29:00+08:00
predictions,fixed:combo:小双:pc28_high_regular,target100_bankroll,2026-07,9246,814,101.89,201.89,95.0,5.0,43.1,133,74,607,profit_target,3455475,True,2026-07-11T00:34:00+08:00
predictions,fixed:combo:小双:pc28_high_regular,target100_bankroll,2026-08,6358,973,101.48,201.48,75.99,24.01,63.01,156,87,730,profit_target,3464880,True,2026-08-03T09:50:30+08:00
predictions,fixed:combo:小双:pc28_high_regular,target100_bankroll,2026-09,2813,1095,-99.8,0.2,0.2,99.8,104.8,140,109,846,insufficient_for_one_unit,3477464,False,2026-09-03T16:57:30+08:00
predictions,fixed:combo:小双:pc28_high_regular,target100_limit99,2026-07,9246,814,101.89,201.89,95.0,5.0,43.1,133,74,607,profit_target,3455475,True,2026-07-11T00:34:00+08:00
predictions,fixed:combo:小双:pc28_high_regular,target100_limit99,2026-08,6358,973,101.48,201.48,75.99,24.01,63.01,156,87,730,profit_target,3464880,True,2026-08-03T09:50:30+08:00
predictions,fixed:combo:小双:pc28_high_regular,target100_limit99,2026-09,2813,1094,-98.8,1.2,1.2,98.8,103.8,140,109,845,loss_limit,3477463,False,2026-09-03T16:54:00+08:00
predictions,fixed:combo:小双:pc28_netdisk_regular,target100_bankroll,2026-07,9246,2561,-99.8,0.2,0.2,99.8,155.4,586,0,1975,insufficient_for_one_unit,3457222,False,2026-07-15T08:40:30+08:00
predictions,fixed:combo:小双:pc28_netdisk_regular,target100_bankroll,2026-08,6358,1554,100.8,200.8,55.4,44.6,50.0,394,0,1160,profit_target,3465461,True,2026-08-04T20:50:00+08:00
predictions,fixed:combo:小双:pc28_netdisk_regular,target100_bankroll,2026-09,2813,2813,43.0,143.0,16.0,84.0,84.0,680,0,2133,sample_end,3479182,False,2026-09-07T23:55:30+08:00
predictions,fixed:combo:小双:pc28_netdisk_regular,target100_limit99,2026-07,9246,2560,-98.8,1.2,1.2,98.8,154.4,586,0,1974,loss_limit,3457221,False,2026-07-15T08:37:00+08:00
predictions,fixed:combo:小双:pc28_netdisk_regular,target100_limit99,2026-08,6358,1554,100.8,200.8,55.4,44.6,50.0,394,0,1160,profit_target,3465461,True,2026-08-04T20:50:00+08:00
predictions,fixed:combo:小双:pc28_netdisk_regular,target100_limit99,2026-09,2813,2813,43.0,143.0,16.0,84.0,84.0,680,0,2133,sample_end,3479182,False,2026-09-07T23:55:30+08:00
predictions,fixed:number:0:pc28_high_regular,target100_bankroll,2026-07,9246,100,-100.0,0.0,0.0,100.0,100.0,0,0,100,bankrupt,3454761,False,2026-07-09T05:49:00+08:00
predictions,fixed:number:0:pc28_high_regular,target100_bankroll,2026-08,6358,100,-100.0,0.0,0.0,100.0,100.0,0,0,100,bankrupt,3464007,False,2026-08-01T05:49:00+08:00
predictions,fixed:number:0:pc28_high_regular,target100_bankroll,2026-09,2813,100,-100.0,0.0,0.0,100.0,100.0,0,0,100,bankrupt,3476469,False,2026-09-01T05:49:00+08:00
predictions,fixed:number:0:pc28_high_regular,target100_limit99,2026-07,9246,99,-99.0,1.0,1.0,99.0,99.0,0,0,99,loss_limit,3454760,False,2026-07-09T05:45:30+08:00
predictions,fixed:number:0:pc28_high_regular,target100_limit99,2026-08,6358,99,-99.0,1.0,1.0,99.0,99.0,0,0,99,loss_limit,3464006,False,2026-08-01T05:45:30+08:00
predictions,fixed:number:0:pc28_high_regular,target100_limit99,2026-09,2813,99,-99.0,1.0,1.0,99.0,99.0,0,0,99,loss_limit,3476468,False,2026-09-01T05:45:30+08:00
predictions,fixed:number:0:pc28_netdisk_regular,target100_bankroll,2026-07,9246,100,-100.0,0.0,0.0,100.0,100.0,0,0,100,bankrupt,3454761,False,2026-07-09T05:49:00+08:00
predictions,fixed:number:0:pc28_netdisk_regular,target100_bankroll,2026-08,6358,100,-100.0,0.0,0.0,100.0,100.0,0,0,100,bankrupt,3464007,False,2026-08-01T05:49:00+08:00
predictions,fixed:number:0:pc28_netdisk_regular,target100_bankroll,2026-09,2813,100,-100.0,0.0,0.0,100.0,100.0,0,0,100,bankrupt,3476469,False,2026-09-01T05:49:00+08:00
predictions,fixed:number:0:pc28_netdisk_regular,target100_limit99,2026-07,9246,99,-99.0,1.0,1.0,99.0,99.0,0,0,99,loss_limit,3454760,False,2026-07-09T05:45:30+08:00
predictions,fixed:number:0:pc28_netdisk_regular,target100_limit99,2026-08,6358,99,-99.0,1.0,1.0,99.0,99.0,0,0,99,loss_limit,3464006,False,2026-08-01T05:45:30+08:00
predictions,fixed:number:0:pc28_netdisk_regular,target100_limit99,2026-09,2813,99,-99.0,1.0,1.0,99.0,99.0,0,0,99,loss_limit,3476468,False,2026-09-01T05:45:30+08:00
predictions,fixed:number:10:pc28_high_regular,target100_bankroll,2026-07,9246,863,103.0,203.0,30.0,70.0,86.0,69,0,794,profit_target,3455524,True,2026-07-11T03:25:30+08:00
predictions,fixed:number:10:pc28_high_regular,target100_bankroll,2026-08,6358,1668,-100.0,0.0,0.0,100.0,147.0,112,0,1556,bankrupt,3465575,False,2026-08-05T03:29:00+08:00
predictions,fixed:number:10:pc28_high_regular,target100_bankroll,2026-09,2813,1444,-100.0,0.0,0.0,100.0,189.0,96,0,1348,bankrupt,3477813,False,2026-09-04T13:52:00+08:00
predictions,fixed:number:10:pc28_high_regular,target100_limit99,2026-07,9246,863,103.0,203.0,30.0,70.0,86.0,69,0,794,profit_target,3455524,True,2026-07-11T03:25:30+08:00
predictions,fixed:number:10:pc28_high_regular,target100_limit99,2026-08,6358,1667,-99.0,1.0,1.0,99.0,146.0,112,0,1555,loss_limit,3465574,False,2026-08-05T03:25:30+08:00
predictions,fixed:number:10:pc28_high_regular,target100_limit99,2026-09,2813,1443,-99.0,1.0,1.0,99.0,188.0,96,0,1347,loss_limit,3477812,False,2026-09-04T13:48:30+08:00
predictions,fixed:number:10:pc28_netdisk_regular,target100_bankroll,2026-07,9246,863,103.0,203.0,30.0,70.0,86.0,69,0,794,profit_target,3455524,True,2026-07-11T03:25:30+08:00
predictions,fixed:number:10:pc28_netdisk_regular,target100_bankroll,2026-08,6358,1668,-100.0,0.0,0.0,100.0,147.0,112,0,1556,bankrupt,3465575,False,2026-08-05T03:29:00+08:00
predictions,fixed:number:10:pc28_netdisk_regular,target100_bankroll,2026-09,2813,1444,-100.0,0.0,0.0,100.0,189.0,96,0,1348,bankrupt,3477813,False,2026-09-04T13:52:00+08:00
predictions,fixed:number:10:pc28_netdisk_regular,target100_limit99,2026-07,9246,863,103.0,203.0,30.0,70.0,86.0,69,0,794,profit_target,3455524,True,2026-07-11T03:25:30+08:00
predictions,fixed:number:10:pc28_netdisk_regular,target100_limit99,2026-08,6358,1667,-99.0,1.0,1.0,99.0,146.0,112,0,1555,loss_limit,3465574,False,2026-08-05T03:25:30+08:00
predictions,fixed:number:10:pc28_netdisk_regular,target100_limit99,2026-09,2813,1443,-99.0,1.0,1.0,99.0,188.0,96,0,1347,loss_limit,3477812,False,2026-09-04T13:48:30+08:00
predictions,fixed:number:11:pc28_high_regular,target100_bankroll,2026-07,9246,1192,-100.0,0.0,0.0,100.0,116.0,84,0,1108,bankrupt,3455853,False,2026-07-11T23:10:00+08:00
predictions,fixed:number:11:pc28_high_regular,target100_bankroll,2026-08,6358,217,-100.0,0.0,0.0,100.0,106.0,9,0,208,bankrupt,3464124,False,2026-08-01T12:38:30+08:00
predictions,fixed:number:11:pc28_high_regular,target100_bankroll,2026-09,2813,399,-100.0,0.0,0.0,100.0,100.0,23,0,376,bankrupt,3476768,False,2026-09-01T23:48:30+08:00
predictions,fixed:number:11:pc28_high_regular,target100_limit99,2026-07,9246,1191,-99.0,1.0,1.0,99.0,115.0,84,0,1107,loss_limit,3455852,False,2026-07-11T23:06:30+08:00
predictions,fixed:number:11:pc28_high_regular,target100_limit99,2026-08,6358,216,-99.0,1.0,1.0,99.0,105.0,9,0,207,loss_limit,3464123,False,2026-08-01T12:35:00+08:00
predictions,fixed:number:11:pc28_high_regular,target100_limit99,2026-09,2813,398,-99.0,1.0,1.0,99.0,99.0,23,0,375,loss_limit,3476767,False,2026-09-01T23:45:00+08:00
predictions,fixed:number:11:pc28_netdisk_regular,target100_bankroll,2026-07,9246,1192,-100.0,0.0,0.0,100.0,116.0,84,0,1108,bankrupt,3455853,False,2026-07-11T23:10:00+08:00
predictions,fixed:number:11:pc28_netdisk_regular,target100_bankroll,2026-08,6358,217,-100.0,0.0,0.0,100.0,106.0,9,0,208,bankrupt,3464124,False,2026-08-01T12:38:30+08:00
predictions,fixed:number:11:pc28_netdisk_regular,target100_bankroll,2026-09,2813,399,-100.0,0.0,0.0,100.0,100.0,23,0,376,bankrupt,3476768,False,2026-09-01T23:48:30+08:00
predictions,fixed:number:11:pc28_netdisk_regular,target100_limit99,2026-07,9246,1191,-99.0,1.0,1.0,99.0,115.0,84,0,1107,loss_limit,3455852,False,2026-07-11T23:06:30+08:00
predictions,fixed:number:11:pc28_netdisk_regular,target100_limit99,2026-08,6358,216,-99.0,1.0,1.0,99.0,105.0,9,0,207,loss_limit,3464123,False,2026-08-01T12:35:00+08:00
predictions,fixed:number:11:pc28_netdisk_regular,target100_limit99,2026-09,2813,398,-99.0,1.0,1.0,99.0,99.0,23,0,375,loss_limit,3476767,False,2026-09-01T23:45:00+08:00
predictions,fixed:number:12:pc28_high_regular,target100_bankroll,2026-07,9246,700,-100.0,0.0,0.0,100.0,117.0,50,0,650,bankrupt,3455361,False,2026-07-10T17:22:00+08:00
predictions,fixed:number:12:pc28_high_regular,target100_bankroll,2026-08,6358,772,-100.0,0.0,0.0,100.0,109.0,56,0,716,bankrupt,3464679,False,2026-08-02T22:07:00+08:00
predictions,fixed:number:12:pc28_high_regular,target100_bankroll,2026-09,2813,412,-100.0,0.0,0.0,100.0,119.0,26,0,386,bankrupt,3476781,False,2026-09-02T00:34:00+08:00
predictions,fixed:number:12:pc28_high_regular,target100_limit99,2026-07,9246,675,-99.0,1.0,1.0,99.0,116.0,48,0,627,loss_limit,3455336,False,2026-07-10T15:54:30+08:00
predictions,fixed:number:12:pc28_high_regular,target100_limit99,2026-08,6358,771,-99.0,1.0,1.0,99.0,108.0,56,0,715,loss_limit,3464678,False,2026-08-02T22:03:30+08:00
predictions,fixed:number:12:pc28_high_regular,target100_limit99,2026-09,2813,411,-99.0,1.0,1.0,99.0,118.0,26,0,385,loss_limit,3476780,False,2026-09-02T00:30:30+08:00
predictions,fixed:number:12:pc28_netdisk_regular,target100_bankroll,2026-07,9246,700,-100.0,0.0,0.0,100.0,117.0,50,0,650,bankrupt,3455361,False,2026-07-10T17:22:00+08:00
predictions,fixed:number:12:pc28_netdisk_regular,target100_bankroll,2026-08,6358,772,-100.0,0.0,0.0,100.0,109.0,56,0,716,bankrupt,3464679,False,2026-08-02T22:07:00+08:00
predictions,fixed:number:12:pc28_netdisk_regular,target100_bankroll,2026-09,2813,412,-100.0,0.0,0.0,100.0,119.0,26,0,386,bankrupt,3476781,False,2026-09-02T00:34:00+08:00
predictions,fixed:number:12:pc28_netdisk_regular,target100_limit99,2026-07,9246,675,-99.0,1.0,1.0,99.0,116.0,48,0,627,loss_limit,3455336,False,2026-07-10T15:54:30+08:00
predictions,fixed:number:12:pc28_netdisk_regular,target100_limit99,2026-08,6358,771,-99.0,1.0,1.0,99.0,108.0,56,0,715,loss_limit,3464678,False,2026-08-02T22:03:30+08:00
predictions,fixed:number:12:pc28_netdisk_regular,target100_limit99,2026-09,2813,411,-99.0,1.0,1.0,99.0,118.0,26,0,385,loss_limit,3476780,False,2026-09-02T00:30:30+08:00
predictions,fixed:number:13:pc28_high_regular,target100_bankroll,2026-07,9246,760,-100.0,0.0,0.0,100.0,134.0,55,0,705,bankrupt,3455421,False,2026-07-10T21:25:00+08:00
predictions,fixed:number:13:pc28_high_regular,target100_bankroll,2026-08,6358,196,-100.0,0.0,0.0,100.0,103.0,8,0,188,bankrupt,3464103,False,2026-08-01T11:25:00+08:00
predictions,fixed:number:13:pc28_high_regular,target100_bankroll,2026-09,2813,412,-100.0,0.0,0.0,100.0,136.0,26,0,386,bankrupt,3476781,False,2026-09-02T00:34:00+08:00
predictions,fixed:number:13:pc28_high_regular,target100_limit99,2026-07,9246,759,-99.0,1.0,1.0,99.0,133.0,55,0,704,loss_limit,3455420,False,2026-07-10T21:21:30+08:00
predictions,fixed:number:13:pc28_high_regular,target100_limit99,2026-08,6358,195,-99.0,1.0,1.0,99.0,102.0,8,0,187,loss_limit,3464102,False,2026-08-01T11:21:30+08:00
predictions,fixed:number:13:pc28_high_regular,target100_limit99,2026-09,2813,411,-99.0,1.0,1.0,99.0,135.0,26,0,385,loss_limit,3476780,False,2026-09-02T00:30:30+08:00
predictions,fixed:number:13:pc28_netdisk_regular,target100_bankroll,2026-07,9246,760,-100.0,0.0,0.0,100.0,134.0,55,0,705,bankrupt,3455421,False,2026-07-10T21:25:00+08:00
predictions,fixed:number:13:pc28_netdisk_regular,target100_bankroll,2026-08,6358,196,-100.0,0.0,0.0,100.0,103.0,8,0,188,bankrupt,3464103,False,2026-08-01T11:25:00+08:00
predictions,fixed:number:13:pc28_netdisk_regular,target100_bankroll,2026-09,2813,412,-100.0,0.0,0.0,100.0,136.0,26,0,386,bankrupt,3476781,False,2026-09-02T00:34:00+08:00
predictions,fixed:number:13:pc28_netdisk_regular,target100_limit99,2026-07,9246,759,-99.0,1.0,1.0,99.0,133.0,55,0,704,loss_limit,3455420,False,2026-07-10T21:21:30+08:00
predictions,fixed:number:13:pc28_netdisk_regular,target100_limit99,2026-08,6358,195,-99.0,1.0,1.0,99.0,102.0,8,0,187,loss_limit,3464102,False,2026-08-01T11:21:30+08:00
predictions,fixed:number:13:pc28_netdisk_regular,target100_limit99,2026-09,2813,411,-99.0,1.0,1.0,99.0,135.0,26,0,385,loss_limit,3476780,False,2026-09-02T00:30:30+08:00
predictions,fixed:number:14:pc28_high_regular,target100_bankroll,2026-07,9246,556,-100.0,0.0,0.0,100.0,106.0,38,0,518,bankrupt,3455217,False,2026-07-10T08:58:00+08:00
predictions,fixed:number:14:pc28_high_regular,target100_bankroll,2026-08,6358,2248,-100.0,0.0,0.0,100.0,194.0,179,0,2069,bankrupt,3466200,False,2026-08-06T16:29:30+08:00
predictions,fixed:number:14:pc28_high_regular,target100_bankroll,2026-09,2813,820,-100.0,0.0,0.0,100.0,152.0,60,0,760,bankrupt,3477189,False,2026-09-03T00:55:00+08:00
predictions,fixed:number:14:pc28_high_regular,target100_limit99,2026-07,9246,555,-99.0,1.0,1.0,99.0,105.0,38,0,517,loss_limit,3455216,False,2026-07-10T08:54:30+08:00
predictions,fixed:number:14:pc28_high_regular,target100_limit99,2026-08,6358,2247,-99.0,1.0,1.0,99.0,193.0,179,0,2068,loss_limit,3466199,False,2026-08-06T16:26:00+08:00
predictions,fixed:number:14:pc28_high_regular,target100_limit99,2026-09,2813,819,-99.0,1.0,1.0,99.0,151.0,60,0,759,loss_limit,3477188,False,2026-09-03T00:51:30+08:00
predictions,fixed:number:14:pc28_netdisk_regular,target100_bankroll,2026-07,9246,556,-100.0,0.0,0.0,100.0,106.0,38,0,518,bankrupt,3455217,False,2026-07-10T08:58:00+08:00
predictions,fixed:number:14:pc28_netdisk_regular,target100_bankroll,2026-08,6358,2248,-100.0,0.0,0.0,100.0,194.0,179,0,2069,bankrupt,3466200,False,2026-08-06T16:29:30+08:00
predictions,fixed:number:14:pc28_netdisk_regular,target100_bankroll,2026-09,2813,820,-100.0,0.0,0.0,100.0,152.0,60,0,760,bankrupt,3477189,False,2026-09-03T00:55:00+08:00
predictions,fixed:number:14:pc28_netdisk_regular,target100_limit99,2026-07,9246,555,-99.0,1.0,1.0,99.0,105.0,38,0,517,loss_limit,3455216,False,2026-07-10T08:54:30+08:00
predictions,fixed:number:14:pc28_netdisk_regular,target100_limit99,2026-08,6358,2247,-99.0,1.0,1.0,99.0,193.0,179,0,2068,loss_limit,3466199,False,2026-08-06T16:26:00+08:00
predictions,fixed:number:14:pc28_netdisk_regular,target100_limit99,2026-09,2813,819,-99.0,1.0,1.0,99.0,151.0,60,0,759,loss_limit,3477188,False,2026-09-03T00:51:30+08:00
predictions,fixed:number:15:pc28_high_regular,target100_bankroll,2026-07,9246,400,-100.0,0.0,0.0,100.0,117.0,25,0,375,bankrupt,3455061,False,2026-07-09T23:52:00+08:00
predictions,fixed:number:15:pc28_high_regular,target100_bankroll,2026-08,6358,568,-100.0,0.0,0.0,100.0,128.0,39,0,529,bankrupt,3464475,False,2026-08-02T09:40:00+08:00
predictions,fixed:number:15:pc28_high_regular,target100_bankroll,2026-09,2813,544,-100.0,0.0,0.0,100.0,135.0,37,0,507,bankrupt,3476913,False,2026-09-02T08:16:00+08:00
predictions,fixed:number:15:pc28_high_regular,target100_limit99,2026-07,9246,399,-99.0,1.0,1.0,99.0,116.0,25,0,374,loss_limit,3455060,False,2026-07-09T23:48:30+08:00
predictions,fixed:number:15:pc28_high_regular,target100_limit99,2026-08,6358,567,-99.0,1.0,1.0,99.0,127.0,39,0,528,loss_limit,3464474,False,2026-08-02T09:36:30+08:00
predictions,fixed:number:15:pc28_high_regular,target100_limit99,2026-09,2813,543,-99.0,1.0,1.0,99.0,134.0,37,0,506,loss_limit,3476912,False,2026-09-02T08:12:30+08:00
predictions,fixed:number:15:pc28_netdisk_regular,target100_bankroll,2026-07,9246,400,-100.0,0.0,0.0,100.0,117.0,25,0,375,bankrupt,3455061,False,2026-07-09T23:52:00+08:00
predictions,fixed:number:15:pc28_netdisk_regular,target100_bankroll,2026-08,6358,568,-100.0,0.0,0.0,100.0,128.0,39,0,529,bankrupt,3464475,False,2026-08-02T09:40:00+08:00
predictions,fixed:number:15:pc28_netdisk_regular,target100_bankroll,2026-09,2813,544,-100.0,0.0,0.0,100.0,135.0,37,0,507,bankrupt,3476913,False,2026-09-02T08:16:00+08:00
predictions,fixed:number:15:pc28_netdisk_regular,target100_limit99,2026-07,9246,399,-99.0,1.0,1.0,99.0,116.0,25,0,374,loss_limit,3455060,False,2026-07-09T23:48:30+08:00
predictions,fixed:number:15:pc28_netdisk_regular,target100_limit99,2026-08,6358,567,-99.0,1.0,1.0,99.0,127.0,39,0,528,loss_limit,3464474,False,2026-08-02T09:36:30+08:00
predictions,fixed:number:15:pc28_netdisk_regular,target100_limit99,2026-09,2813,543,-99.0,1.0,1.0,99.0,134.0,37,0,506,loss_limit,3476912,False,2026-09-02T08:12:30+08:00
predictions,fixed:number:16:pc28_high_regular,target100_bankroll,2026-07,9246,204,-100.0,0.0,0.0,100.0,112.0,8,0,196,bankrupt,3454865,False,2026-07-09T11:53:00+08:00
predictions,fixed:number:16:pc28_high_regular,target100_bankroll,2026-08,6358,984,-100.0,0.0,0.0,100.0,159.0,68,0,916,bankrupt,3464891,False,2026-08-03T10:29:00+08:00
predictions,fixed:number:16:pc28_high_regular,target100_bankroll,2026-09,2813,191,-100.0,0.0,0.0,100.0,100.0,7,0,184,bankrupt,3476560,False,2026-09-01T11:07:30+08:00
predictions,fixed:number:16:pc28_high_regular,target100_limit99,2026-07,9246,203,-99.0,1.0,1.0,99.0,111.0,8,0,195,loss_limit,3454864,False,2026-07-09T11:49:30+08:00
predictions,fixed:number:16:pc28_high_regular,target100_limit99,2026-08,6358,983,-99.0,1.0,1.0,99.0,158.0,68,0,915,loss_limit,3464890,False,2026-08-03T10:25:30+08:00
predictions,fixed:number:16:pc28_high_regular,target100_limit99,2026-09,2813,190,-99.0,1.0,1.0,99.0,99.0,7,0,183,loss_limit,3476559,False,2026-09-01T11:04:00+08:00
predictions,fixed:number:16:pc28_netdisk_regular,target100_bankroll,2026-07,9246,204,-100.0,0.0,0.0,100.0,112.0,8,0,196,bankrupt,3454865,False,2026-07-09T11:53:00+08:00
predictions,fixed:number:16:pc28_netdisk_regular,target100_bankroll,2026-08,6358,984,-100.0,0.0,0.0,100.0,159.0,68,0,916,bankrupt,3464891,False,2026-08-03T10:29:00+08:00
predictions,fixed:number:16:pc28_netdisk_regular,target100_bankroll,2026-09,2813,191,-100.0,0.0,0.0,100.0,100.0,7,0,184,bankrupt,3476560,False,2026-09-01T11:07:30+08:00
predictions,fixed:number:16:pc28_netdisk_regular,target100_limit99,2026-07,9246,203,-99.0,1.0,1.0,99.0,111.0,8,0,195,loss_limit,3454864,False,2026-07-09T11:49:30+08:00
predictions,fixed:number:16:pc28_netdisk_regular,target100_limit99,2026-08,6358,983,-99.0,1.0,1.0,99.0,158.0,68,0,915,loss_limit,3464890,False,2026-08-03T10:25:30+08:00
predictions,fixed:number:16:pc28_netdisk_regular,target100_limit99,2026-09,2813,190,-99.0,1.0,1.0,99.0,99.0,7,0,183,loss_limit,3476559,False,2026-09-01T11:04:00+08:00
predictions,fixed:number:17:pc28_high_regular,target100_bankroll,2026-07,9246,1150,-100.0,0.0,0.0,100.0,138.0,75,0,1075,bankrupt,3455811,False,2026-07-11T20:43:00+08:00
predictions,fixed:number:17:pc28_high_regular,target100_bankroll,2026-08,6358,170,-100.0,0.0,0.0,100.0,100.0,5,0,165,bankrupt,3464077,False,2026-08-01T09:54:00+08:00
predictions,fixed:number:17:pc28_high_regular,target100_bankroll,2026-09,2813,394,-100.0,0.0,0.0,100.0,142.0,21,0,373,bankrupt,3476763,False,2026-09-01T23:31:00+08:00
predictions,fixed:number:17:pc28_high_regular,target100_limit99,2026-07,9246,1149,-99.0,1.0,1.0,99.0,137.0,75,0,1074,loss_limit,3455810,False,2026-07-11T20:39:30+08:00
predictions,fixed:number:17:pc28_high_regular,target100_limit99,2026-08,6358,169,-99.0,1.0,1.0,99.0,99.0,5,0,164,loss_limit,3464076,False,2026-08-01T09:50:30+08:00
predictions,fixed:number:17:pc28_high_regular,target100_limit99,2026-09,2813,393,-99.0,1.0,1.0,99.0,141.0,21,0,372,loss_limit,3476762,False,2026-09-01T23:27:30+08:00
predictions,fixed:number:17:pc28_netdisk_regular,target100_bankroll,2026-07,9246,1150,-100.0,0.0,0.0,100.0,138.0,75,0,1075,bankrupt,3455811,False,2026-07-11T20:43:00+08:00
predictions,fixed:number:17:pc28_netdisk_regular,target100_bankroll,2026-08,6358,170,-100.0,0.0,0.0,100.0,100.0,5,0,165,bankrupt,3464077,False,2026-08-01T09:54:00+08:00
predictions,fixed:number:17:pc28_netdisk_regular,target100_bankroll,2026-09,2813,394,-100.0,0.0,0.0,100.0,142.0,21,0,373,bankrupt,3476763,False,2026-09-01T23:31:00+08:00
predictions,fixed:number:17:pc28_netdisk_regular,target100_limit99,2026-07,9246,1149,-99.0,1.0,1.0,99.0,137.0,75,0,1074,loss_limit,3455810,False,2026-07-11T20:39:30+08:00
predictions,fixed:number:17:pc28_netdisk_regular,target100_limit99,2026-08,6358,169,-99.0,1.0,1.0,99.0,99.0,5,0,164,loss_limit,3464076,False,2026-08-01T09:50:30+08:00
predictions,fixed:number:17:pc28_netdisk_regular,target100_limit99,2026-09,2813,393,-99.0,1.0,1.0,99.0,141.0,21,0,372,loss_limit,3476762,False,2026-09-01T23:27:30+08:00
predictions,fixed:number:18:pc28_high_regular,target100_bankroll,2026-07,9246,1900,-100.0,0.0,0.0,100.0,183.0,120,0,1780,bankrupt,3456561,False,2026-07-13T17:01:00+08:00
predictions,fixed:number:18:pc28_high_regular,target100_bankroll,2026-08,6358,460,-100.0,0.0,0.0,100.0,129.0,24,0,436,bankrupt,3464367,False,2026-08-02T03:22:00+08:00
predictions,fixed:number:18:pc28_high_regular,target100_bankroll,2026-09,2813,475,-100.0,0.0,0.0,100.0,100.0,25,0,450,bankrupt,3476844,False,2026-09-02T04:14:30+08:00
predictions,fixed:number:18:pc28_high_regular,target100_limit99,2026-07,9246,1899,-99.0,1.0,1.0,99.0,182.0,120,0,1779,loss_limit,3456560,False,2026-07-13T16:57:30+08:00
predictions,fixed:number:18:pc28_high_regular,target100_limit99,2026-08,6358,459,-99.0,1.0,1.0,99.0,128.0,24,0,435,loss_limit,3464366,False,2026-08-02T03:18:30+08:00
predictions,fixed:number:18:pc28_high_regular,target100_limit99,2026-09,2813,354,-99.0,1.0,1.0,99.0,99.0,17,0,337,loss_limit,3476723,False,2026-09-01T21:11:00+08:00
predictions,fixed:number:18:pc28_netdisk_regular,target100_bankroll,2026-07,9246,1900,-100.0,0.0,0.0,100.0,183.0,120,0,1780,bankrupt,3456561,False,2026-07-13T17:01:00+08:00
predictions,fixed:number:18:pc28_netdisk_regular,target100_bankroll,2026-08,6358,460,-100.0,0.0,0.0,100.0,129.0,24,0,436,bankrupt,3464367,False,2026-08-02T03:22:00+08:00
predictions,fixed:number:18:pc28_netdisk_regular,target100_bankroll,2026-09,2813,475,-100.0,0.0,0.0,100.0,100.0,25,0,450,bankrupt,3476844,False,2026-09-02T04:14:30+08:00
predictions,fixed:number:18:pc28_netdisk_regular,target100_limit99,2026-07,9246,1899,-99.0,1.0,1.0,99.0,182.0,120,0,1779,loss_limit,3456560,False,2026-07-13T16:57:30+08:00
predictions,fixed:number:18:pc28_netdisk_regular,target100_limit99,2026-08,6358,459,-99.0,1.0,1.0,99.0,128.0,24,0,435,loss_limit,3464366,False,2026-08-02T03:18:30+08:00
predictions,fixed:number:18:pc28_netdisk_regular,target100_limit99,2026-09,2813,354,-99.0,1.0,1.0,99.0,99.0,17,0,337,loss_limit,3476723,False,2026-09-01T21:11:00+08:00
predictions,fixed:number:19:pc28_high_regular,target100_bankroll,2026-07,9246,49,113.0,213.0,97.0,3.0,8.0,9,0,40,profit_target,3454710,True,2026-07-09T02:50:30+08:00
predictions,fixed:number:19:pc28_high_regular,target100_bankroll,2026-08,6358,1198,-100.0,0.0,0.0,100.0,157.0,61,0,1137,bankrupt,3465105,False,2026-08-03T23:31:00+08:00
predictions,fixed:number:19:pc28_high_regular,target100_bankroll,2026-09,2813,370,-100.0,0.0,0.0,100.0,126.0,15,0,355,bankrupt,3476739,False,2026-09-01T22:07:00+08:00
predictions,fixed:number:19:pc28_high_regular,target100_limit99,2026-07,9246,49,113.0,213.0,97.0,3.0,8.0,9,0,40,profit_target,3454710,True,2026-07-09T02:50:30+08:00
predictions,fixed:number:19:pc28_high_regular,target100_limit99,2026-08,6358,1197,-99.0,1.0,1.0,99.0,156.0,61,0,1136,loss_limit,3465104,False,2026-08-03T23:27:30+08:00
predictions,fixed:number:19:pc28_high_regular,target100_limit99,2026-09,2813,369,-99.0,1.0,1.0,99.0,125.0,15,0,354,loss_limit,3476738,False,2026-09-01T22:03:30+08:00
predictions,fixed:number:19:pc28_netdisk_regular,target100_bankroll,2026-07,9246,49,104.0,204.0,97.0,3.0,8.0,9,0,40,profit_target,3454710,True,2026-07-09T02:50:30+08:00
predictions,fixed:number:19:pc28_netdisk_regular,target100_bankroll,2026-08,6358,678,-100.0,0.0,0.0,100.0,151.0,34,0,644,bankrupt,3464585,False,2026-08-02T16:05:00+08:00
predictions,fixed:number:19:pc28_netdisk_regular,target100_bankroll,2026-09,2813,338,-100.0,0.0,0.0,100.0,120.0,14,0,324,bankrupt,3476707,False,2026-09-01T20:15:00+08:00
predictions,fixed:number:19:pc28_netdisk_regular,target100_limit99,2026-07,9246,49,104.0,204.0,97.0,3.0,8.0,9,0,40,profit_target,3454710,True,2026-07-09T02:50:30+08:00
predictions,fixed:number:19:pc28_netdisk_regular,target100_limit99,2026-08,6358,677,-99.0,1.0,1.0,99.0,150.0,34,0,643,loss_limit,3464584,False,2026-08-02T16:01:30+08:00
predictions,fixed:number:19:pc28_netdisk_regular,target100_limit99,2026-09,2813,337,-99.0,1.0,1.0,99.0,119.0,14,0,323,loss_limit,3476706,False,2026-09-01T20:11:30+08:00
predictions,fixed:number:1:pc28_high_regular,target100_bankroll,2026-07,9246,100,-100.0,0.0,0.0,100.0,100.0,0,0,100,bankrupt,3454761,False,2026-07-09T05:49:00+08:00
predictions,fixed:number:1:pc28_high_regular,target100_bankroll,2026-08,6358,97,203.0,303.0,4.0,96.0,96.0,1,0,96,profit_target,3464004,True,2026-08-01T05:38:30+08:00
predictions,fixed:number:1:pc28_high_regular,target100_bankroll,2026-09,2813,100,-100.0,0.0,0.0,100.0,100.0,0,0,100,bankrupt,3476469,False,2026-09-01T05:49:00+08:00
predictions,fixed:number:1:pc28_high_regular,target100_limit99,2026-07,9246,99,-99.0,1.0,1.0,99.0,99.0,0,0,99,loss_limit,3454760,False,2026-07-09T05:45:30+08:00
predictions,fixed:number:1:pc28_high_regular,target100_limit99,2026-08,6358,97,203.0,303.0,4.0,96.0,96.0,1,0,96,profit_target,3464004,True,2026-08-01T05:38:30+08:00
predictions,fixed:number:1:pc28_high_regular,target100_limit99,2026-09,2813,99,-99.0,1.0,1.0,99.0,99.0,0,0,99,loss_limit,3476468,False,2026-09-01T05:45:30+08:00
predictions,fixed:number:1:pc28_netdisk_regular,target100_bankroll,2026-07,9246,100,-100.0,0.0,0.0,100.0,100.0,0,0,100,bankrupt,3454761,False,2026-07-09T05:49:00+08:00
predictions,fixed:number:1:pc28_netdisk_regular,target100_bankroll,2026-08,6358,97,183.0,283.0,4.0,96.0,96.0,1,0,96,profit_target,3464004,True,2026-08-01T05:38:30+08:00
predictions,fixed:number:1:pc28_netdisk_regular,target100_bankroll,2026-09,2813,100,-100.0,0.0,0.0,100.0,100.0,0,0,100,bankrupt,3476469,False,2026-09-01T05:49:00+08:00
predictions,fixed:number:1:pc28_netdisk_regular,target100_limit99,2026-07,9246,99,-99.0,1.0,1.0,99.0,99.0,0,0,99,loss_limit,3454760,False,2026-07-09T05:45:30+08:00
predictions,fixed:number:1:pc28_netdisk_regular,target100_limit99,2026-08,6358,97,183.0,283.0,4.0,96.0,96.0,1,0,96,profit_target,3464004,True,2026-08-01T05:38:30+08:00
predictions,fixed:number:1:pc28_netdisk_regular,target100_limit99,2026-09,2813,99,-99.0,1.0,1.0,99.0,99.0,0,0,99,loss_limit,3476468,False,2026-09-01T05:45:30+08:00
predictions,fixed:number:20:pc28_high_regular,target100_bankroll,2026-07,9246,210,-100.0,0.0,0.0,100.0,101.0,5,0,205,bankrupt,3454871,False,2026-07-09T12:14:00+08:00
predictions,fixed:number:20:pc28_high_regular,target100_bankroll,2026-08,6358,430,-100.0,0.0,0.0,100.0,146.0,15,0,415,bankrupt,3464337,False,2026-08-02T01:37:00+08:00
predictions,fixed:number:20:pc28_high_regular,target100_bankroll,2026-09,2813,430,-100.0,0.0,0.0,100.0,150.0,15,0,415,bankrupt,3476799,False,2026-09-02T01:37:00+08:00
predictions,fixed:number:20:pc28_high_regular,target100_limit99,2026-07,9246,209,-99.0,1.0,1.0,99.0,100.0,5,0,204,loss_limit,3454870,False,2026-07-09T12:10:30+08:00
predictions,fixed:number:20:pc28_high_regular,target100_limit99,2026-08,6358,429,-99.0,1.0,1.0,99.0,145.0,15,0,414,loss_limit,3464336,False,2026-08-02T01:33:30+08:00
predictions,fixed:number:20:pc28_high_regular,target100_limit99,2026-09,2813,429,-99.0,1.0,1.0,99.0,149.0,15,0,414,loss_limit,3476798,False,2026-09-02T01:33:30+08:00
predictions,fixed:number:20:pc28_netdisk_regular,target100_bankroll,2026-07,9246,200,-100.0,0.0,0.0,100.0,100.0,5,0,195,bankrupt,3454861,False,2026-07-09T11:39:00+08:00
predictions,fixed:number:20:pc28_netdisk_regular,target100_bankroll,2026-08,6358,380,-100.0,0.0,0.0,100.0,135.0,14,0,366,bankrupt,3464287,False,2026-08-01T22:42:00+08:00
predictions,fixed:number:20:pc28_netdisk_regular,target100_bankroll,2026-09,2813,360,-100.0,0.0,0.0,100.0,144.0,13,0,347,bankrupt,3476729,False,2026-09-01T21:32:00+08:00
predictions,fixed:number:20:pc28_netdisk_regular,target100_limit99,2026-07,9246,199,-99.0,1.0,1.0,99.0,99.0,5,0,194,loss_limit,3454860,False,2026-07-09T11:35:30+08:00
predictions,fixed:number:20:pc28_netdisk_regular,target100_limit99,2026-08,6358,379,-99.0,1.0,1.0,99.0,134.0,14,0,365,loss_limit,3464286,False,2026-08-01T22:38:30+08:00
predictions,fixed:number:20:pc28_netdisk_regular,target100_limit99,2026-09,2813,359,-99.0,1.0,1.0,99.0,143.0,13,0,346,loss_limit,3476728,False,2026-09-01T21:28:30+08:00
predictions,fixed:number:21:pc28_high_regular,target100_bankroll,2026-07,9246,184,-100.0,0.0,0.0,100.0,106.0,3,0,181,bankrupt,3454845,False,2026-07-09T10:43:00+08:00
predictions,fixed:number:21:pc28_high_regular,target100_bankroll,2026-08,6358,520,-100.0,0.0,0.0,100.0,185.0,15,0,505,bankrupt,3464427,False,2026-08-02T06:52:00+08:00
predictions,fixed:number:21:pc28_high_regular,target100_bankroll,2026-09,2813,184,-100.0,0.0,0.0,100.0,115.0,3,0,181,bankrupt,3476553,False,2026-09-01T10:43:00+08:00
predictions,fixed:number:21:pc28_high_regular,target100_limit99,2026-07,9246,183,-99.0,1.0,1.0,99.0,105.0,3,0,180,loss_limit,3454844,False,2026-07-09T10:39:30+08:00
predictions,fixed:number:21:pc28_high_regular,target100_limit99,2026-08,6358,519,-99.0,1.0,1.0,99.0,184.0,15,0,504,loss_limit,3464426,False,2026-08-02T06:48:30+08:00
predictions,fixed:number:21:pc28_high_regular,target100_limit99,2026-09,2813,183,-99.0,1.0,1.0,99.0,114.0,3,0,180,loss_limit,3476552,False,2026-09-01T10:39:30+08:00
predictions,fixed:number:21:pc28_netdisk_regular,target100_bankroll,2026-07,9246,175,-100.0,0.0,0.0,100.0,100.0,3,0,172,bankrupt,3454836,False,2026-07-09T10:11:30+08:00
predictions,fixed:number:21:pc28_netdisk_regular,target100_bankroll,2026-08,6358,475,-100.0,0.0,0.0,100.0,149.0,15,0,460,bankrupt,3464382,False,2026-08-02T04:14:30+08:00
predictions,fixed:number:21:pc28_netdisk_regular,target100_bankroll,2026-09,2813,175,-100.0,0.0,0.0,100.0,112.0,3,0,172,bankrupt,3476544,False,2026-09-01T10:11:30+08:00
predictions,fixed:number:21:pc28_netdisk_regular,target100_limit99,2026-07,9246,174,-99.0,1.0,1.0,99.0,99.0,3,0,171,loss_limit,3454835,False,2026-07-09T10:08:00+08:00
predictions,fixed:number:21:pc28_netdisk_regular,target100_limit99,2026-08,6358,474,-99.0,1.0,1.0,99.0,148.0,15,0,459,loss_limit,3464381,False,2026-08-02T04:11:00+08:00
predictions,fixed:number:21:pc28_netdisk_regular,target100_limit99,2026-09,2813,174,-99.0,1.0,1.0,99.0,111.0,3,0,171,loss_limit,3476543,False,2026-09-01T10:08:00+08:00
predictions,fixed:number:22:pc28_high_regular,target100_bankroll,2026-07,9246,142,-100.0,0.0,0.0,100.0,100.0,1,0,141,bankrupt,3454803,False,2026-07-09T08:16:00+08:00
predictions,fixed:number:22:pc28_high_regular,target100_bankroll,2026-08,6358,100,-100.0,0.0,0.0,100.0,100.0,0,0,100,bankrupt,3464007,False,2026-08-01T05:49:00+08:00
predictions,fixed:number:22:pc28_high_regular,target100_bankroll,2026-09,2813,85,125.0,225.0,77.0,23.0,30.0,5,0,80,profit_target,3476454,True,2026-09-01T04:56:30+08:00
predictions,fixed:number:22:pc28_high_regular,target100_limit99,2026-07,9246,141,-99.0,1.0,1.0,99.0,99.0,1,0,140,loss_limit,3454802,False,2026-07-09T08:12:30+08:00
predictions,fixed:number:22:pc28_high_regular,target100_limit99,2026-08,6358,99,-99.0,1.0,1.0,99.0,99.0,0,0,99,loss_limit,3464006,False,2026-08-01T05:45:30+08:00
predictions,fixed:number:22:pc28_high_regular,target100_limit99,2026-09,2813,85,125.0,225.0,77.0,23.0,30.0,5,0,80,profit_target,3476454,True,2026-09-01T04:56:30+08:00
predictions,fixed:number:22:pc28_netdisk_regular,target100_bankroll,2026-07,9246,132,-100.0,0.0,0.0,100.0,100.0,1,0,131,bankrupt,3454793,False,2026-07-09T07:41:00+08:00
predictions,fixed:number:22:pc28_netdisk_regular,target100_bankroll,2026-08,6358,100,-100.0,0.0,0.0,100.0,100.0,0,0,100,bankrupt,3464007,False,2026-08-01T05:49:00+08:00
predictions,fixed:number:22:pc28_netdisk_regular,target100_bankroll,2026-09,2813,89,103.0,203.0,77.0,23.0,30.0,6,0,83,profit_target,3476458,True,2026-09-01T05:10:30+08:00
predictions,fixed:number:22:pc28_netdisk_regular,target100_limit99,2026-07,9246,131,-99.0,1.0,1.0,99.0,99.0,1,0,130,loss_limit,3454792,False,2026-07-09T07:37:30+08:00
predictions,fixed:number:22:pc28_netdisk_regular,target100_limit99,2026-08,6358,99,-99.0,1.0,1.0,99.0,99.0,0,0,99,loss_limit,3464006,False,2026-08-01T05:45:30+08:00
predictions,fixed:number:22:pc28_netdisk_regular,target100_limit99,2026-09,2813,89,103.0,203.0,77.0,23.0,30.0,6,0,83,profit_target,3476458,True,2026-09-01T05:10:30+08:00
predictions,fixed:number:23:pc28_high_regular,target100_bankroll,2026-07,9246,51,114.0,214.0,93.0,7.0,27.0,3,0,48,profit_target,3454712,True,2026-07-09T02:57:30+08:00
predictions,fixed:number:23:pc28_high_regular,target100_bankroll,2026-08,6358,149,126.0,226.0,44.0,56.0,56.0,5,0,144,profit_target,3464056,True,2026-08-01T08:40:30+08:00
predictions,fixed:number:23:pc28_high_regular,target100_bankroll,2026-09,2813,63,102.0,202.0,83.0,17.0,22.0,3,0,60,profit_target,3476432,True,2026-09-01T03:39:30+08:00
predictions,fixed:number:23:pc28_high_regular,target100_limit99,2026-07,9246,51,114.0,214.0,93.0,7.0,27.0,3,0,48,profit_target,3454712,True,2026-07-09T02:57:30+08:00
predictions,fixed:number:23:pc28_high_regular,target100_limit99,2026-08,6358,149,126.0,226.0,44.0,56.0,56.0,5,0,144,profit_target,3464056,True,2026-08-01T08:40:30+08:00
predictions,fixed:number:23:pc28_high_regular,target100_limit99,2026-09,2813,63,102.0,202.0,83.0,17.0,22.0,3,0,60,profit_target,3476432,True,2026-09-01T03:39:30+08:00
predictions,fixed:number:23:pc28_netdisk_regular,target100_bankroll,2026-07,9246,71,121.0,221.0,93.0,7.0,27.0,4,0,67,profit_target,3454732,True,2026-07-09T04:07:30+08:00
predictions,fixed:number:23:pc28_netdisk_regular,target100_bankroll,2026-08,6358,340,-100.0,0.0,0.0,100.0,191.0,5,0,335,bankrupt,3464247,False,2026-08-01T20:22:00+08:00
predictions,fixed:number:23:pc28_netdisk_regular,target100_bankroll,2026-09,2813,162,126.0,226.0,83.0,17.0,70.0,6,0,156,profit_target,3476531,True,2026-09-01T09:26:00+08:00
predictions,fixed:number:23:pc28_netdisk_regular,target100_limit99,2026-07,9246,71,121.0,221.0,93.0,7.0,27.0,4,0,67,profit_target,3454732,True,2026-07-09T04:07:30+08:00
predictions,fixed:number:23:pc28_netdisk_regular,target100_limit99,2026-08,6358,339,-99.0,1.0,1.0,99.0,190.0,5,0,334,loss_limit,3464246,False,2026-08-01T20:18:30+08:00
predictions,fixed:number:23:pc28_netdisk_regular,target100_limit99,2026-09,2813,162,126.0,226.0,83.0,17.0,70.0,6,0,156,profit_target,3476531,True,2026-09-01T09:26:00+08:00
predictions,fixed:number:24:pc28_high_regular,target100_bankroll,2026-07,9246,5,139.0,239.0,98.0,2.0,2.0,2,0,3,profit_target,3454666,True,2026-07-09T00:16:30+08:00
predictions,fixed:number:24:pc28_high_regular,target100_bankroll,2026-08,6358,316,-100.0,0.0,0.0,100.0,172.0,3,0,313,bankrupt,3464223,False,2026-08-01T18:25:00+08:00
predictions,fixed:number:24:pc28_high_regular,target100_bankroll,2026-09,2813,15,129.0,229.0,91.0,9.0,9.0,2,0,13,profit_target,3476384,True,2026-09-01T00:51:30+08:00
predictions,fixed:number:24:pc28_high_regular,target100_limit99,2026-07,9246,5,139.0,239.0,98.0,2.0,2.0,2,0,3,profit_target,3454666,True,2026-07-09T00:16:30+08:00
predictions,fixed:number:24:pc28_high_regular,target100_limit99,2026-08,6358,315,-99.0,1.0,1.0,99.0,171.0,3,0,312,loss_limit,3464222,False,2026-08-01T18:21:30+08:00
predictions,fixed:number:24:pc28_high_regular,target100_limit99,2026-09,2813,15,129.0,229.0,91.0,9.0,9.0,2,0,13,profit_target,3476384,True,2026-09-01T00:51:30+08:00
predictions,fixed:number:24:pc28_netdisk_regular,target100_bankroll,2026-07,9246,5,111.0,211.0,98.0,2.0,2.0,2,0,3,profit_target,3454666,True,2026-07-09T00:16:30+08:00
predictions,fixed:number:24:pc28_netdisk_regular,target100_bankroll,2026-08,6358,274,-100.0,0.0,0.0,100.0,144.0,3,0,271,bankrupt,3464181,False,2026-08-01T15:58:00+08:00
predictions,fixed:number:24:pc28_netdisk_regular,target100_bankroll,2026-09,2813,15,101.0,201.0,91.0,9.0,9.0,2,0,13,profit_target,3476384,True,2026-09-01T00:51:30+08:00
predictions,fixed:number:24:pc28_netdisk_regular,target100_limit99,2026-07,9246,5,111.0,211.0,98.0,2.0,2.0,2,0,3,profit_target,3454666,True,2026-07-09T00:16:30+08:00
predictions,fixed:number:24:pc28_netdisk_regular,target100_limit99,2026-08,6358,273,-99.0,1.0,1.0,99.0,143.0,3,0,270,loss_limit,3464180,False,2026-08-01T15:54:30+08:00
predictions,fixed:number:24:pc28_netdisk_regular,target100_limit99,2026-09,2813,15,101.0,201.0,91.0,9.0,9.0,2,0,13,profit_target,3476384,True,2026-09-01T00:51:30+08:00
predictions,fixed:number:25:pc28_high_regular,target100_bankroll,2026-07,9246,142,140.0,240.0,24.0,76.0,76.0,2,0,140,profit_target,3454803,True,2026-07-09T08:16:00+08:00
predictions,fixed:number:25:pc28_high_regular,target100_bankroll,2026-08,6358,100,-100.0,0.0,0.0,100.0,100.0,0,0,100,bankrupt,3464007,False,2026-08-01T05:49:00+08:00
predictions,fixed:number:25:pc28_high_regular,target100_bankroll,2026-09,2813,100,-100.0,0.0,0.0,100.0,100.0,0,0,100,bankrupt,3476469,False,2026-09-01T05:49:00+08:00
predictions,fixed:number:25:pc28_high_regular,target100_limit99,2026-07,9246,142,140.0,240.0,24.0,76.0,76.0,2,0,140,profit_target,3454803,True,2026-07-09T08:16:00+08:00
predictions,fixed:number:25:pc28_high_regular,target100_limit99,2026-08,6358,99,-99.0,1.0,1.0,99.0,99.0,0,0,99,loss_limit,3464006,False,2026-08-01T05:45:30+08:00
predictions,fixed:number:25:pc28_high_regular,target100_limit99,2026-09,2813,99,-99.0,1.0,1.0,99.0,99.0,0,0,99,loss_limit,3476468,False,2026-09-01T05:45:30+08:00
predictions,fixed:number:25:pc28_netdisk_regular,target100_bankroll,2026-07,9246,142,134.0,234.0,24.0,76.0,76.0,2,0,140,profit_target,3454803,True,2026-07-09T08:16:00+08:00
predictions,fixed:number:25:pc28_netdisk_regular,target100_bankroll,2026-08,6358,100,-100.0,0.0,0.0,100.0,100.0,0,0,100,bankrupt,3464007,False,2026-08-01T05:49:00+08:00
predictions,fixed:number:25:pc28_netdisk_regular,target100_bankroll,2026-09,2813,100,-100.0,0.0,0.0,100.0,100.0,0,0,100,bankrupt,3476469,False,2026-09-01T05:49:00+08:00
predictions,fixed:number:25:pc28_netdisk_regular,target100_limit99,2026-07,9246,142,134.0,234.0,24.0,76.0,76.0,2,0,140,profit_target,3454803,True,2026-07-09T08:16:00+08:00
predictions,fixed:number:25:pc28_netdisk_regular,target100_limit99,2026-08,6358,99,-99.0,1.0,1.0,99.0,99.0,0,0,99,loss_limit,3464006,False,2026-08-01T05:45:30+08:00
predictions,fixed:number:25:pc28_netdisk_regular,target100_limit99,2026-09,2813,99,-99.0,1.0,1.0,99.0,99.0,0,0,99,loss_limit,3476468,False,2026-09-01T05:45:30+08:00
predictions,fixed:number:26:pc28_high_regular,target100_bankroll,2026-07,9246,100,-100.0,0.0,0.0,100.0,100.0,0,0,100,bankrupt,3454761,False,2026-07-09T05:49:00+08:00
predictions,fixed:number:26:pc28_high_regular,target100_bankroll,2026-08,6358,100,-100.0,0.0,0.0,100.0,100.0,0,0,100,bankrupt,3464007,False,2026-08-01T05:49:00+08:00
predictions,fixed:number:26:pc28_high_regular,target100_bankroll,2026-09,2813,100,-100.0,0.0,0.0,100.0,100.0,0,0,100,bankrupt,3476469,False,2026-09-01T05:49:00+08:00
predictions,fixed:number:26:pc28_high_regular,target100_limit99,2026-07,9246,99,-99.0,1.0,1.0,99.0,99.0,0,0,99,loss_limit,3454760,False,2026-07-09T05:45:30+08:00
predictions,fixed:number:26:pc28_high_regular,target100_limit99,2026-08,6358,99,-99.0,1.0,1.0,99.0,99.0,0,0,99,loss_limit,3464006,False,2026-08-01T05:45:30+08:00
predictions,fixed:number:26:pc28_high_regular,target100_limit99,2026-09,2813,99,-99.0,1.0,1.0,99.0,99.0,0,0,99,loss_limit,3476468,False,2026-09-01T05:45:30+08:00
predictions,fixed:number:26:pc28_netdisk_regular,target100_bankroll,2026-07,9246,100,-100.0,0.0,0.0,100.0,100.0,0,0,100,bankrupt,3454761,False,2026-07-09T05:49:00+08:00
predictions,fixed:number:26:pc28_netdisk_regular,target100_bankroll,2026-08,6358,100,-100.0,0.0,0.0,100.0,100.0,0,0,100,bankrupt,3464007,False,2026-08-01T05:49:00+08:00
predictions,fixed:number:26:pc28_netdisk_regular,target100_bankroll,2026-09,2813,100,-100.0,0.0,0.0,100.0,100.0,0,0,100,bankrupt,3476469,False,2026-09-01T05:49:00+08:00
predictions,fixed:number:26:pc28_netdisk_regular,target100_limit99,2026-07,9246,99,-99.0,1.0,1.0,99.0,99.0,0,0,99,loss_limit,3454760,False,2026-07-09T05:45:30+08:00
predictions,fixed:number:26:pc28_netdisk_regular,target100_limit99,2026-08,6358,99,-99.0,1.0,1.0,99.0,99.0,0,0,99,loss_limit,3464006,False,2026-08-01T05:45:30+08:00
predictions,fixed:number:26:pc28_netdisk_regular,target100_limit99,2026-09,2813,99,-99.0,1.0,1.0,99.0,99.0,0,0,99,loss_limit,3476468,False,2026-09-01T05:45:30+08:00
predictions,fixed:number:27:pc28_high_regular,target100_bankroll,2026-07,9246,100,-100.0,0.0,0.0,100.0,100.0,0,0,100,bankrupt,3454761,False,2026-07-09T05:49:00+08:00
predictions,fixed:number:27:pc28_high_regular,target100_bankroll,2026-08,6358,100,-100.0,0.0,0.0,100.0,100.0,0,0,100,bankrupt,3464007,False,2026-08-01T05:49:00+08:00
predictions,fixed:number:27:pc28_high_regular,target100_bankroll,2026-09,2813,100,-100.0,0.0,0.0,100.0,100.0,0,0,100,bankrupt,3476469,False,2026-09-01T05:49:00+08:00
predictions,fixed:number:27:pc28_high_regular,target100_limit99,2026-07,9246,99,-99.0,1.0,1.0,99.0,99.0,0,0,99,loss_limit,3454760,False,2026-07-09T05:45:30+08:00
predictions,fixed:number:27:pc28_high_regular,target100_limit99,2026-08,6358,99,-99.0,1.0,1.0,99.0,99.0,0,0,99,loss_limit,3464006,False,2026-08-01T05:45:30+08:00
predictions,fixed:number:27:pc28_high_regular,target100_limit99,2026-09,2813,99,-99.0,1.0,1.0,99.0,99.0,0,0,99,loss_limit,3476468,False,2026-09-01T05:45:30+08:00
predictions,fixed:number:27:pc28_netdisk_regular,target100_bankroll,2026-07,9246,100,-100.0,0.0,0.0,100.0,100.0,0,0,100,bankrupt,3454761,False,2026-07-09T05:49:00+08:00
predictions,fixed:number:27:pc28_netdisk_regular,target100_bankroll,2026-08,6358,100,-100.0,0.0,0.0,100.0,100.0,0,0,100,bankrupt,3464007,False,2026-08-01T05:49:00+08:00
predictions,fixed:number:27:pc28_netdisk_regular,target100_bankroll,2026-09,2813,100,-100.0,0.0,0.0,100.0,100.0,0,0,100,bankrupt,3476469,False,2026-09-01T05:49:00+08:00
predictions,fixed:number:27:pc28_netdisk_regular,target100_limit99,2026-07,9246,99,-99.0,1.0,1.0,99.0,99.0,0,0,99,loss_limit,3454760,False,2026-07-09T05:45:30+08:00
predictions,fixed:number:27:pc28_netdisk_regular,target100_limit99,2026-08,6358,99,-99.0,1.0,1.0,99.0,99.0,0,0,99,loss_limit,3464006,False,2026-08-01T05:45:30+08:00
predictions,fixed:number:27:pc28_netdisk_regular,target100_limit99,2026-09,2813,99,-99.0,1.0,1.0,99.0,99.0,0,0,99,loss_limit,3476468,False,2026-09-01T05:45:30+08:00
predictions,fixed:number:2:pc28_high_regular,target100_bankroll,2026-07,9246,124,158.0,258.0,14.0,86.0,86.0,2,0,122,profit_target,3454785,True,2026-07-09T07:13:00+08:00
predictions,fixed:number:2:pc28_high_regular,target100_bankroll,2026-08,6358,14,127.0,227.0,87.0,13.0,13.0,1,0,13,profit_target,3463921,True,2026-08-01T00:48:00+08:00
predictions,fixed:number:2:pc28_high_regular,target100_bankroll,2026-09,2813,382,-100.0,0.0,0.0,100.0,198.0,2,0,380,bankrupt,3476751,False,2026-09-01T22:49:00+08:00
predictions,fixed:number:2:pc28_high_regular,target100_limit99,2026-07,9246,124,158.0,258.0,14.0,86.0,86.0,2,0,122,profit_target,3454785,True,2026-07-09T07:13:00+08:00
predictions,fixed:number:2:pc28_high_regular,target100_limit99,2026-08,6358,14,127.0,227.0,87.0,13.0,13.0,1,0,13,profit_target,3463921,True,2026-08-01T00:48:00+08:00
predictions,fixed:number:2:pc28_high_regular,target100_limit99,2026-09,2813,381,-99.0,1.0,1.0,99.0,197.0,2,0,379,loss_limit,3476750,False,2026-09-01T22:45:30+08:00
predictions,fixed:number:2:pc28_netdisk_regular,target100_bankroll,2026-07,9246,124,152.0,252.0,14.0,86.0,86.0,2,0,122,profit_target,3454785,True,2026-07-09T07:13:00+08:00
predictions,fixed:number:2:pc28_netdisk_regular,target100_bankroll,2026-08,6358,14,124.0,224.0,87.0,13.0,13.0,1,0,13,profit_target,3463921,True,2026-08-01T00:48:00+08:00
predictions,fixed:number:2:pc28_netdisk_regular,target100_bankroll,2026-09,2813,376,-100.0,0.0,0.0,100.0,192.0,2,0,374,bankrupt,3476745,False,2026-09-01T22:28:00+08:00
predictions,fixed:number:2:pc28_netdisk_regular,target100_limit99,2026-07,9246,124,152.0,252.0,14.0,86.0,86.0,2,0,122,profit_target,3454785,True,2026-07-09T07:13:00+08:00
predictions,fixed:number:2:pc28_netdisk_regular,target100_limit99,2026-08,6358,14,124.0,224.0,87.0,13.0,13.0,1,0,13,profit_target,3463921,True,2026-08-01T00:48:00+08:00
predictions,fixed:number:2:pc28_netdisk_regular,target100_limit99,2026-09,2813,375,-99.0,1.0,1.0,99.0,191.0,2,0,373,loss_limit,3476744,False,2026-09-01T22:24:30+08:00
predictions,fixed:number:3:pc28_high_regular,target100_bankroll,2026-07,9246,100,-100.0,0.0,0.0,100.0,100.0,0,0,100,bankrupt,3454761,False,2026-07-09T05:49:00+08:00
predictions,fixed:number:3:pc28_high_regular,target100_bankroll,2026-08,6358,100,-100.0,0.0,0.0,100.0,100.0,0,0,100,bankrupt,3464007,False,2026-08-01T05:49:00+08:00
predictions,fixed:number:3:pc28_high_regular,target100_bankroll,2026-09,2813,316,-100.0,0.0,0.0,100.0,166.0,3,0,313,bankrupt,3476685,False,2026-09-01T18:25:00+08:00
predictions,fixed:number:3:pc28_high_regular,target100_limit99,2026-07,9246,99,-99.0,1.0,1.0,99.0,99.0,0,0,99,loss_limit,3454760,False,2026-07-09T05:45:30+08:00
predictions,fixed:number:3:pc28_high_regular,target100_limit99,2026-08,6358,99,-99.0,1.0,1.0,99.0,99.0,0,0,99,loss_limit,3464006,False,2026-08-01T05:45:30+08:00
predictions,fixed:number:3:pc28_high_regular,target100_limit99,2026-09,2813,315,-99.0,1.0,1.0,99.0,165.0,3,0,312,loss_limit,3476684,False,2026-09-01T18:21:30+08:00
predictions,fixed:number:3:pc28_netdisk_regular,target100_bankroll,2026-07,9246,100,-100.0,0.0,0.0,100.0,100.0,0,0,100,bankrupt,3454761,False,2026-07-09T05:49:00+08:00
predictions,fixed:number:3:pc28_netdisk_regular,target100_bankroll,2026-08,6358,100,-100.0,0.0,0.0,100.0,100.0,0,0,100,bankrupt,3464007,False,2026-08-01T05:49:00+08:00
predictions,fixed:number:3:pc28_netdisk_regular,target100_bankroll,2026-09,2813,216,-100.0,0.0,0.0,100.0,152.0,2,0,214,bankrupt,3476585,False,2026-09-01T12:35:00+08:00
predictions,fixed:number:3:pc28_netdisk_regular,target100_limit99,2026-07,9246,99,-99.0,1.0,1.0,99.0,99.0,0,0,99,loss_limit,3454760,False,2026-07-09T05:45:30+08:00
predictions,fixed:number:3:pc28_netdisk_regular,target100_limit99,2026-08,6358,99,-99.0,1.0,1.0,99.0,99.0,0,0,99,loss_limit,3464006,False,2026-08-01T05:45:30+08:00
predictions,fixed:number:3:pc28_netdisk_regular,target100_limit99,2026-09,2813,215,-99.0,1.0,1.0,99.0,151.0,2,0,213,loss_limit,3476584,False,2026-09-01T12:31:30+08:00
predictions,fixed:number:4:pc28_high_regular,target100_bankroll,2026-07,9246,155,-100.0,0.0,0.0,100.0,138.0,1,0,154,bankrupt,3454816,False,2026-07-09T09:01:30+08:00
predictions,fixed:number:4:pc28_high_regular,target100_bankroll,2026-08,6358,155,-100.0,0.0,0.0,100.0,153.0,1,0,154,bankrupt,3464062,False,2026-08-01T09:01:30+08:00
predictions,fixed:number:4:pc28_high_regular,target100_bankroll,2026-09,2813,100,-100.0,0.0,0.0,100.0,100.0,0,0,100,bankrupt,3476469,False,2026-09-01T05:49:00+08:00
predictions,fixed:number:4:pc28_high_regular,target100_limit99,2026-07,9246,154,-99.0,1.0,1.0,99.0,137.0,1,0,153,loss_limit,3454815,False,2026-07-09T08:58:00+08:00
predictions,fixed:number:4:pc28_high_regular,target100_limit99,2026-08,6358,154,-99.0,1.0,1.0,99.0,152.0,1,0,153,loss_limit,3464061,False,2026-08-01T08:58:00+08:00
predictions,fixed:number:4:pc28_high_regular,target100_limit99,2026-09,2813,99,-99.0,1.0,1.0,99.0,99.0,0,0,99,loss_limit,3476468,False,2026-09-01T05:45:30+08:00
predictions,fixed:number:4:pc28_netdisk_regular,target100_bankroll,2026-07,9246,148,-100.0,0.0,0.0,100.0,131.0,1,0,147,bankrupt,3454809,False,2026-07-09T08:37:00+08:00
predictions,fixed:number:4:pc28_netdisk_regular,target100_bankroll,2026-08,6358,148,-100.0,0.0,0.0,100.0,146.0,1,0,147,bankrupt,3464055,False,2026-08-01T08:37:00+08:00
predictions,fixed:number:4:pc28_netdisk_regular,target100_bankroll,2026-09,2813,100,-100.0,0.0,0.0,100.0,100.0,0,0,100,bankrupt,3476469,False,2026-09-01T05:49:00+08:00
predictions,fixed:number:4:pc28_netdisk_regular,target100_limit99,2026-07,9246,147,-99.0,1.0,1.0,99.0,130.0,1,0,146,loss_limit,3454808,False,2026-07-09T08:33:30+08:00
predictions,fixed:number:4:pc28_netdisk_regular,target100_limit99,2026-08,6358,147,-99.0,1.0,1.0,99.0,145.0,1,0,146,loss_limit,3464054,False,2026-08-01T08:33:30+08:00
predictions,fixed:number:4:pc28_netdisk_regular,target100_limit99,2026-09,2813,99,-99.0,1.0,1.0,99.0,99.0,0,0,99,loss_limit,3476468,False,2026-09-01T05:45:30+08:00
predictions,fixed:number:5:pc28_high_regular,target100_bankroll,2026-07,9246,100,-100.0,0.0,0.0,100.0,100.0,0,0,100,bankrupt,3454761,False,2026-07-09T05:49:00+08:00
predictions,fixed:number:5:pc28_high_regular,target100_bankroll,2026-08,6358,562,-100.0,0.0,0.0,100.0,190.0,11,0,551,bankrupt,3464469,False,2026-08-02T09:19:00+08:00
predictions,fixed:number:5:pc28_high_regular,target100_bankroll,2026-09,2813,728,112.0,212.0,28.0,72.0,162.0,20,0,708,profit_target,3477097,True,2026-09-02T19:33:00+08:00
predictions,fixed:number:5:pc28_high_regular,target100_limit99,2026-07,9246,99,-99.0,1.0,1.0,99.0,99.0,0,0,99,loss_limit,3454760,False,2026-07-09T05:45:30+08:00
predictions,fixed:number:5:pc28_high_regular,target100_limit99,2026-08,6358,561,-99.0,1.0,1.0,99.0,189.0,11,0,550,loss_limit,3464468,False,2026-08-02T09:15:30+08:00
predictions,fixed:number:5:pc28_high_regular,target100_limit99,2026-09,2813,728,112.0,212.0,28.0,72.0,162.0,20,0,708,profit_target,3477097,True,2026-09-02T19:33:00+08:00
predictions,fixed:number:5:pc28_netdisk_regular,target100_bankroll,2026-07,9246,100,-100.0,0.0,0.0,100.0,100.0,0,0,100,bankrupt,3454761,False,2026-07-09T05:49:00+08:00
predictions,fixed:number:5:pc28_netdisk_regular,target100_bankroll,2026-08,6358,388,-100.0,0.0,0.0,100.0,121.0,9,0,379,bankrupt,3464295,False,2026-08-01T23:10:00+08:00
predictions,fixed:number:5:pc28_netdisk_regular,target100_bankroll,2026-09,2813,356,-100.0,0.0,0.0,100.0,160.0,8,0,348,bankrupt,3476725,False,2026-09-01T21:18:00+08:00
predictions,fixed:number:5:pc28_netdisk_regular,target100_limit99,2026-07,9246,99,-99.0,1.0,1.0,99.0,99.0,0,0,99,loss_limit,3454760,False,2026-07-09T05:45:30+08:00
predictions,fixed:number:5:pc28_netdisk_regular,target100_limit99,2026-08,6358,387,-99.0,1.0,1.0,99.0,120.0,9,0,378,loss_limit,3464294,False,2026-08-01T23:06:30+08:00
predictions,fixed:number:5:pc28_netdisk_regular,target100_limit99,2026-09,2813,355,-99.0,1.0,1.0,99.0,159.0,8,0,347,loss_limit,3476724,False,2026-09-01T21:14:30+08:00
predictions,fixed:number:6:pc28_high_regular,target100_bankroll,2026-07,9246,436,-100.0,0.0,0.0,100.0,118.0,12,0,424,bankrupt,3455097,False,2026-07-10T01:58:00+08:00
predictions,fixed:number:6:pc28_high_regular,target100_bankroll,2026-08,6358,324,-100.0,0.0,0.0,100.0,173.0,8,0,316,bankrupt,3464231,False,2026-08-01T18:53:00+08:00
predictions,fixed:number:6:pc28_high_regular,target100_bankroll,2026-09,2813,100,-100.0,0.0,0.0,100.0,100.0,0,0,100,bankrupt,3476469,False,2026-09-01T05:49:00+08:00
predictions,fixed:number:6:pc28_high_regular,target100_limit99,2026-07,9246,435,-99.0,1.0,1.0,99.0,117.0,12,0,423,loss_limit,3455096,False,2026-07-10T01:54:30+08:00
predictions,fixed:number:6:pc28_high_regular,target100_limit99,2026-08,6358,323,-99.0,1.0,1.0,99.0,172.0,8,0,315,loss_limit,3464230,False,2026-08-01T18:49:30+08:00
predictions,fixed:number:6:pc28_high_regular,target100_limit99,2026-09,2813,99,-99.0,1.0,1.0,99.0,99.0,0,0,99,loss_limit,3476468,False,2026-09-01T05:45:30+08:00
predictions,fixed:number:6:pc28_netdisk_regular,target100_bankroll,2026-07,9246,275,-100.0,0.0,0.0,100.0,115.0,7,0,268,bankrupt,3454936,False,2026-07-09T16:01:30+08:00
predictions,fixed:number:6:pc28_netdisk_regular,target100_bankroll,2026-08,6358,300,-100.0,0.0,0.0,100.0,158.0,8,0,292,bankrupt,3464207,False,2026-08-01T17:29:00+08:00
predictions,fixed:number:6:pc28_netdisk_regular,target100_bankroll,2026-09,2813,100,-100.0,0.0,0.0,100.0,100.0,0,0,100,bankrupt,3476469,False,2026-09-01T05:49:00+08:00
predictions,fixed:number:6:pc28_netdisk_regular,target100_limit99,2026-07,9246,124,-99.0,1.0,1.0,99.0,114.0,1,0,123,loss_limit,3454785,False,2026-07-09T07:13:00+08:00
predictions,fixed:number:6:pc28_netdisk_regular,target100_limit99,2026-08,6358,299,-99.0,1.0,1.0,99.0,157.0,8,0,291,loss_limit,3464206,False,2026-08-01T17:25:30+08:00
predictions,fixed:number:6:pc28_netdisk_regular,target100_limit99,2026-09,2813,99,-99.0,1.0,1.0,99.0,99.0,0,0,99,loss_limit,3476468,False,2026-09-01T05:45:30+08:00
predictions,fixed:number:7:pc28_high_regular,target100_bankroll,2026-07,9246,254,-100.0,0.0,0.0,100.0,100.0,7,0,247,bankrupt,3454915,False,2026-07-09T14:48:00+08:00
predictions,fixed:number:7:pc28_high_regular,target100_bankroll,2026-08,6358,166,-100.0,0.0,0.0,100.0,119.0,3,0,163,bankrupt,3464073,False,2026-08-01T09:40:00+08:00
predictions,fixed:number:7:pc28_high_regular,target100_bankroll,2026-09,2813,738,-100.0,0.0,0.0,100.0,156.0,29,0,709,bankrupt,3477107,False,2026-09-02T20:08:00+08:00
predictions,fixed:number:7:pc28_high_regular,target100_limit99,2026-07,9246,253,-99.0,1.0,1.0,99.0,99.0,7,0,246,loss_limit,3454914,False,2026-07-09T14:44:30+08:00
predictions,fixed:number:7:pc28_high_regular,target100_limit99,2026-08,6358,165,-99.0,1.0,1.0,99.0,118.0,3,0,162,loss_limit,3464072,False,2026-08-01T09:36:30+08:00
predictions,fixed:number:7:pc28_high_regular,target100_limit99,2026-09,2813,737,-99.0,1.0,1.0,99.0,155.0,29,0,708,loss_limit,3477106,False,2026-09-02T20:04:30+08:00
predictions,fixed:number:7:pc28_netdisk_regular,target100_bankroll,2026-07,9246,240,-100.0,0.0,0.0,100.0,100.0,7,0,233,bankrupt,3454901,False,2026-07-09T13:59:00+08:00
predictions,fixed:number:7:pc28_netdisk_regular,target100_bankroll,2026-08,6358,160,-100.0,0.0,0.0,100.0,117.0,3,0,157,bankrupt,3464067,False,2026-08-01T09:19:00+08:00
predictions,fixed:number:7:pc28_netdisk_regular,target100_bankroll,2026-09,2813,580,-100.0,0.0,0.0,100.0,118.0,24,0,556,bankrupt,3476949,False,2026-09-02T10:22:00+08:00
predictions,fixed:number:7:pc28_netdisk_regular,target100_limit99,2026-07,9246,239,-99.0,1.0,1.0,99.0,99.0,7,0,232,loss_limit,3454900,False,2026-07-09T13:55:30+08:00
predictions,fixed:number:7:pc28_netdisk_regular,target100_limit99,2026-08,6358,159,-99.0,1.0,1.0,99.0,116.0,3,0,156,loss_limit,3464066,False,2026-08-01T09:15:30+08:00
predictions,fixed:number:7:pc28_netdisk_regular,target100_limit99,2026-09,2813,579,-99.0,1.0,1.0,99.0,117.0,24,0,555,loss_limit,3476948,False,2026-09-02T10:18:30+08:00
predictions,fixed:number:8:pc28_high_regular,target100_bankroll,2026-07,9246,784,-100.0,0.0,0.0,100.0,144.0,38,0,746,bankrupt,3455445,False,2026-07-10T22:49:00+08:00
predictions,fixed:number:8:pc28_high_regular,target100_bankroll,2026-08,6358,262,-100.0,0.0,0.0,100.0,100.0,9,0,253,bankrupt,3464169,False,2026-08-01T15:16:00+08:00
predictions,fixed:number:8:pc28_high_regular,target100_bankroll,2026-09,2813,172,-100.0,0.0,0.0,100.0,100.0,4,0,168,bankrupt,3476541,False,2026-09-01T10:01:00+08:00
predictions,fixed:number:8:pc28_high_regular,target100_limit99,2026-07,9246,783,-99.0,1.0,1.0,99.0,143.0,38,0,745,loss_limit,3455444,False,2026-07-10T22:45:30+08:00
predictions,fixed:number:8:pc28_high_regular,target100_limit99,2026-08,6358,261,-99.0,1.0,1.0,99.0,99.0,9,0,252,loss_limit,3464168,False,2026-08-01T15:12:30+08:00
predictions,fixed:number:8:pc28_high_regular,target100_limit99,2026-09,2813,171,-99.0,1.0,1.0,99.0,99.0,4,0,167,loss_limit,3476540,False,2026-09-01T09:57:30+08:00
predictions,fixed:number:8:pc28_netdisk_regular,target100_bankroll,2026-07,9246,661,-100.0,0.0,0.0,100.0,135.0,33,0,628,bankrupt,3455322,False,2026-07-10T15:05:30+08:00
predictions,fixed:number:8:pc28_netdisk_regular,target100_bankroll,2026-08,6358,253,-100.0,0.0,0.0,100.0,100.0,9,0,244,bankrupt,3464160,False,2026-08-01T14:44:30+08:00
predictions,fixed:number:8:pc28_netdisk_regular,target100_bankroll,2026-09,2813,168,-100.0,0.0,0.0,100.0,100.0,4,0,164,bankrupt,3476537,False,2026-09-01T09:47:00+08:00
predictions,fixed:number:8:pc28_netdisk_regular,target100_limit99,2026-07,9246,660,-99.0,1.0,1.0,99.0,134.0,33,0,627,loss_limit,3455321,False,2026-07-10T15:02:00+08:00
predictions,fixed:number:8:pc28_netdisk_regular,target100_limit99,2026-08,6358,235,-99.0,1.0,1.0,99.0,99.0,8,0,227,loss_limit,3464142,False,2026-08-01T13:41:30+08:00
predictions,fixed:number:8:pc28_netdisk_regular,target100_limit99,2026-09,2813,167,-99.0,1.0,1.0,99.0,99.0,4,0,163,loss_limit,3476536,False,2026-09-01T09:43:30+08:00
predictions,fixed:number:9:pc28_high_regular,target100_bankroll,2026-07,9246,835,-100.0,0.0,0.0,100.0,120.0,49,0,786,bankrupt,3455496,False,2026-07-11T01:47:30+08:00
predictions,fixed:number:9:pc28_high_regular,target100_bankroll,2026-08,6358,760,-100.0,0.0,0.0,100.0,125.0,44,0,716,bankrupt,3464667,False,2026-08-02T21:25:00+08:00
predictions,fixed:number:9:pc28_high_regular,target100_bankroll,2026-09,2813,610,-100.0,0.0,0.0,100.0,131.0,34,0,576,bankrupt,3476979,False,2026-09-02T12:07:00+08:00
predictions,fixed:number:9:pc28_high_regular,target100_limit99,2026-07,9246,834,-99.0,1.0,1.0,99.0,119.0,49,0,785,loss_limit,3455495,False,2026-07-11T01:44:00+08:00
predictions,fixed:number:9:pc28_high_regular,target100_limit99,2026-08,6358,759,-99.0,1.0,1.0,99.0,124.0,44,0,715,loss_limit,3464666,False,2026-08-02T21:21:30+08:00
predictions,fixed:number:9:pc28_high_regular,target100_limit99,2026-09,2813,609,-99.0,1.0,1.0,99.0,130.0,34,0,575,loss_limit,3476978,False,2026-09-02T12:03:30+08:00
predictions,fixed:number:9:pc28_netdisk_regular,target100_bankroll,2026-07,9246,835,-100.0,0.0,0.0,100.0,120.0,49,0,786,bankrupt,3455496,False,2026-07-11T01:47:30+08:00
predictions,fixed:number:9:pc28_netdisk_regular,target100_bankroll,2026-08,6358,760,-100.0,0.0,0.0,100.0,125.0,44,0,716,bankrupt,3464667,False,2026-08-02T21:25:00+08:00
predictions,fixed:number:9:pc28_netdisk_regular,target100_bankroll,2026-09,2813,610,-100.0,0.0,0.0,100.0,131.0,34,0,576,bankrupt,3476979,False,2026-09-02T12:07:00+08:00
predictions,fixed:number:9:pc28_netdisk_regular,target100_limit99,2026-07,9246,834,-99.0,1.0,1.0,99.0,119.0,49,0,785,loss_limit,3455495,False,2026-07-11T01:44:00+08:00
predictions,fixed:number:9:pc28_netdisk_regular,target100_limit99,2026-08,6358,759,-99.0,1.0,1.0,99.0,124.0,44,0,715,loss_limit,3464666,False,2026-08-02T21:21:30+08:00
predictions,fixed:number:9:pc28_netdisk_regular,target100_limit99,2026-09,2813,609,-99.0,1.0,1.0,99.0,130.0,34,0,575,loss_limit,3476978,False,2026-09-02T12:03:30+08:00
predictions,fixed:odd_even:单:pc28_high_regular,target100_bankroll,2026-07,9246,9203,100.5,200.5,18.8,81.2,106.9,2510,2150,4543,profit_target,3463864,True,2026-07-31T21:28:30+08:00
predictions,fixed:odd_even:单:pc28_high_regular,target100_bankroll,2026-08,6358,2110,-99.55,0.45,0.45,99.55,110.0,537,480,1093,insufficient_for_one_unit,3466062,False,2026-08-06T08:26:30+08:00
predictions,fixed:odd_even:单:pc28_high_regular,target100_bankroll,2026-09,2813,2813,5.75,105.75,85.9,14.1,64.7,775,610,1428,sample_end,3479182,False,2026-09-07T23:55:30+08:00
predictions,fixed:odd_even:单:pc28_high_regular,target100_limit99,2026-07,9246,9203,100.5,200.5,18.8,81.2,106.9,2510,2150,4543,profit_target,3463864,True,2026-07-31T21:28:30+08:00
predictions,fixed:odd_even:单:pc28_high_regular,target100_limit99,2026-08,6358,2100,-98.25,1.75,1.75,98.25,108.7,535,477,1088,loss_limit,3466052,False,2026-08-06T07:51:30+08:00
predictions,fixed:odd_even:单:pc28_high_regular,target100_limit99,2026-09,2813,2813,5.75,105.75,85.9,14.1,64.7,775,610,1428,sample_end,3479182,False,2026-09-07T23:55:30+08:00
predictions,fixed:odd_even:单:pc28_netdisk_regular,target100_bankroll,2026-07,9246,9246,20.4,120.4,19.66,80.34,92.04,4680,0,4566,sample_end,3463907,False,2026-07-31T23:59:00+08:00
predictions,fixed:odd_even:单:pc28_netdisk_regular,target100_bankroll,2026-08,6358,1476,-99.9,0.1,0.1,99.9,101.76,695,0,781,insufficient_for_one_unit,3465383,False,2026-08-04T15:44:00+08:00
predictions,fixed:odd_even:单:pc28_netdisk_regular,target100_bankroll,2026-09,2813,2813,-70.7,29.3,26.52,73.48,94.3,1385,0,1428,sample_end,3479182,False,2026-09-07T23:55:30+08:00
predictions,fixed:odd_even:单:pc28_netdisk_regular,target100_limit99,2026-07,9246,9246,20.4,120.4,19.66,80.34,92.04,4680,0,4566,sample_end,3463907,False,2026-07-31T23:59:00+08:00
predictions,fixed:odd_even:单:pc28_netdisk_regular,target100_limit99,2026-08,6358,1475,-98.9,1.1,1.1,98.9,100.76,695,0,780,loss_limit,3465382,False,2026-08-04T15:40:30+08:00
predictions,fixed:odd_even:单:pc28_netdisk_regular,target100_limit99,2026-09,2813,2813,-70.7,29.3,26.52,73.48,94.3,1385,0,1428,sample_end,3479182,False,2026-09-07T23:55:30+08:00
predictions,fixed:odd_even:双:pc28_high_regular,target100_bankroll,2026-07,9246,5584,-99.6,0.4,0.4,99.6,133.95,1464,1312,2808,insufficient_for_one_unit,3460245,False,2026-07-22T21:25:00+08:00
predictions,fixed:odd_even:双:pc28_high_regular,target100_bankroll,2026-08,6358,3035,100.8,200.8,98.2,1.8,44.35,848,719,1468,profit_target,3466987,True,2026-08-08T15:30:00+08:00
predictions,fixed:odd_even:双:pc28_high_regular,target100_bankroll,2026-09,2813,2813,28.4,128.4,43.65,56.35,69.05,764,664,1385,sample_end,3479182,False,2026-09-07T23:55:30+08:00
predictions,fixed:odd_even:双:pc28_high_regular,target100_limit99,2026-07,9246,5583,-98.6,1.4,1.4,98.6,132.95,1464,1312,2807,loss_limit,3460244,False,2026-07-22T21:21:30+08:00
predictions,fixed:odd_even:双:pc28_high_regular,target100_limit99,2026-08,6358,3035,100.8,200.8,98.2,1.8,44.35,848,719,1468,profit_target,3466987,True,2026-08-08T15:30:00+08:00
predictions,fixed:odd_even:双:pc28_high_regular,target100_limit99,2026-09,2813,2813,28.4,128.4,43.65,56.35,69.05,764,664,1385,sample_end,3479182,False,2026-09-07T23:55:30+08:00
predictions,fixed:odd_even:双:pc28_netdisk_regular,target100_bankroll,2026-07,9246,5685,-99.42,0.58,0.58,99.42,125.42,2821,0,2864,insufficient_for_one_unit,3460346,False,2026-07-23T03:18:30+08:00
predictions,fixed:odd_even:双:pc28_netdisk_regular,target100_bankroll,2026-08,6358,3254,100.12,200.12,95.82,4.18,48.14,1694,0,1560,profit_target,3467206,True,2026-08-09T04:49:30+08:00
predictions,fixed:odd_even:双:pc28_netdisk_regular,target100_bankroll,2026-09,2813,2813,14.44,114.44,60.6,39.4,47.82,1428,0,1385,sample_end,3479182,False,2026-09-07T23:55:30+08:00
predictions,fixed:odd_even:双:pc28_netdisk_regular,target100_limit99,2026-07,9246,5682,-98.4,1.6,1.6,98.4,124.4,2820,0,2862,loss_limit,3460343,False,2026-07-23T03:08:00+08:00
predictions,fixed:odd_even:双:pc28_netdisk_regular,target100_limit99,2026-08,6358,3254,100.12,200.12,95.82,4.18,48.14,1694,0,1560,profit_target,3467206,True,2026-08-09T04:49:30+08:00
predictions,fixed:odd_even:双:pc28_netdisk_regular,target100_limit99,2026-09,2813,2813,14.44,114.44,60.6,39.4,47.82,1428,0,1385,sample_end,3479182,False,2026-09-07T23:55:30+08:00
predictions,predictor14:高赔组合期望值 V1:big_small:direct:pc28_high_regular,target100_bankroll,2026-08,4579,4247,-99.35,0.65,0.65,99.35,99.9,1089,1044,2114,insufficient_for_one_unit,3468977,False,2026-08-13T14:20:00+08:00
predictions,predictor14:高赔组合期望值 V1:big_small:direct:pc28_high_regular,target100_bankroll,2026-09,0,0,0.0,100.0,100.0,0.0,0.0,0,0,0,no_signal,,False,
predictions,predictor14:高赔组合期望值 V1:big_small:direct:pc28_high_regular,target100_limit99,2026-08,4579,4246,-98.35,1.65,1.65,98.35,98.9,1089,1044,2113,loss_limit,3468976,False,2026-08-13T14:16:30+08:00
predictions,predictor14:高赔组合期望值 V1:big_small:direct:pc28_high_regular,target100_limit99,2026-09,0,0,0.0,100.0,100.0,0.0,0.0,0,0,0,no_signal,,False,
predictions,predictor14:高赔组合期望值 V1:big_small:direct:pc28_netdisk_regular,target100_bankroll,2026-08,4579,4579,-44.8,55.2,54.22,45.78,69.52,2290,0,2289,sample_end,3469309,False,2026-08-14T10:15:00+08:00
predictions,predictor14:高赔组合期望值 V1:big_small:direct:pc28_netdisk_regular,target100_bankroll,2026-09,0,0,0.0,100.0,100.0,0.0,0.0,0,0,0,no_signal,,False,
predictions,predictor14:高赔组合期望值 V1:big_small:direct:pc28_netdisk_regular,target100_limit99,2026-08,4579,4579,-44.8,55.2,54.22,45.78,69.52,2290,0,2289,sample_end,3469309,False,2026-08-14T10:15:00+08:00
predictions,predictor14:高赔组合期望值 V1:big_small:direct:pc28_netdisk_regular,target100_limit99,2026-09,0,0,0.0,100.0,100.0,0.0,0.0,0,0,0,no_signal,,False,
predictions,predictor14:高赔组合期望值 V1:big_small:high100:pc28_high_regular,target100_bankroll,2026-08,132,132,-4.25,95.75,91.85,8.15,15.15,35,28,69,sample_end,3468741,False,2026-08-13T00:34:00+08:00
predictions,predictor14:高赔组合期望值 V1:big_small:high100:pc28_high_regular,target100_bankroll,2026-09,0,0,0.0,100.0,100.0,0.0,0.0,0,0,0,no_signal,,False,
predictions,predictor14:高赔组合期望值 V1:big_small:high100:pc28_high_regular,target100_limit99,2026-08,132,132,-4.25,95.75,91.85,8.15,15.15,35,28,69,sample_end,3468741,False,2026-08-13T00:34:00+08:00
predictions,predictor14:高赔组合期望值 V1:big_small:high100:pc28_high_regular,target100_limit99,2026-09,0,0,0.0,100.0,100.0,0.0,0.0,0,0,0,no_signal,,False,
predictions,predictor14:高赔组合期望值 V1:big_small:high100:pc28_netdisk_regular,target100_bankroll,2026-08,132,132,-7.26,92.74,90.94,9.06,10.96,63,0,69,sample_end,3468741,False,2026-08-13T00:34:00+08:00
predictions,predictor14:高赔组合期望值 V1:big_small:high100:pc28_netdisk_regular,target100_bankroll,2026-09,0,0,0.0,100.0,100.0,0.0,0.0,0,0,0,no_signal,,False,
predictions,predictor14:高赔组合期望值 V1:big_small:high100:pc28_netdisk_regular,target100_limit99,2026-08,132,132,-7.26,92.74,90.94,9.06,10.96,63,0,69,sample_end,3468741,False,2026-08-13T00:34:00+08:00
predictions,predictor14:高赔组合期望值 V1:big_small:high100:pc28_netdisk_regular,target100_limit99,2026-09,0,0,0.0,100.0,100.0,0.0,0.0,0,0,0,no_signal,,False,
predictions,predictor14:高赔组合期望值 V1:big_small:inverse:pc28_high_regular,target100_bankroll,2026-08,4579,4579,33.6,133.6,55.5,44.5,82.95,1256,1033,2290,sample_end,3469309,False,2026-08-14T10:15:00+08:00
predictions,predictor14:高赔组合期望值 V1:big_small:inverse:pc28_high_regular,target100_bankroll,2026-09,0,0,0.0,100.0,100.0,0.0,0.0,0,0,0,no_signal,,False,
predictions,predictor14:高赔组合期望值 V1:big_small:inverse:pc28_high_regular,target100_limit99,2026-08,4579,4579,33.6,133.6,55.5,44.5,82.95,1256,1033,2290,sample_end,3469309,False,2026-08-14T10:15:00+08:00
predictions,predictor14:高赔组合期望值 V1:big_small:inverse:pc28_high_regular,target100_limit99,2026-09,0,0,0.0,100.0,100.0,0.0,0.0,0,0,0,no_signal,,False,
predictions,predictor14:高赔组合期望值 V1:big_small:inverse:pc28_netdisk_regular,target100_bankroll,2026-08,4579,4579,-46.78,53.22,24.9,75.1,94.38,2289,0,2290,sample_end,3469309,False,2026-08-14T10:15:00+08:00
predictions,predictor14:高赔组合期望值 V1:big_small:inverse:pc28_netdisk_regular,target100_bankroll,2026-09,0,0,0.0,100.0,100.0,0.0,0.0,0,0,0,no_signal,,False,
predictions,predictor14:高赔组合期望值 V1:big_small:inverse:pc28_netdisk_regular,target100_limit99,2026-08,4579,4579,-46.78,53.22,24.9,75.1,94.38,2289,0,2290,sample_end,3469309,False,2026-08-14T10:15:00+08:00
predictions,predictor14:高赔组合期望值 V1:big_small:inverse:pc28_netdisk_regular,target100_limit99,2026-09,0,0,0.0,100.0,100.0,0.0,0.0,0,0,0,no_signal,,False,
predictions,predictor14:高赔组合期望值 V1:big_small:low100:pc28_high_regular,target100_bankroll,2026-08,2,2,1.85,101.85,100.0,0.0,0.0,1,1,0,sample_end,3467986,False,2026-08-11T03:25:30+08:00
predictions,predictor14:高赔组合期望值 V1:big_small:low100:pc28_high_regular,target100_bankroll,2026-09,0,0,0.0,100.0,100.0,0.0,0.0,0,0,0,no_signal,,False,
predictions,predictor14:高赔组合期望值 V1:big_small:low100:pc28_high_regular,target100_limit99,2026-08,2,2,1.85,101.85,100.0,0.0,0.0,1,1,0,sample_end,3467986,False,2026-08-11T03:25:30+08:00
predictions,predictor14:高赔组合期望值 V1:big_small:low100:pc28_high_regular,target100_limit99,2026-09,0,0,0.0,100.0,100.0,0.0,0.0,0,0,0,no_signal,,False,
predictions,predictor14:高赔组合期望值 V1:big_small:low100:pc28_netdisk_regular,target100_bankroll,2026-08,2,2,1.96,101.96,100.0,0.0,0.0,2,0,0,sample_end,3467986,False,2026-08-11T03:25:30+08:00
predictions,predictor14:高赔组合期望值 V1:big_small:low100:pc28_netdisk_regular,target100_bankroll,2026-09,0,0,0.0,100.0,100.0,0.0,0.0,0,0,0,no_signal,,False,
predictions,predictor14:高赔组合期望值 V1:big_small:low100:pc28_netdisk_regular,target100_limit99,2026-08,2,2,1.96,101.96,100.0,0.0,0.0,2,0,0,sample_end,3467986,False,2026-08-11T03:25:30+08:00
predictions,predictor14:高赔组合期望值 V1:big_small:low100:pc28_netdisk_regular,target100_limit99,2026-09,0,0,0.0,100.0,100.0,0.0,0.0,0,0,0,no_signal,,False,
predictions,predictor14:高赔组合期望值 V1:combo:direct:pc28_high_regular,target100_bankroll,2026-08,4579,553,-99.54,0.46,0.46,99.54,119.43,62,61,430,insufficient_for_one_unit,3465217,False,2026-08-04T06:03:00+08:00
predictions,predictor14:高赔组合期望值 V1:combo:direct:pc28_high_regular,target100_bankroll,2026-09,0,0,0.0,100.0,100.0,0.0,0.0,0,0,0,no_signal,,False,
predictions,predictor14:高赔组合期望值 V1:combo:direct:pc28_high_regular,target100_limit99,2026-08,4579,552,-98.54,1.46,1.46,98.54,118.43,62,61,429,loss_limit,3465216,False,2026-08-04T05:59:30+08:00
predictions,predictor14:高赔组合期望值 V1:combo:direct:pc28_high_regular,target100_limit99,2026-09,0,0,0.0,100.0,100.0,0.0,0.0,0,0,0,no_signal,,False,
predictions,predictor14:高赔组合期望值 V1:combo:direct:pc28_netdisk_regular,target100_bankroll,2026-08,4579,1658,-99.8,0.2,0.2,99.8,144.8,371,0,1287,insufficient_for_one_unit,3466367,False,2026-08-07T02:47:00+08:00
predictions,predictor14:高赔组合期望值 V1:combo:direct:pc28_netdisk_regular,target100_bankroll,2026-09,0,0,0.0,100.0,100.0,0.0,0.0,0,0,0,no_signal,,False,
predictions,predictor14:高赔组合期望值 V1:combo:direct:pc28_netdisk_regular,target100_limit99,2026-08,4579,1657,-98.8,1.2,1.2,98.8,143.8,371,0,1286,loss_limit,3466366,False,2026-08-07T02:43:30+08:00
predictions,predictor14:高赔组合期望值 V1:combo:direct:pc28_netdisk_regular,target100_limit99,2026-09,0,0,0.0,100.0,100.0,0.0,0.0,0,0,0,no_signal,,False,
predictions,predictor14:高赔组合期望值 V1:combo:high100:pc28_high_regular,target100_bankroll,2026-08,95,95,-33.36,66.64,66.64,33.36,36.02,8,11,76,sample_end,3468809,False,2026-08-13T04:32:00+08:00
predictions,predictor14:高赔组合期望值 V1:combo:high100:pc28_high_regular,target100_bankroll,2026-09,0,0,0.0,100.0,100.0,0.0,0.0,0,0,0,no_signal,,False,
predictions,predictor14:高赔组合期望值 V1:combo:high100:pc28_high_regular,target100_limit99,2026-08,95,95,-33.36,66.64,66.64,33.36,36.02,8,11,76,sample_end,3468809,False,2026-08-13T04:32:00+08:00
predictions,predictor14:高赔组合期望值 V1:combo:high100:pc28_high_regular,target100_limit99,2026-09,0,0,0.0,100.0,100.0,0.0,0.0,0,0,0,no_signal,,False,
predictions,predictor14:高赔组合期望值 V1:combo:high100:pc28_netdisk_regular,target100_bankroll,2026-08,95,95,-15.2,84.8,84.6,15.4,20.2,19,0,76,sample_end,3468809,False,2026-08-13T04:32:00+08:00
predictions,predictor14:高赔组合期望值 V1:combo:high100:pc28_netdisk_regular,target100_bankroll,2026-09,0,0,0.0,100.0,100.0,0.0,0.0,0,0,0,no_signal,,False,
predictions,predictor14:高赔组合期望值 V1:combo:high100:pc28_netdisk_regular,target100_limit99,2026-08,95,95,-15.2,84.8,84.6,15.4,20.2,19,0,76,sample_end,3468809,False,2026-08-13T04:32:00+08:00
predictions,predictor14:高赔组合期望值 V1:combo:high100:pc28_netdisk_regular,target100_limit99,2026-09,0,0,0.0,100.0,100.0,0.0,0.0,0,0,0,no_signal,,False,
predictions,predictor14:高赔组合期望值 V1:combo:low100:pc28_high_regular,target100_bankroll,2026-08,148,148,-4.4,95.6,60.63,39.37,39.37,20,17,111,sample_end,3468990,False,2026-08-13T15:05:30+08:00
predictions,predictor14:高赔组合期望值 V1:combo:low100:pc28_high_regular,target100_bankroll,2026-09,0,0,0.0,100.0,100.0,0.0,0.0,0,0,0,no_signal,,False,
predictions,predictor14:高赔组合期望值 V1:combo:low100:pc28_high_regular,target100_limit99,2026-08,148,148,-4.4,95.6,60.63,39.37,39.37,20,17,111,sample_end,3468990,False,2026-08-13T15:05:30+08:00
predictions,predictor14:高赔组合期望值 V1:combo:low100:pc28_high_regular,target100_limit99,2026-09,0,0,0.0,100.0,100.0,0.0,0.0,0,0,0,no_signal,,False,
predictions,predictor14:高赔组合期望值 V1:combo:low100:pc28_netdisk_regular,target100_bankroll,2026-08,148,148,7.4,107.4,80.8,19.2,19.2,37,0,111,sample_end,3468990,False,2026-08-13T15:05:30+08:00
predictions,predictor14:高赔组合期望值 V1:combo:low100:pc28_netdisk_regular,target100_bankroll,2026-09,0,0,0.0,100.0,100.0,0.0,0.0,0,0,0,no_signal,,False,
predictions,predictor14:高赔组合期望值 V1:combo:low100:pc28_netdisk_regular,target100_limit99,2026-08,148,148,7.4,107.4,80.8,19.2,19.2,37,0,111,sample_end,3468990,False,2026-08-13T15:05:30+08:00
predictions,predictor14:高赔组合期望值 V1:combo:low100:pc28_netdisk_regular,target100_limit99,2026-09,0,0,0.0,100.0,100.0,0.0,0.0,0,0,0,no_signal,,False,
predictions,predictor14:高赔组合期望值 V1:number:direct:pc28_high_regular,target100_bankroll,2026-08,4579,436,-100.0,0.0,0.0,100.0,122.0,28,0,408,bankrupt,3465100,False,2026-08-03T23:13:30+08:00
predictions,predictor14:高赔组合期望值 V1:number:direct:pc28_high_regular,target100_bankroll,2026-09,0,0,0.0,100.0,100.0,0.0,0.0,0,0,0,no_signal,,False,
predictions,predictor14:高赔组合期望值 V1:number:direct:pc28_high_regular,target100_limit99,2026-08,4579,435,-99.0,1.0,1.0,99.0,121.0,28,0,407,loss_limit,3465099,False,2026-08-03T23:10:00+08:00
predictions,predictor14:高赔组合期望值 V1:number:direct:pc28_high_regular,target100_limit99,2026-09,0,0,0.0,100.0,100.0,0.0,0.0,0,0,0,no_signal,,False,
predictions,predictor14:高赔组合期望值 V1:number:direct:pc28_netdisk_regular,target100_bankroll,2026-08,4579,436,-100.0,0.0,0.0,100.0,122.0,28,0,408,bankrupt,3465100,False,2026-08-03T23:13:30+08:00
predictions,predictor14:高赔组合期望值 V1:number:direct:pc28_netdisk_regular,target100_bankroll,2026-09,0,0,0.0,100.0,100.0,0.0,0.0,0,0,0,no_signal,,False,
predictions,predictor14:高赔组合期望值 V1:number:direct:pc28_netdisk_regular,target100_limit99,2026-08,4579,435,-99.0,1.0,1.0,99.0,121.0,28,0,407,loss_limit,3465099,False,2026-08-03T23:10:00+08:00
predictions,predictor14:高赔组合期望值 V1:number:direct:pc28_netdisk_regular,target100_limit99,2026-09,0,0,0.0,100.0,100.0,0.0,0.0,0,0,0,no_signal,,False,
predictions,predictor14:高赔组合期望值 V1:odd_even:direct:pc28_high_regular,target100_bankroll,2026-08,4579,1654,-99.15,0.85,0.85,99.15,113.25,401,412,841,insufficient_for_one_unit,3466363,False,2026-08-07T02:33:00+08:00
predictions,predictor14:高赔组合期望值 V1:odd_even:direct:pc28_high_regular,target100_bankroll,2026-09,0,0,0.0,100.0,100.0,0.0,0.0,0,0,0,no_signal,,False,
predictions,predictor14:高赔组合期望值 V1:odd_even:direct:pc28_high_regular,target100_limit99,2026-08,4579,1653,-98.15,1.85,1.85,98.15,112.25,401,412,840,loss_limit,3466362,False,2026-08-07T02:29:30+08:00
predictions,predictor14:高赔组合期望值 V1:odd_even:direct:pc28_high_regular,target100_limit99,2026-09,0,0,0.0,100.0,100.0,0.0,0.0,0,0,0,no_signal,,False,
predictions,predictor14:高赔组合期望值 V1:odd_even:direct:pc28_netdisk_regular,target100_bankroll,2026-08,4579,2452,-99.76,0.24,0.24,99.76,123.54,1188,0,1264,insufficient_for_one_unit,3467163,False,2026-08-09T02:19:00+08:00
predictions,predictor14:高赔组合期望值 V1:odd_even:direct:pc28_netdisk_regular,target100_bankroll,2026-09,0,0,0.0,100.0,100.0,0.0,0.0,0,0,0,no_signal,,False,
predictions,predictor14:高赔组合期望值 V1:odd_even:direct:pc28_netdisk_regular,target100_limit99,2026-08,4579,2451,-98.76,1.24,1.24,98.76,122.54,1188,0,1263,loss_limit,3467162,False,2026-08-09T02:15:30+08:00
predictions,predictor14:高赔组合期望值 V1:odd_even:direct:pc28_netdisk_regular,target100_limit99,2026-09,0,0,0.0,100.0,100.0,0.0,0.0,0,0,0,no_signal,,False,
predictions,predictor14:高赔组合期望值 V1:odd_even:high100:pc28_high_regular,target100_bankroll,2026-08,17,17,-2.6,97.4,96.55,3.45,6.15,4,3,10,sample_end,3468372,False,2026-08-12T02:29:30+08:00
predictions,predictor14:高赔组合期望值 V1:odd_even:high100:pc28_high_regular,target100_bankroll,2026-09,0,0,0.0,100.0,100.0,0.0,0.0,0,0,0,no_signal,,False,
predictions,predictor14:高赔组合期望值 V1:odd_even:high100:pc28_high_regular,target100_limit99,2026-08,17,17,-2.6,97.4,96.55,3.45,6.15,4,3,10,sample_end,3468372,False,2026-08-12T02:29:30+08:00
predictions,predictor14:高赔组合期望值 V1:odd_even:high100:pc28_high_regular,target100_limit99,2026-09,0,0,0.0,100.0,100.0,0.0,0.0,0,0,0,no_signal,,False,
predictions,predictor14:高赔组合期望值 V1:odd_even:high100:pc28_netdisk_regular,target100_bankroll,2026-08,17,17,-3.14,96.86,96.86,3.14,4.1,7,0,10,sample_end,3468372,False,2026-08-12T02:29:30+08:00
predictions,predictor14:高赔组合期望值 V1:odd_even:high100:pc28_netdisk_regular,target100_bankroll,2026-09,0,0,0.0,100.0,100.0,0.0,0.0,0,0,0,no_signal,,False,
predictions,predictor14:高赔组合期望值 V1:odd_even:high100:pc28_netdisk_regular,target100_limit99,2026-08,17,17,-3.14,96.86,96.86,3.14,4.1,7,0,10,sample_end,3468372,False,2026-08-12T02:29:30+08:00
predictions,predictor14:高赔组合期望值 V1:odd_even:high100:pc28_netdisk_regular,target100_limit99,2026-09,0,0,0.0,100.0,100.0,0.0,0.0,0,0,0,no_signal,,False,
predictions,predictor14:高赔组合期望值 V1:odd_even:inverse:pc28_high_regular,target100_bankroll,2026-08,4579,3208,100.05,200.05,66.0,34.0,44.35,893,763,1552,profit_target,3467930,True,2026-08-11T00:09:30+08:00
predictions,predictor14:高赔组合期望值 V1:odd_even:inverse:pc28_high_regular,target100_bankroll,2026-09,0,0,0.0,100.0,100.0,0.0,0.0,0,0,0,no_signal,,False,
predictions,predictor14:高赔组合期望值 V1:odd_even:inverse:pc28_high_regular,target100_limit99,2026-08,4579,3208,100.05,200.05,66.0,34.0,44.35,893,763,1552,profit_target,3467930,True,2026-08-11T00:09:30+08:00
predictions,predictor14:高赔组合期望值 V1:odd_even:inverse:pc28_high_regular,target100_limit99,2026-09,0,0,0.0,100.0,100.0,0.0,0.0,0,0,0,no_signal,,False,
predictions,predictor14:高赔组合期望值 V1:odd_even:inverse:pc28_netdisk_regular,target100_bankroll,2026-08,4579,4579,79.94,179.94,71.84,28.16,48.14,2353,0,2226,sample_end,3469309,False,2026-08-14T10:15:00+08:00
predictions,predictor14:高赔组合期望值 V1:odd_even:inverse:pc28_netdisk_regular,target100_bankroll,2026-09,0,0,0.0,100.0,100.0,0.0,0.0,0,0,0,no_signal,,False,
predictions,predictor14:高赔组合期望值 V1:odd_even:inverse:pc28_netdisk_regular,target100_limit99,2026-08,4579,4579,79.94,179.94,71.84,28.16,48.14,2353,0,2226,sample_end,3469309,False,2026-08-14T10:15:00+08:00
predictions,predictor14:高赔组合期望值 V1:odd_even:inverse:pc28_netdisk_regular,target100_limit99,2026-09,0,0,0.0,100.0,100.0,0.0,0.0,0,0,0,no_signal,,False,
predictions,predictor14:高赔组合期望值 V1:odd_even:low100:pc28_high_regular,target100_bankroll,2026-08,87,87,6.95,106.95,97.85,2.15,7.75,27,17,43,sample_end,3468654,False,2026-08-12T18:56:30+08:00
predictions,predictor14:高赔组合期望值 V1:odd_even:low100:pc28_high_regular,target100_bankroll,2026-09,0,0,0.0,100.0,100.0,0.0,0.0,0,0,0,no_signal,,False,
predictions,predictor14:高赔组合期望值 V1:odd_even:low100:pc28_high_regular,target100_limit99,2026-08,87,87,6.95,106.95,97.85,2.15,7.75,27,17,43,sample_end,3468654,False,2026-08-12T18:56:30+08:00
predictions,predictor14:高赔组合期望值 V1:odd_even:low100:pc28_high_regular,target100_limit99,2026-09,0,0,0.0,100.0,100.0,0.0,0.0,0,0,0,no_signal,,False,
predictions,predictor14:高赔组合期望值 V1:odd_even:low100:pc28_netdisk_regular,target100_bankroll,2026-08,87,87,0.12,100.12,94.44,5.56,9.28,44,0,43,sample_end,3468654,False,2026-08-12T18:56:30+08:00
predictions,predictor14:高赔组合期望值 V1:odd_even:low100:pc28_netdisk_regular,target100_bankroll,2026-09,0,0,0.0,100.0,100.0,0.0,0.0,0,0,0,no_signal,,False,
predictions,predictor14:高赔组合期望值 V1:odd_even:low100:pc28_netdisk_regular,target100_limit99,2026-08,87,87,0.12,100.12,94.44,5.56,9.28,44,0,43,sample_end,3468654,False,2026-08-12T18:56:30+08:00
predictions,predictor14:高赔组合期望值 V1:odd_even:low100:pc28_netdisk_regular,target100_limit99,2026-09,0,0,0.0,100.0,100.0,0.0,0.0,0,0,0,no_signal,,False,
predictions,predictor1:小六壬预测:big_small:direct:pc28_high_regular,target100_bankroll,2026-07,8185,8185,-57.85,42.15,30.15,69.85,120.45,2179,1917,4089,sample_end,3463907,False,2026-07-31T23:59:00+08:00
predictions,predictor1:小六壬预测:big_small:direct:pc28_high_regular,target100_bankroll,2026-08,4784,2081,-99.7,0.3,0.3,99.7,120.4,518,505,1058,insufficient_for_one_unit,3466119,False,2026-08-06T11:46:00+08:00
predictions,predictor1:小六壬预测:big_small:direct:pc28_high_regular,target100_bankroll,2026-09,2442,2442,57.1,157.1,71.8,28.2,45.0,686,544,1212,sample_end,3479182,False,2026-09-07T23:55:30+08:00
predictions,predictor1:小六壬预测:big_small:direct:pc28_high_regular,target100_limit99,2026-07,8185,8185,-57.85,42.15,30.15,69.85,120.45,2179,1917,4089,sample_end,3463907,False,2026-07-31T23:59:00+08:00
predictions,predictor1:小六壬预测:big_small:direct:pc28_high_regular,target100_limit99,2026-08,4784,2080,-98.7,1.3,1.3,98.7,119.4,518,505,1057,loss_limit,3466118,False,2026-08-06T11:42:30+08:00
predictions,predictor1:小六壬预测:big_small:direct:pc28_high_regular,target100_limit99,2026-09,2442,2442,57.1,157.1,71.8,28.2,45.0,686,544,1212,sample_end,3479182,False,2026-09-07T23:55:30+08:00
predictions,predictor1:小六壬预测:big_small:direct:pc28_netdisk_regular,target100_bankroll,2026-07,8185,8185,-74.92,25.08,17.48,82.52,143.04,4096,0,4089,sample_end,3463907,False,2026-07-31T23:59:00+08:00
predictions,predictor1:小六壬预测:big_small:direct:pc28_netdisk_regular,target100_bankroll,2026-08,4784,4784,-53.78,46.22,5.04,94.96,106.0,2389,0,2395,sample_end,3476369,False,2026-08-31T23:59:00+08:00
predictions,predictor1:小六壬预测:big_small:direct:pc28_netdisk_regular,target100_bankroll,2026-09,2442,2442,-6.6,93.4,54.02,45.98,56.42,1230,0,1212,sample_end,3479182,False,2026-09-07T23:55:30+08:00
predictions,predictor1:小六壬预测:big_small:direct:pc28_netdisk_regular,target100_limit99,2026-07,8185,8185,-74.92,25.08,17.48,82.52,143.04,4096,0,4089,sample_end,3463907,False,2026-07-31T23:59:00+08:00
predictions,predictor1:小六壬预测:big_small:direct:pc28_netdisk_regular,target100_limit99,2026-08,4784,4784,-53.78,46.22,5.04,94.96,106.0,2389,0,2395,sample_end,3476369,False,2026-08-31T23:59:00+08:00
predictions,predictor1:小六壬预测:big_small:direct:pc28_netdisk_regular,target100_limit99,2026-09,2442,2442,-6.6,93.4,54.02,45.98,56.42,1230,0,1212,sample_end,3479182,False,2026-09-07T23:55:30+08:00
predictions,predictor1:小六壬预测:big_small:high100:pc28_high_regular,target100_bankroll,2026-07,103,103,-10.75,89.25,84.65,15.35,15.35,25,21,57,sample_end,3463565,False,2026-07-31T03:29:00+08:00
predictions,predictor1:小六壬预测:big_small:high100:pc28_high_regular,target100_bankroll,2026-08,172,172,-23.0,77.0,75.9,24.1,29.6,40,35,97,sample_end,3476365,False,2026-08-31T23:45:00+08:00
predictions,predictor1:小六壬预测:big_small:high100:pc28_high_regular,target100_bankroll,2026-09,26,26,-9.6,90.4,89.55,10.45,10.45,4,5,17,sample_end,3478984,False,2026-09-07T11:49:30+08:00
predictions,predictor1:小六壬预测:big_small:high100:pc28_high_regular,target100_limit99,2026-07,103,103,-10.75,89.25,84.65,15.35,15.35,25,21,57,sample_end,3463565,False,2026-07-31T03:29:00+08:00
predictions,predictor1:小六壬预测:big_small:high100:pc28_high_regular,target100_limit99,2026-08,172,172,-23.0,77.0,75.9,24.1,29.6,40,35,97,sample_end,3476365,False,2026-08-31T23:45:00+08:00
predictions,predictor1:小六壬预测:big_small:high100:pc28_high_regular,target100_limit99,2026-09,26,26,-9.6,90.4,89.55,10.45,10.45,4,5,17,sample_end,3478984,False,2026-09-07T11:49:30+08:00
predictions,predictor1:小六壬预测:big_small:high100:pc28_netdisk_regular,target100_bankroll,2026-07,103,103,-11.92,88.08,83.26,16.74,16.74,46,0,57,sample_end,3463565,False,2026-07-31T03:29:00+08:00
predictions,predictor1:小六壬预测:big_small:high100:pc28_netdisk_regular,target100_bankroll,2026-08,172,172,-23.5,76.5,76.5,23.5,36.14,75,0,97,sample_end,3476365,False,2026-08-31T23:45:00+08:00
predictions,predictor1:小六壬预测:big_small:high100:pc28_netdisk_regular,target100_bankroll,2026-09,26,26,-8.18,91.82,90.86,9.14,10.04,9,0,17,sample_end,3478984,False,2026-09-07T11:49:30+08:00
predictions,predictor1:小六壬预测:big_small:high100:pc28_netdisk_regular,target100_limit99,2026-07,103,103,-11.92,88.08,83.26,16.74,16.74,46,0,57,sample_end,3463565,False,2026-07-31T03:29:00+08:00
predictions,predictor1:小六壬预测:big_small:high100:pc28_netdisk_regular,target100_limit99,2026-08,172,172,-23.5,76.5,76.5,23.5,36.14,75,0,97,sample_end,3476365,False,2026-08-31T23:45:00+08:00
predictions,predictor1:小六壬预测:big_small:high100:pc28_netdisk_regular,target100_limit99,2026-09,26,26,-8.18,91.82,90.86,9.14,10.04,9,0,17,sample_end,3478984,False,2026-09-07T11:49:30+08:00
predictions,predictor1:小六壬预测:big_small:inverse:pc28_high_regular,target100_bankroll,2026-07,8185,2196,-99.1,0.9,0.9,99.1,123.95,554,518,1124,insufficient_for_one_unit,3457620,False,2026-07-16T08:26:30+08:00
predictions,predictor1:小六壬预测:big_small:inverse:pc28_high_regular,target100_bankroll,2026-08,4784,4784,-26.55,73.45,68.4,31.6,111.3,1277,1118,2389,sample_end,3476369,False,2026-08-31T23:59:00+08:00
predictions,predictor1:小六壬预测:big_small:inverse:pc28_high_regular,target100_bankroll,2026-09,2442,2442,-16.4,83.6,60.7,39.3,75.85,656,556,1230,sample_end,3479182,False,2026-09-07T23:55:30+08:00
predictions,predictor1:小六壬预测:big_small:inverse:pc28_high_regular,target100_limit99,2026-07,8185,2151,-98.45,1.55,1.55,98.45,123.3,543,505,1103,loss_limit,3457571,False,2026-07-16T05:35:00+08:00
predictions,predictor1:小六壬预测:big_small:inverse:pc28_high_regular,target100_limit99,2026-08,4784,4784,-26.55,73.45,68.4,31.6,111.3,1277,1118,2389,sample_end,3476369,False,2026-08-31T23:59:00+08:00
predictions,predictor1:小六壬预测:big_small:inverse:pc28_high_regular,target100_limit99,2026-09,2442,2442,-16.4,83.6,60.7,39.3,75.85,656,556,1230,sample_end,3479182,False,2026-09-07T23:55:30+08:00
predictions,predictor1:小六壬预测:big_small:inverse:pc28_netdisk_regular,target100_bankroll,2026-07,8185,2347,-99.7,0.3,0.3,99.7,120.2,1135,0,1212,insufficient_for_one_unit,3457784,False,2026-07-16T18:00:30+08:00
predictions,predictor1:小六壬预测:big_small:inverse:pc28_netdisk_regular,target100_bankroll,2026-08,4784,4784,-41.9,58.1,56.2,43.8,79.66,2395,0,2389,sample_end,3476369,False,2026-08-31T23:59:00+08:00
predictions,predictor1:小六壬预测:big_small:inverse:pc28_netdisk_regular,target100_bankroll,2026-09,2442,2442,-42.24,57.76,47.54,52.46,81.46,1212,0,1230,sample_end,3479182,False,2026-09-07T23:55:30+08:00
predictions,predictor1:小六壬预测:big_small:inverse:pc28_netdisk_regular,target100_limit99,2026-07,8185,2346,-98.7,1.3,1.3,98.7,119.2,1135,0,1211,loss_limit,3457783,False,2026-07-16T17:57:00+08:00
predictions,predictor1:小六壬预测:big_small:inverse:pc28_netdisk_regular,target100_limit99,2026-08,4784,4784,-41.9,58.1,56.2,43.8,79.66,2395,0,2389,sample_end,3476369,False,2026-08-31T23:59:00+08:00
predictions,predictor1:小六壬预测:big_small:inverse:pc28_netdisk_regular,target100_limit99,2026-09,2442,2442,-42.24,57.76,47.54,52.46,81.46,1212,0,1230,sample_end,3479182,False,2026-09-07T23:55:30+08:00
predictions,predictor1:小六壬预测:big_small:low100:pc28_high_regular,target100_bankroll,2026-07,80,80,-5.0,95.0,91.45,8.55,18.5,20,18,42,sample_end,3463828,False,2026-07-31T18:49:30+08:00
predictions,predictor1:小六壬预测:big_small:low100:pc28_high_regular,target100_bankroll,2026-08,99,99,3.8,103.8,94.1,5.9,9.0,28,23,48,sample_end,3468560,False,2026-08-12T13:27:30+08:00
predictions,predictor1:小六壬预测:big_small:low100:pc28_high_regular,target100_bankroll,2026-09,19,19,10.65,110.65,99.0,1.0,3.0,9,4,6,sample_end,3478045,False,2026-09-05T03:57:00+08:00
predictions,predictor1:小六壬预测:big_small:low100:pc28_high_regular,target100_limit99,2026-07,80,80,-5.0,95.0,91.45,8.55,18.5,20,18,42,sample_end,3463828,False,2026-07-31T18:49:30+08:00
predictions,predictor1:小六壬预测:big_small:low100:pc28_high_regular,target100_limit99,2026-08,99,99,3.8,103.8,94.1,5.9,9.0,28,23,48,sample_end,3468560,False,2026-08-12T13:27:30+08:00
predictions,predictor1:小六壬预测:big_small:low100:pc28_high_regular,target100_limit99,2026-09,19,19,10.65,110.65,99.0,1.0,3.0,9,4,6,sample_end,3478045,False,2026-09-05T03:57:00+08:00
predictions,predictor1:小六壬预测:big_small:low100:pc28_netdisk_regular,target100_bankroll,2026-07,80,80,-4.76,95.24,90.4,9.6,18.36,38,0,42,sample_end,3463828,False,2026-07-31T18:49:30+08:00
predictions,predictor1:小六壬预测:big_small:low100:pc28_netdisk_regular,target100_bankroll,2026-08,99,99,1.98,101.98,98.76,1.24,7.04,51,0,48,sample_end,3468560,False,2026-08-12T13:27:30+08:00
predictions,predictor1:小六壬预测:big_small:low100:pc28_netdisk_regular,target100_bankroll,2026-09,19,19,6.74,106.74,98.94,1.06,2.02,13,0,6,sample_end,3478045,False,2026-09-05T03:57:00+08:00
predictions,predictor1:小六壬预测:big_small:low100:pc28_netdisk_regular,target100_limit99,2026-07,80,80,-4.76,95.24,90.4,9.6,18.36,38,0,42,sample_end,3463828,False,2026-07-31T18:49:30+08:00
predictions,predictor1:小六壬预测:big_small:low100:pc28_netdisk_regular,target100_limit99,2026-08,99,99,1.98,101.98,98.76,1.24,7.04,51,0,48,sample_end,3468560,False,2026-08-12T13:27:30+08:00
predictions,predictor1:小六壬预测:big_small:low100:pc28_netdisk_regular,target100_limit99,2026-09,19,19,6.74,106.74,98.94,1.06,2.02,13,0,6,sample_end,3478045,False,2026-09-05T03:57:00+08:00
predictions,predictor1:小六壬预测:combo:direct:pc28_high_regular,target100_bankroll,2026-07,8185,3902,-99.29,0.71,0.71,99.29,167.69,507,462,2933,insufficient_for_one_unit,3459410,False,2026-07-20T19:36:30+08:00
predictions,predictor1:小六壬预测:combo:direct:pc28_high_regular,target100_bankroll,2026-08,4784,2050,-99.55,0.45,0.45,99.55,149.97,260,252,1538,insufficient_for_one_unit,3466088,False,2026-08-06T09:57:30+08:00
predictions,predictor1:小六壬预测:combo:direct:pc28_high_regular,target100_bankroll,2026-09,2442,1209,100.44,200.44,34.24,65.76,90.88,178,135,896,profit_target,3477680,True,2026-09-04T06:06:30+08:00
predictions,predictor1:小六壬预测:combo:direct:pc28_high_regular,target100_limit99,2026-07,8185,3901,-98.29,1.71,1.71,98.29,166.69,507,462,2932,loss_limit,3459409,False,2026-07-20T19:33:00+08:00
predictions,predictor1:小六壬预测:combo:direct:pc28_high_regular,target100_limit99,2026-08,4784,2049,-98.55,1.45,1.45,98.55,148.97,260,252,1537,loss_limit,3466087,False,2026-08-06T09:54:00+08:00
predictions,predictor1:小六壬预测:combo:direct:pc28_high_regular,target100_limit99,2026-09,2442,1209,100.44,200.44,34.24,65.76,90.88,178,135,896,profit_target,3477680,True,2026-09-04T06:06:30+08:00
predictions,predictor1:小六壬预测:combo:direct:pc28_netdisk_regular,target100_bankroll,2026-07,8185,1655,-99.8,0.2,0.2,99.8,103.6,409,0,1246,insufficient_for_one_unit,3457035,False,2026-07-14T21:46:00+08:00
predictions,predictor1:小六壬预测:combo:direct:pc28_netdisk_regular,target100_bankroll,2026-08,4784,2948,-99.8,0.2,0.2,99.8,114.6,737,0,2211,insufficient_for_one_unit,3467029,False,2026-08-08T17:57:00+08:00
predictions,predictor1:小六壬预测:combo:direct:pc28_netdisk_regular,target100_bankroll,2026-09,2442,872,-99.2,0.8,0.8,99.2,120.8,203,0,669,insufficient_for_one_unit,3477303,False,2026-09-03T07:34:00+08:00
predictions,predictor1:小六壬预测:combo:direct:pc28_netdisk_regular,target100_limit99,2026-07,8185,1654,-98.8,1.2,1.2,98.8,102.6,409,0,1245,loss_limit,3457034,False,2026-07-14T21:42:30+08:00
predictions,predictor1:小六壬预测:combo:direct:pc28_netdisk_regular,target100_limit99,2026-08,4784,2947,-98.8,1.2,1.2,98.8,113.6,737,0,2210,loss_limit,3467028,False,2026-08-08T17:53:30+08:00
predictions,predictor1:小六壬预测:combo:direct:pc28_netdisk_regular,target100_limit99,2026-09,2442,859,-98.2,1.8,1.8,98.2,119.8,200,0,659,loss_limit,3477290,False,2026-09-03T06:48:30+08:00
predictions,predictor1:小六壬预测:combo:high100:pc28_high_regular,target100_bankroll,2026-07,1572,319,-99.36,0.64,0.64,99.36,99.36,28,37,254,insufficient_for_one_unit,3457371,False,2026-07-15T17:22:00+08:00
predictions,predictor1:小六壬预测:combo:high100:pc28_high_regular,target100_bankroll,2026-08,972,972,17.06,117.06,65.41,34.59,52.9,132,122,718,sample_end,3476366,False,2026-08-31T23:48:30+08:00
predictions,predictor1:小六壬预测:combo:high100:pc28_high_regular,target100_bankroll,2026-09,449,449,42.56,142.56,75.0,25.0,33.34,67,49,333,sample_end,3479088,False,2026-09-07T17:53:30+08:00
predictions,predictor1:小六壬预测:combo:high100:pc28_high_regular,target100_limit99,2026-07,1572,318,-98.36,1.64,1.64,98.36,98.36,28,37,253,loss_limit,3457370,False,2026-07-15T17:18:30+08:00
predictions,predictor1:小六壬预测:combo:high100:pc28_high_regular,target100_limit99,2026-08,972,972,17.06,117.06,65.41,34.59,52.9,132,122,718,sample_end,3476366,False,2026-08-31T23:48:30+08:00
predictions,predictor1:小六壬预测:combo:high100:pc28_high_regular,target100_limit99,2026-09,449,449,42.56,142.56,75.0,25.0,33.34,67,49,333,sample_end,3479088,False,2026-09-07T17:53:30+08:00
predictions,predictor1:小六壬预测:combo:high100:pc28_netdisk_regular,target100_bankroll,2026-07,1572,661,-99.4,0.6,0.6,99.4,102.6,145,0,516,insufficient_for_one_unit,3459251,False,2026-07-20T09:47:00+08:00
predictions,predictor1:小六壬预测:combo:high100:pc28_netdisk_regular,target100_bankroll,2026-08,972,972,0.6,100.6,64.4,35.6,51.6,254,0,718,sample_end,3476366,False,2026-08-31T23:48:30+08:00
predictions,predictor1:小六壬预测:combo:high100:pc28_netdisk_regular,target100_bankroll,2026-09,449,449,-4.4,95.6,80.4,19.6,45.6,116,0,333,sample_end,3479088,False,2026-09-07T17:53:30+08:00
predictions,predictor1:小六壬预测:combo:high100:pc28_netdisk_regular,target100_limit99,2026-07,1572,660,-98.4,1.6,1.6,98.4,101.6,145,0,515,loss_limit,3459250,False,2026-07-20T09:43:30+08:00
predictions,predictor1:小六壬预测:combo:high100:pc28_netdisk_regular,target100_limit99,2026-08,972,972,0.6,100.6,64.4,35.6,51.6,254,0,718,sample_end,3476366,False,2026-08-31T23:48:30+08:00
predictions,predictor1:小六壬预测:combo:high100:pc28_netdisk_regular,target100_limit99,2026-09,449,449,-4.4,95.6,80.4,19.6,45.6,116,0,333,sample_end,3479088,False,2026-09-07T17:53:30+08:00
predictions,predictor1:小六壬预测:combo:low100:pc28_high_regular,target100_bankroll,2026-07,205,205,33.09,133.09,97.0,3.0,29.67,33,22,150,sample_end,3463670,False,2026-07-31T09:36:30+08:00
predictions,predictor1:小六壬预测:combo:low100:pc28_high_regular,target100_bankroll,2026-08,34,34,3.55,103.55,91.78,8.22,10.0,5,5,24,sample_end,3466676,False,2026-08-07T21:21:30+08:00
predictions,predictor1:小六壬预测:combo:low100:pc28_high_regular,target100_bankroll,2026-09,147,147,-46.56,53.44,53.44,46.56,46.56,13,15,119,sample_end,3478857,False,2026-09-07T04:25:00+08:00
predictions,predictor1:小六壬预测:combo:low100:pc28_high_regular,target100_limit99,2026-07,205,205,33.09,133.09,97.0,3.0,29.67,33,22,150,sample_end,3463670,False,2026-07-31T09:36:30+08:00
predictions,predictor1:小六壬预测:combo:low100:pc28_high_regular,target100_limit99,2026-08,34,34,3.55,103.55,91.78,8.22,10.0,5,5,24,sample_end,3466676,False,2026-08-07T21:21:30+08:00
predictions,predictor1:小六壬预测:combo:low100:pc28_high_regular,target100_limit99,2026-09,147,147,-46.56,53.44,53.44,46.56,46.56,13,15,119,sample_end,3478857,False,2026-09-07T04:25:00+08:00
predictions,predictor1:小六壬预测:combo:low100:pc28_netdisk_regular,target100_bankroll,2026-07,205,205,6.8,106.8,100.0,0.0,25.4,55,0,150,sample_end,3463670,False,2026-07-31T09:36:30+08:00
predictions,predictor1:小六壬预测:combo:low100:pc28_netdisk_regular,target100_bankroll,2026-08,34,34,4.4,104.4,91.8,8.2,10.0,10,0,24,sample_end,3466676,False,2026-08-07T21:21:30+08:00
predictions,predictor1:小六壬预测:combo:low100:pc28_netdisk_regular,target100_bankroll,2026-09,147,147,-41.4,58.6,56.0,44.0,44.0,28,0,119,sample_end,3478857,False,2026-09-07T04:25:00+08:00
predictions,predictor1:小六壬预测:combo:low100:pc28_netdisk_regular,target100_limit99,2026-07,205,205,6.8,106.8,100.0,0.0,25.4,55,0,150,sample_end,3463670,False,2026-07-31T09:36:30+08:00
predictions,predictor1:小六壬预测:combo:low100:pc28_netdisk_regular,target100_limit99,2026-08,34,34,4.4,104.4,91.8,8.2,10.0,10,0,24,sample_end,3466676,False,2026-08-07T21:21:30+08:00
predictions,predictor1:小六壬预测:combo:low100:pc28_netdisk_regular,target100_limit99,2026-09,147,147,-41.4,58.6,56.0,44.0,44.0,28,0,119,sample_end,3478857,False,2026-09-07T04:25:00+08:00
predictions,predictor1:小六壬预测:number:direct:pc28_high_regular,target100_bankroll,2026-07,8185,343,-100.0,0.0,0.0,100.0,100.0,19,0,324,bankrupt,3455610,False,2026-07-11T08:26:30+08:00
predictions,predictor1:小六壬预测:number:direct:pc28_high_regular,target100_bankroll,2026-08,4784,187,-100.0,0.0,0.0,100.0,126.0,5,0,182,bankrupt,3464099,False,2026-08-01T11:11:00+08:00
predictions,predictor1:小六壬预测:number:direct:pc28_high_regular,target100_bankroll,2026-09,2442,339,-100.0,0.0,0.0,100.0,118.0,19,0,320,bankrupt,3476728,False,2026-09-01T21:28:30+08:00
predictions,predictor1:小六壬预测:number:direct:pc28_high_regular,target100_limit99,2026-07,8185,342,-99.0,1.0,1.0,99.0,99.0,19,0,323,loss_limit,3455609,False,2026-07-11T08:23:00+08:00
predictions,predictor1:小六壬预测:number:direct:pc28_high_regular,target100_limit99,2026-08,4784,186,-99.0,1.0,1.0,99.0,125.0,5,0,181,loss_limit,3464098,False,2026-08-01T11:07:30+08:00
predictions,predictor1:小六壬预测:number:direct:pc28_high_regular,target100_limit99,2026-09,2442,338,-99.0,1.0,1.0,99.0,117.0,19,0,319,loss_limit,3476727,False,2026-09-01T21:25:00+08:00
predictions,predictor1:小六壬预测:number:direct:pc28_netdisk_regular,target100_bankroll,2026-07,8185,343,-100.0,0.0,0.0,100.0,100.0,19,0,324,bankrupt,3455610,False,2026-07-11T08:26:30+08:00
predictions,predictor1:小六壬预测:number:direct:pc28_netdisk_regular,target100_bankroll,2026-08,4784,170,-100.0,0.0,0.0,100.0,121.0,4,0,166,bankrupt,3464082,False,2026-08-01T10:11:30+08:00
predictions,predictor1:小六壬预测:number:direct:pc28_netdisk_regular,target100_bankroll,2026-09,2442,339,-100.0,0.0,0.0,100.0,118.0,19,0,320,bankrupt,3476728,False,2026-09-01T21:28:30+08:00
predictions,predictor1:小六壬预测:number:direct:pc28_netdisk_regular,target100_limit99,2026-07,8185,342,-99.0,1.0,1.0,99.0,99.0,19,0,323,loss_limit,3455609,False,2026-07-11T08:23:00+08:00
predictions,predictor1:小六壬预测:number:direct:pc28_netdisk_regular,target100_limit99,2026-08,4784,169,-99.0,1.0,1.0,99.0,120.0,4,0,165,loss_limit,3464081,False,2026-08-01T10:08:00+08:00
predictions,predictor1:小六壬预测:number:direct:pc28_netdisk_regular,target100_limit99,2026-09,2442,338,-99.0,1.0,1.0,99.0,117.0,19,0,319,loss_limit,3476727,False,2026-09-01T21:25:00+08:00
predictions,predictor1:小六壬预测:odd_even:direct:pc28_high_regular,target100_bankroll,2026-07,8185,2564,-99.4,0.6,0.6,99.4,99.4,656,595,1313,insufficient_for_one_unit,3458011,False,2026-07-17T07:48:00+08:00
predictions,predictor1:小六壬预测:odd_even:direct:pc28_high_regular,target100_bankroll,2026-08,4784,4320,-99.75,0.25,0.25,99.75,126.45,1125,1014,2181,insufficient_for_one_unit,3468489,False,2026-08-12T09:19:00+08:00
predictions,predictor1:小六壬预测:odd_even:direct:pc28_high_regular,target100_bankroll,2026-09,2442,1436,100.8,200.8,83.4,16.6,39.4,428,317,691,profit_target,3478055,True,2026-09-05T04:32:00+08:00
predictions,predictor1:小六壬预测:odd_even:direct:pc28_high_regular,target100_limit99,2026-07,8185,2558,-98.25,1.75,1.75,98.25,98.25,655,593,1310,loss_limit,3458005,False,2026-07-17T07:27:00+08:00
predictions,predictor1:小六壬预测:odd_even:direct:pc28_high_regular,target100_limit99,2026-08,4784,4318,-98.75,1.25,1.25,98.75,125.45,1125,1013,2180,loss_limit,3468486,False,2026-08-12T09:08:30+08:00
predictions,predictor1:小六壬预测:odd_even:direct:pc28_high_regular,target100_limit99,2026-09,2442,1436,100.8,200.8,83.4,16.6,39.4,428,317,691,profit_target,3478055,True,2026-09-05T04:32:00+08:00
predictions,predictor1:小六壬预测:odd_even:direct:pc28_netdisk_regular,target100_bankroll,2026-07,8185,2739,-99.66,0.34,0.34,99.66,99.66,1333,0,1406,insufficient_for_one_unit,3458205,False,2026-07-17T19:40:00+08:00
predictions,predictor1:小六壬预测:odd_even:direct:pc28_netdisk_regular,target100_bankroll,2026-08,4784,4784,-53.78,46.22,8.86,91.14,114.34,2389,0,2395,sample_end,3476369,False,2026-08-31T23:59:00+08:00
predictions,predictor1:小六壬预测:odd_even:direct:pc28_netdisk_regular,target100_bankroll,2026-09,2442,2442,56.76,156.76,84.56,15.44,36.1,1262,0,1180,sample_end,3479182,False,2026-09-07T23:55:30+08:00
predictions,predictor1:小六壬预测:odd_even:direct:pc28_netdisk_regular,target100_limit99,2026-07,8185,2720,-98.48,1.52,1.52,98.48,98.48,1324,0,1396,loss_limit,3458182,False,2026-07-17T17:46:30+08:00
predictions,predictor1:小六壬预测:odd_even:direct:pc28_netdisk_regular,target100_limit99,2026-08,4784,4784,-53.78,46.22,8.86,91.14,114.34,2389,0,2395,sample_end,3476369,False,2026-08-31T23:59:00+08:00
predictions,predictor1:小六壬预测:odd_even:direct:pc28_netdisk_regular,target100_limit99,2026-09,2442,2442,56.76,156.76,84.56,15.44,36.1,1262,0,1180,sample_end,3479182,False,2026-09-07T23:55:30+08:00
predictions,predictor1:小六壬预测:odd_even:high100:pc28_high_regular,target100_bankroll,2026-07,255,255,7.2,107.2,90.5,9.5,17.05,72,57,126,sample_end,3463439,False,2026-07-30T20:08:00+08:00
predictions,predictor1:小六壬预测:odd_even:high100:pc28_high_regular,target100_bankroll,2026-08,147,147,6.55,106.55,97.7,2.3,11.35,43,31,73,sample_end,3468711,False,2026-08-12T22:49:00+08:00
predictions,predictor1:小六壬预测:odd_even:high100:pc28_high_regular,target100_bankroll,2026-09,70,70,-12.1,87.9,87.9,12.1,12.1,14,18,38,sample_end,3479021,False,2026-09-07T13:59:00+08:00
predictions,predictor1:小六壬预测:odd_even:high100:pc28_high_regular,target100_limit99,2026-07,255,255,7.2,107.2,90.5,9.5,17.05,72,57,126,sample_end,3463439,False,2026-07-30T20:08:00+08:00
predictions,predictor1:小六壬预测:odd_even:high100:pc28_high_regular,target100_limit99,2026-08,147,147,6.55,106.55,97.7,2.3,11.35,43,31,73,sample_end,3468711,False,2026-08-12T22:49:00+08:00
predictions,predictor1:小六壬预测:odd_even:high100:pc28_high_regular,target100_limit99,2026-09,70,70,-12.1,87.9,87.9,12.1,12.1,14,18,38,sample_end,3479021,False,2026-09-07T13:59:00+08:00
predictions,predictor1:小六壬预测:odd_even:high100:pc28_netdisk_regular,target100_bankroll,2026-07,255,255,0.42,100.42,90.74,9.26,12.8,129,0,126,sample_end,3463439,False,2026-07-30T20:08:00+08:00
predictions,predictor1:小六壬预测:odd_even:high100:pc28_netdisk_regular,target100_bankroll,2026-08,147,147,-0.48,99.52,96.18,3.82,11.62,74,0,73,sample_end,3468711,False,2026-08-12T22:49:00+08:00
predictions,predictor1:小六壬预测:odd_even:high100:pc28_netdisk_regular,target100_bankroll,2026-09,70,70,-6.64,93.36,93.36,6.64,9.42,32,0,38,sample_end,3479021,False,2026-09-07T13:59:00+08:00
predictions,predictor1:小六壬预测:odd_even:high100:pc28_netdisk_regular,target100_limit99,2026-07,255,255,0.42,100.42,90.74,9.26,12.8,129,0,126,sample_end,3463439,False,2026-07-30T20:08:00+08:00
predictions,predictor1:小六壬预测:odd_even:high100:pc28_netdisk_regular,target100_limit99,2026-08,147,147,-0.48,99.52,96.18,3.82,11.62,74,0,73,sample_end,3468711,False,2026-08-12T22:49:00+08:00
predictions,predictor1:小六壬预测:odd_even:high100:pc28_netdisk_regular,target100_limit99,2026-09,70,70,-6.64,93.36,93.36,6.64,9.42,32,0,38,sample_end,3479021,False,2026-09-07T13:59:00+08:00
predictions,predictor1:小六壬预测:odd_even:inverse:pc28_high_regular,target100_bankroll,2026-07,8185,8185,31.95,131.95,32.0,68.0,158.05,2207,1927,4051,sample_end,3463907,False,2026-07-31T23:59:00+08:00
predictions,predictor1:小六壬预测:odd_even:inverse:pc28_high_regular,target100_bankroll,2026-08,4784,4784,-13.6,86.4,44.6,55.4,87.15,1284,1111,2389,sample_end,3476369,False,2026-08-31T23:59:00+08:00
predictions,predictor1:小六壬预测:odd_even:inverse:pc28_high_regular,target100_bankroll,2026-09,2442,1467,-99.7,0.3,0.3,99.7,109.7,358,347,762,insufficient_for_one_unit,3478088,False,2026-09-05T06:27:30+08:00
predictions,predictor1:小六壬预测:odd_even:inverse:pc28_high_regular,target100_limit99,2026-07,8185,8185,31.95,131.95,32.0,68.0,158.05,2207,1927,4051,sample_end,3463907,False,2026-07-31T23:59:00+08:00
predictions,predictor1:小六壬预测:odd_even:inverse:pc28_high_regular,target100_limit99,2026-08,4784,4784,-13.6,86.4,44.6,55.4,87.15,1284,1111,2389,sample_end,3476369,False,2026-08-31T23:59:00+08:00
predictions,predictor1:小六壬预测:odd_even:inverse:pc28_high_regular,target100_limit99,2026-09,2442,1466,-98.7,1.3,1.3,98.7,108.7,358,347,761,loss_limit,3478087,False,2026-09-05T06:24:00+08:00
predictions,predictor1:小六壬预测:odd_even:inverse:pc28_netdisk_regular,target100_bankroll,2026-07,8185,8185,0.32,100.32,32.98,67.02,148.68,4134,0,4051,sample_end,3463907,False,2026-07-31T23:59:00+08:00
predictions,predictor1:小六壬预测:odd_even:inverse:pc28_netdisk_regular,target100_bankroll,2026-08,4784,4784,-41.9,58.1,28.16,71.84,93.84,2395,0,2389,sample_end,3476369,False,2026-08-31T23:59:00+08:00
predictions,predictor1:小六壬预测:odd_even:inverse:pc28_netdisk_regular,target100_bankroll,2026-09,2442,1786,-99.04,0.96,0.96,99.04,107.6,852,0,934,insufficient_for_one_unit,3478441,False,2026-09-06T03:36:00+08:00
predictions,predictor1:小六壬预测:odd_even:inverse:pc28_netdisk_regular,target100_limit99,2026-07,8185,8185,0.32,100.32,32.98,67.02,148.68,4134,0,4051,sample_end,3463907,False,2026-07-31T23:59:00+08:00
predictions,predictor1:小六壬预测:odd_even:inverse:pc28_netdisk_regular,target100_limit99,2026-08,4784,4784,-41.9,58.1,28.16,71.84,93.84,2395,0,2389,sample_end,3476369,False,2026-08-31T23:59:00+08:00
predictions,predictor1:小六壬预测:odd_even:inverse:pc28_netdisk_regular,target100_limit99,2026-09,2442,1772,-98.9,1.1,1.1,98.9,107.46,845,0,927,loss_limit,3478427,False,2026-09-06T02:47:00+08:00
predictions,predictor1:小六壬预测:odd_even:low100:pc28_high_regular,target100_bankroll,2026-07,52,52,-1.8,98.2,96.5,3.5,7.45,12,16,24,sample_end,3463639,False,2026-07-31T07:48:00+08:00
predictions,predictor1:小六壬预测:odd_even:low100:pc28_high_regular,target100_bankroll,2026-08,31,31,11.2,111.2,100.0,0.0,3.3,12,8,11,sample_end,3466790,False,2026-08-08T04:00:30+08:00
predictions,predictor1:小六壬预测:odd_even:low100:pc28_high_regular,target100_bankroll,2026-09,35,35,1.5,101.5,94.4,5.6,8.0,10,8,17,sample_end,3476748,False,2026-09-01T22:38:30+08:00
predictions,predictor1:小六壬预测:odd_even:low100:pc28_high_regular,target100_limit99,2026-07,52,52,-1.8,98.2,96.5,3.5,7.45,12,16,24,sample_end,3463639,False,2026-07-31T07:48:00+08:00
predictions,predictor1:小六壬预测:odd_even:low100:pc28_high_regular,target100_limit99,2026-08,31,31,11.2,111.2,100.0,0.0,3.3,12,8,11,sample_end,3466790,False,2026-08-08T04:00:30+08:00
predictions,predictor1:小六壬预测:odd_even:low100:pc28_high_regular,target100_limit99,2026-09,35,35,1.5,101.5,94.4,5.6,8.0,10,8,17,sample_end,3476748,False,2026-09-01T22:38:30+08:00
predictions,predictor1:小六壬预测:odd_even:low100:pc28_netdisk_regular,target100_bankroll,2026-07,52,52,3.44,103.44,99.64,0.36,7.04,28,0,24,sample_end,3463639,False,2026-07-31T07:48:00+08:00
predictions,predictor1:小六壬预测:odd_even:low100:pc28_netdisk_regular,target100_bankroll,2026-08,31,31,8.6,108.6,100.0,0.0,4.06,20,0,11,sample_end,3466790,False,2026-08-08T04:00:30+08:00
predictions,predictor1:小六壬预测:odd_even:low100:pc28_netdisk_regular,target100_bankroll,2026-09,35,35,0.64,100.64,95.82,4.18,7.04,18,0,17,sample_end,3476748,False,2026-09-01T22:38:30+08:00
predictions,predictor1:小六壬预测:odd_even:low100:pc28_netdisk_regular,target100_limit99,2026-07,52,52,3.44,103.44,99.64,0.36,7.04,28,0,24,sample_end,3463639,False,2026-07-31T07:48:00+08:00
predictions,predictor1:小六壬预测:odd_even:low100:pc28_netdisk_regular,target100_limit99,2026-08,31,31,8.6,108.6,100.0,0.0,4.06,20,0,11,sample_end,3466790,False,2026-08-08T04:00:30+08:00
predictions,predictor1:小六壬预测:odd_even:low100:pc28_netdisk_regular,target100_limit99,2026-09,35,35,0.64,100.64,95.82,4.18,7.04,18,0,17,sample_end,3476748,False,2026-09-01T22:38:30+08:00
predictions,predictor2:贝叶斯推理引擎:big_small:direct:pc28_high_regular,target100_bankroll,2026-07,7990,6198,100.05,200.05,58.95,41.05,55.95,1693,1473,3032,profit_target,3461107,True,2026-07-25T00:48:00+08:00
predictions,predictor2:贝叶斯推理引擎:big_small:direct:pc28_high_regular,target100_bankroll,2026-08,5314,4207,-99.8,0.2,0.2,99.8,136.35,1092,995,2120,insufficient_for_one_unit,3468854,False,2026-08-13T07:09:30+08:00
predictions,predictor2:贝叶斯推理引擎:big_small:direct:pc28_high_regular,target100_bankroll,2026-09,2090,2090,4.8,104.8,51.35,48.65,48.65,568,476,1046,sample_end,3479181,False,2026-09-07T23:52:00+08:00
predictions,predictor2:贝叶斯推理引擎:big_small:direct:pc28_high_regular,target100_limit99,2026-07,7990,6198,100.05,200.05,58.95,41.05,55.95,1693,1473,3032,profit_target,3461107,True,2026-07-25T00:48:00+08:00
predictions,predictor2:贝叶斯推理引擎:big_small:direct:pc28_high_regular,target100_limit99,2026-08,5314,4194,-98.35,1.65,1.65,98.35,134.9,1089,992,2113,loss_limit,3468841,False,2026-08-13T06:24:00+08:00
predictions,predictor2:贝叶斯推理引擎:big_small:direct:pc28_high_regular,target100_limit99,2026-09,2090,2090,4.8,104.8,51.35,48.65,48.65,568,476,1046,sample_end,3479181,False,2026-09-07T23:52:00+08:00
predictions,predictor2:贝叶斯推理引擎:big_small:direct:pc28_netdisk_regular,target100_bankroll,2026-07,7990,7990,-26.44,73.56,62.98,37.02,120.2,4022,0,3968,sample_end,3463907,False,2026-07-31T23:59:00+08:00
predictions,predictor2:贝叶斯推理引擎:big_small:direct:pc28_netdisk_regular,target100_bankroll,2026-08,5314,5113,-99.64,0.36,0.36,99.64,114.46,2532,0,2581,insufficient_for_one_unit,3476120,False,2026-08-31T08:54:30+08:00
predictions,predictor2:贝叶斯推理引擎:big_small:direct:pc28_netdisk_regular,target100_bankroll,2026-09,2090,2090,-22.88,77.12,45.02,54.98,55.96,1044,0,1046,sample_end,3479181,False,2026-09-07T23:52:00+08:00
predictions,predictor2:贝叶斯推理引擎:big_small:direct:pc28_netdisk_regular,target100_limit99,2026-07,7990,7990,-26.44,73.56,62.98,37.02,120.2,4022,0,3968,sample_end,3463907,False,2026-07-31T23:59:00+08:00
predictions,predictor2:贝叶斯推理引擎:big_small:direct:pc28_netdisk_regular,target100_limit99,2026-08,5314,5112,-98.64,1.36,1.36,98.64,113.46,2532,0,2580,loss_limit,3476119,False,2026-08-31T08:51:00+08:00
predictions,predictor2:贝叶斯推理引擎:big_small:direct:pc28_netdisk_regular,target100_limit99,2026-09,2090,2090,-22.88,77.12,45.02,54.98,55.96,1044,0,1046,sample_end,3479181,False,2026-09-07T23:52:00+08:00
predictions,predictor2:贝叶斯推理引擎:big_small:high100:pc28_high_regular,target100_bankroll,2026-07,292,292,9.15,109.15,95.55,4.45,15.65,79,76,137,sample_end,3463838,False,2026-07-31T19:57:30+08:00
predictions,predictor2:贝叶斯推理引擎:big_small:high100:pc28_high_regular,target100_bankroll,2026-08,105,105,-20.15,79.85,79.0,21.0,21.0,21,25,59,sample_end,3475579,False,2026-08-30T00:48:00+08:00
predictions,predictor2:贝叶斯推理引擎:big_small:high100:pc28_high_regular,target100_bankroll,2026-09,33,33,-3.05,96.95,96.95,3.05,6.75,7,10,16,sample_end,3478881,False,2026-09-07T05:49:00+08:00
predictions,predictor2:贝叶斯推理引擎:big_small:high100:pc28_high_regular,target100_limit99,2026-07,292,292,9.15,109.15,95.55,4.45,15.65,79,76,137,sample_end,3463838,False,2026-07-31T19:57:30+08:00
predictions,predictor2:贝叶斯推理引擎:big_small:high100:pc28_high_regular,target100_limit99,2026-08,105,105,-20.15,79.85,79.0,21.0,21.0,21,25,59,sample_end,3475579,False,2026-08-30T00:48:00+08:00
predictions,predictor2:贝叶斯推理引擎:big_small:high100:pc28_high_regular,target100_limit99,2026-09,33,33,-3.05,96.95,96.95,3.05,6.75,7,10,16,sample_end,3478881,False,2026-09-07T05:49:00+08:00
predictions,predictor2:贝叶斯推理引擎:big_small:high100:pc28_netdisk_regular,target100_bankroll,2026-07,292,292,14.9,114.9,99.96,0.04,16.68,155,0,137,sample_end,3463838,False,2026-07-31T19:57:30+08:00
predictions,predictor2:贝叶斯推理引擎:big_small:high100:pc28_netdisk_regular,target100_bankroll,2026-08,105,105,-13.92,86.08,86.08,13.92,16.82,46,0,59,sample_end,3475579,False,2026-08-30T00:48:00+08:00
predictions,predictor2:贝叶斯推理引擎:big_small:high100:pc28_netdisk_regular,target100_bankroll,2026-09,33,33,0.66,100.66,100.0,0.0,4.22,17,0,16,sample_end,3478881,False,2026-09-07T05:49:00+08:00
predictions,predictor2:贝叶斯推理引擎:big_small:high100:pc28_netdisk_regular,target100_limit99,2026-07,292,292,14.9,114.9,99.96,0.04,16.68,155,0,137,sample_end,3463838,False,2026-07-31T19:57:30+08:00
predictions,predictor2:贝叶斯推理引擎:big_small:high100:pc28_netdisk_regular,target100_limit99,2026-08,105,105,-13.92,86.08,86.08,13.92,16.82,46,0,59,sample_end,3475579,False,2026-08-30T00:48:00+08:00
predictions,predictor2:贝叶斯推理引擎:big_small:high100:pc28_netdisk_regular,target100_limit99,2026-09,33,33,0.66,100.66,100.0,0.0,4.22,17,0,16,sample_end,3478881,False,2026-09-07T05:49:00+08:00
predictions,predictor2:贝叶斯推理引擎:big_small:inverse:pc28_high_regular,target100_bankroll,2026-07,7990,2846,-99.95,0.05,0.05,99.95,121.45,733,657,1456,insufficient_for_one_unit,3457652,False,2026-07-16T10:18:30+08:00
predictions,predictor2:贝叶斯推理引擎:big_small:inverse:pc28_high_regular,target100_bankroll,2026-08,5314,5314,13.05,113.05,56.95,43.05,68.55,1433,1243,2638,sample_end,3476369,False,2026-08-31T23:59:00+08:00
predictions,predictor2:贝叶斯推理引擎:big_small:inverse:pc28_high_regular,target100_bankroll,2026-09,2090,2090,30.85,130.85,97.7,2.3,36.7,581,465,1044,sample_end,3479181,False,2026-09-07T23:52:00+08:00
predictions,predictor2:贝叶斯推理引擎:big_small:inverse:pc28_high_regular,target100_limit99,2026-07,7990,2780,-98.1,1.9,1.9,98.1,119.6,714,647,1419,loss_limit,3457585,False,2026-07-16T06:24:00+08:00
predictions,predictor2:贝叶斯推理引擎:big_small:inverse:pc28_high_regular,target100_limit99,2026-08,5314,5314,13.05,113.05,56.95,43.05,68.55,1433,1243,2638,sample_end,3476369,False,2026-08-31T23:59:00+08:00
predictions,predictor2:贝叶斯推理引擎:big_small:inverse:pc28_high_regular,target100_limit99,2026-09,2090,2090,30.85,130.85,97.7,2.3,36.7,581,465,1044,sample_end,3479181,False,2026-09-07T23:52:00+08:00
predictions,predictor2:贝叶斯推理引擎:big_small:inverse:pc28_netdisk_regular,target100_bankroll,2026-07,7990,2870,-99.98,0.02,0.02,99.98,119.04,1399,0,1471,insufficient_for_one_unit,3457676,False,2026-07-16T11:42:30+08:00
predictions,predictor2:贝叶斯推理引擎:big_small:inverse:pc28_netdisk_regular,target100_bankroll,2026-08,5314,5314,-15.52,84.48,50.4,49.6,92.32,2676,0,2638,sample_end,3476369,False,2026-08-31T23:59:00+08:00
predictions,predictor2:贝叶斯推理引擎:big_small:inverse:pc28_netdisk_regular,target100_bankroll,2026-09,2090,2090,-18.92,81.08,75.06,24.94,45.84,1046,0,1044,sample_end,3479181,False,2026-09-07T23:52:00+08:00
predictions,predictor2:贝叶斯推理引擎:big_small:inverse:pc28_netdisk_regular,target100_limit99,2026-07,7990,2869,-98.98,1.02,1.02,98.98,118.04,1399,0,1470,loss_limit,3457675,False,2026-07-16T11:39:00+08:00
predictions,predictor2:贝叶斯推理引擎:big_small:inverse:pc28_netdisk_regular,target100_limit99,2026-08,5314,5314,-15.52,84.48,50.4,49.6,92.32,2676,0,2638,sample_end,3476369,False,2026-08-31T23:59:00+08:00
predictions,predictor2:贝叶斯推理引擎:big_small:inverse:pc28_netdisk_regular,target100_limit99,2026-09,2090,2090,-18.92,81.08,75.06,24.94,45.84,1046,0,1044,sample_end,3479181,False,2026-09-07T23:52:00+08:00
predictions,predictor2:贝叶斯推理引擎:big_small:low100:pc28_high_regular,target100_bankroll,2026-07,17,17,3.25,103.25,97.0,3.0,3.0,5,6,6,sample_end,3463082,False,2026-07-29T22:45:30+08:00
predictions,predictor2:贝叶斯推理引擎:big_small:low100:pc28_high_regular,target100_bankroll,2026-08,39,39,-0.5,99.5,95.7,4.3,7.15,10,10,19,sample_end,3475918,False,2026-08-30T21:07:30+08:00
predictions,predictor2:贝叶斯推理引擎:big_small:low100:pc28_high_regular,target100_bankroll,2026-09,0,0,0.0,100.0,100.0,0.0,0.0,0,0,0,no_signal,,False,
predictions,predictor2:贝叶斯推理引擎:big_small:low100:pc28_high_regular,target100_limit99,2026-07,17,17,3.25,103.25,97.0,3.0,3.0,5,6,6,sample_end,3463082,False,2026-07-29T22:45:30+08:00
predictions,predictor2:贝叶斯推理引擎:big_small:low100:pc28_high_regular,target100_limit99,2026-08,39,39,-0.5,99.5,95.7,4.3,7.15,10,10,19,sample_end,3475918,False,2026-08-30T21:07:30+08:00
predictions,predictor2:贝叶斯推理引擎:big_small:low100:pc28_high_regular,target100_limit99,2026-09,0,0,0.0,100.0,100.0,0.0,0.0,0,0,0,no_signal,,False,
predictions,predictor2:贝叶斯推理引擎:big_small:low100:pc28_netdisk_regular,target100_bankroll,2026-07,17,17,4.78,104.78,99.94,0.06,3.0,11,0,6,sample_end,3463082,False,2026-07-29T22:45:30+08:00
predictions,predictor2:贝叶斯推理引擎:big_small:low100:pc28_netdisk_regular,target100_bankroll,2026-08,39,39,0.6,100.6,95.78,4.22,6.02,20,0,19,sample_end,3475918,False,2026-08-30T21:07:30+08:00
predictions,predictor2:贝叶斯推理引擎:big_small:low100:pc28_netdisk_regular,target100_bankroll,2026-09,0,0,0.0,100.0,100.0,0.0,0.0,0,0,0,no_signal,,False,
predictions,predictor2:贝叶斯推理引擎:big_small:low100:pc28_netdisk_regular,target100_limit99,2026-07,17,17,4.78,104.78,99.94,0.06,3.0,11,0,6,sample_end,3463082,False,2026-07-29T22:45:30+08:00
predictions,predictor2:贝叶斯推理引擎:big_small:low100:pc28_netdisk_regular,target100_limit99,2026-08,39,39,0.6,100.6,95.78,4.22,6.02,20,0,19,sample_end,3475918,False,2026-08-30T21:07:30+08:00
predictions,predictor2:贝叶斯推理引擎:big_small:low100:pc28_netdisk_regular,target100_limit99,2026-09,0,0,0.0,100.0,100.0,0.0,0.0,0,0,0,no_signal,,False,
predictions,predictor2:贝叶斯推理引擎:combo:direct:pc28_high_regular,target100_bankroll,2026-07,7990,3044,105.3,205.3,56.15,43.85,109.06,430,359,2255,profit_target,3457852,True,2026-07-16T22:31:30+08:00
predictions,predictor2:贝叶斯推理引擎:combo:direct:pc28_high_regular,target100_bankroll,2026-08,5314,818,-99.13,0.87,0.87,99.13,115.25,94,100,624,insufficient_for_one_unit,3464861,False,2026-08-03T08:44:00+08:00
predictions,predictor2:贝叶斯推理引擎:combo:direct:pc28_high_regular,target100_bankroll,2026-09,2090,2090,31.24,131.24,16.23,83.77,86.88,283,252,1555,sample_end,3479181,False,2026-09-07T23:52:00+08:00
predictions,predictor2:贝叶斯推理引擎:combo:direct:pc28_high_regular,target100_limit99,2026-07,7990,3044,105.3,205.3,56.15,43.85,109.06,430,359,2255,profit_target,3457852,True,2026-07-16T22:31:30+08:00
predictions,predictor2:贝叶斯推理引擎:combo:direct:pc28_high_regular,target100_limit99,2026-08,5314,817,-98.13,1.87,1.87,98.13,114.25,94,100,623,loss_limit,3464860,False,2026-08-03T08:40:30+08:00
predictions,predictor2:贝叶斯推理引擎:combo:direct:pc28_high_regular,target100_limit99,2026-09,2090,2090,31.24,131.24,16.23,83.77,86.88,283,252,1555,sample_end,3479181,False,2026-09-07T23:52:00+08:00
predictions,predictor2:贝叶斯推理引擎:combo:direct:pc28_netdisk_regular,target100_bankroll,2026-07,7990,7140,-99.6,0.4,0.4,99.6,176.6,1788,0,5352,insufficient_for_one_unit,3462664,False,2026-07-28T21:49:30+08:00
predictions,predictor2:贝叶斯推理引擎:combo:direct:pc28_netdisk_regular,target100_bankroll,2026-08,5314,1299,-99.6,0.4,0.4,99.6,104.8,316,0,983,insufficient_for_one_unit,3465421,False,2026-08-04T17:57:00+08:00
predictions,predictor2:贝叶斯推理引擎:combo:direct:pc28_netdisk_regular,target100_bankroll,2026-09,2090,1667,-99.2,0.8,0.8,99.2,103.4,412,0,1255,insufficient_for_one_unit,3478482,False,2026-09-06T05:59:30+08:00
predictions,predictor2:贝叶斯推理引擎:combo:direct:pc28_netdisk_regular,target100_limit99,2026-07,7990,7135,-98.2,1.8,1.8,98.2,175.2,1787,0,5348,loss_limit,3462659,False,2026-07-28T21:32:00+08:00
predictions,predictor2:贝叶斯推理引擎:combo:direct:pc28_netdisk_regular,target100_limit99,2026-08,5314,1298,-98.6,1.4,1.4,98.6,103.8,316,0,982,loss_limit,3465420,False,2026-08-04T17:53:30+08:00
predictions,predictor2:贝叶斯推理引擎:combo:direct:pc28_netdisk_regular,target100_limit99,2026-09,2090,1666,-98.2,1.8,1.8,98.2,102.4,412,0,1254,loss_limit,3478481,False,2026-09-06T05:56:00+08:00
predictions,predictor2:贝叶斯推理引擎:combo:high100:pc28_high_regular,target100_bankroll,2026-07,1408,1192,103.54,203.54,74.2,25.8,56.47,178,140,874,profit_target,3461196,True,2026-07-25T05:59:30+08:00
predictions,predictor2:贝叶斯推理引擎:combo:high100:pc28_high_regular,target100_bankroll,2026-08,832,832,-37.47,62.53,17.32,82.68,116.45,106,97,629,sample_end,3476369,False,2026-08-31T23:59:00+08:00
predictions,predictor2:贝叶斯推理引擎:combo:high100:pc28_high_regular,target100_bankroll,2026-09,455,455,2.25,102.25,74.12,25.88,25.88,60,59,336,sample_end,3479181,False,2026-09-07T23:52:00+08:00
predictions,predictor2:贝叶斯推理引擎:combo:high100:pc28_high_regular,target100_limit99,2026-07,1408,1192,103.54,203.54,74.2,25.8,56.47,178,140,874,profit_target,3461196,True,2026-07-25T05:59:30+08:00
predictions,predictor2:贝叶斯推理引擎:combo:high100:pc28_high_regular,target100_limit99,2026-08,832,832,-37.47,62.53,17.32,82.68,116.45,106,97,629,sample_end,3476369,False,2026-08-31T23:59:00+08:00
predictions,predictor2:贝叶斯推理引擎:combo:high100:pc28_high_regular,target100_limit99,2026-09,455,455,2.25,102.25,74.12,25.88,25.88,60,59,336,sample_end,3479181,False,2026-09-07T23:52:00+08:00
predictions,predictor2:贝叶斯推理引擎:combo:high100:pc28_netdisk_regular,target100_bankroll,2026-07,1408,1408,58.4,158.4,81.0,19.0,41.2,374,0,1034,sample_end,3463408,False,2026-07-30T17:46:30+08:00
predictions,predictor2:贝叶斯推理引擎:combo:high100:pc28_netdisk_regular,target100_bankroll,2026-08,832,832,-57.4,42.6,18.8,81.2,95.2,203,0,629,sample_end,3476369,False,2026-08-31T23:59:00+08:00
predictions,predictor2:贝叶斯推理引擎:combo:high100:pc28_netdisk_regular,target100_bankroll,2026-09,455,455,-6.8,93.2,76.2,23.8,28.0,119,0,336,sample_end,3479181,False,2026-09-07T23:52:00+08:00
predictions,predictor2:贝叶斯推理引擎:combo:high100:pc28_netdisk_regular,target100_limit99,2026-07,1408,1408,58.4,158.4,81.0,19.0,41.2,374,0,1034,sample_end,3463408,False,2026-07-30T17:46:30+08:00
predictions,predictor2:贝叶斯推理引擎:combo:high100:pc28_netdisk_regular,target100_limit99,2026-08,832,832,-57.4,42.6,18.8,81.2,95.2,203,0,629,sample_end,3476369,False,2026-08-31T23:59:00+08:00
predictions,predictor2:贝叶斯推理引擎:combo:high100:pc28_netdisk_regular,target100_limit99,2026-09,455,455,-6.8,93.2,76.2,23.8,28.0,119,0,336,sample_end,3479181,False,2026-09-07T23:52:00+08:00
predictions,predictor2:贝叶斯推理引擎:combo:low100:pc28_high_regular,target100_bankroll,2026-07,251,251,23.82,123.82,97.0,3.0,46.7,39,23,189,sample_end,3462670,False,2026-07-28T22:10:30+08:00
predictions,predictor2:贝叶斯推理引擎:combo:low100:pc28_high_regular,target100_bankroll,2026-08,37,37,5.45,105.45,90.11,9.89,15.22,5,9,23,sample_end,3475949,False,2026-08-30T22:56:00+08:00
predictions,predictor2:贝叶斯推理引擎:combo:low100:pc28_high_regular,target100_bankroll,2026-09,60,60,-1.56,98.44,80.77,19.23,23.56,8,6,46,sample_end,3478666,False,2026-09-06T16:43:30+08:00
predictions,predictor2:贝叶斯推理引擎:combo:low100:pc28_high_regular,target100_limit99,2026-07,251,251,23.82,123.82,97.0,3.0,46.7,39,23,189,sample_end,3462670,False,2026-07-28T22:10:30+08:00
predictions,predictor2:贝叶斯推理引擎:combo:low100:pc28_high_regular,target100_limit99,2026-08,37,37,5.45,105.45,90.11,9.89,15.22,5,9,23,sample_end,3475949,False,2026-08-30T22:56:00+08:00
predictions,predictor2:贝叶斯推理引擎:combo:low100:pc28_high_regular,target100_limit99,2026-09,60,60,-1.56,98.44,80.77,19.23,23.56,8,6,46,sample_end,3478666,False,2026-09-06T16:43:30+08:00
predictions,predictor2:贝叶斯推理引擎:combo:low100:pc28_netdisk_regular,target100_bankroll,2026-07,251,251,-3.8,96.2,80.8,19.2,39.4,62,0,189,sample_end,3462670,False,2026-07-28T22:10:30+08:00
predictions,predictor2:贝叶斯推理引擎:combo:low100:pc28_netdisk_regular,target100_bankroll,2026-08,37,37,15.8,115.8,94.4,5.6,8.8,14,0,23,sample_end,3475949,False,2026-08-30T22:56:00+08:00
predictions,predictor2:贝叶斯推理引擎:combo:low100:pc28_netdisk_regular,target100_bankroll,2026-09,60,60,-6.0,94.0,82.2,17.8,22.6,14,0,46,sample_end,3478666,False,2026-09-06T16:43:30+08:00
predictions,predictor2:贝叶斯推理引擎:combo:low100:pc28_netdisk_regular,target100_limit99,2026-07,251,251,-3.8,96.2,80.8,19.2,39.4,62,0,189,sample_end,3462670,False,2026-07-28T22:10:30+08:00
predictions,predictor2:贝叶斯推理引擎:combo:low100:pc28_netdisk_regular,target100_limit99,2026-08,37,37,15.8,115.8,94.4,5.6,8.8,14,0,23,sample_end,3475949,False,2026-08-30T22:56:00+08:00
predictions,predictor2:贝叶斯推理引擎:combo:low100:pc28_netdisk_regular,target100_limit99,2026-09,60,60,-6.0,94.0,82.2,17.8,22.6,14,0,46,sample_end,3478666,False,2026-09-06T16:43:30+08:00
predictions,predictor2:贝叶斯推理引擎:number:direct:pc28_high_regular,target100_bankroll,2026-07,7990,256,-100.0,0.0,0.0,100.0,104.0,13,0,243,bankrupt,3454924,False,2026-07-09T15:19:30+08:00
predictions,predictor2:贝叶斯推理引擎:number:direct:pc28_high_regular,target100_bankroll,2026-08,5314,273,-100.0,0.0,0.0,100.0,100.0,14,0,259,bankrupt,3464232,False,2026-08-01T18:56:30+08:00
predictions,predictor2:贝叶斯推理引擎:number:direct:pc28_high_regular,target100_bankroll,2026-09,2090,259,-100.0,0.0,0.0,100.0,100.0,13,0,246,bankrupt,3476695,False,2026-09-01T19:33:00+08:00
predictions,predictor2:贝叶斯推理引擎:number:direct:pc28_high_regular,target100_limit99,2026-07,7990,255,-99.0,1.0,1.0,99.0,103.0,13,0,242,loss_limit,3454923,False,2026-07-09T15:16:00+08:00
predictions,predictor2:贝叶斯推理引擎:number:direct:pc28_high_regular,target100_limit99,2026-08,5314,248,-99.0,1.0,1.0,99.0,99.0,12,0,236,loss_limit,3464199,False,2026-08-01T17:01:00+08:00
predictions,predictor2:贝叶斯推理引擎:number:direct:pc28_high_regular,target100_limit99,2026-09,2090,210,-99.0,1.0,1.0,99.0,99.0,9,0,201,loss_limit,3476634,False,2026-09-01T15:26:30+08:00
predictions,predictor2:贝叶斯推理引擎:number:direct:pc28_netdisk_regular,target100_bankroll,2026-07,7990,256,-100.0,0.0,0.0,100.0,104.0,13,0,243,bankrupt,3454924,False,2026-07-09T15:19:30+08:00
predictions,predictor2:贝叶斯推理引擎:number:direct:pc28_netdisk_regular,target100_bankroll,2026-08,5314,273,-100.0,0.0,0.0,100.0,100.0,14,0,259,bankrupt,3464232,False,2026-08-01T18:56:30+08:00
predictions,predictor2:贝叶斯推理引擎:number:direct:pc28_netdisk_regular,target100_bankroll,2026-09,2090,259,-100.0,0.0,0.0,100.0,100.0,13,0,246,bankrupt,3476695,False,2026-09-01T19:33:00+08:00
predictions,predictor2:贝叶斯推理引擎:number:direct:pc28_netdisk_regular,target100_limit99,2026-07,7990,255,-99.0,1.0,1.0,99.0,103.0,13,0,242,loss_limit,3454923,False,2026-07-09T15:16:00+08:00
predictions,predictor2:贝叶斯推理引擎:number:direct:pc28_netdisk_regular,target100_limit99,2026-08,5314,248,-99.0,1.0,1.0,99.0,99.0,12,0,236,loss_limit,3464199,False,2026-08-01T17:01:00+08:00
predictions,predictor2:贝叶斯推理引擎:number:direct:pc28_netdisk_regular,target100_limit99,2026-09,2090,210,-99.0,1.0,1.0,99.0,99.0,9,0,201,loss_limit,3476634,False,2026-09-01T15:26:30+08:00
predictions,predictor2:贝叶斯推理引擎:odd_even:direct:pc28_high_regular,target100_bankroll,2026-07,7990,7990,-5.8,94.2,54.4,45.6,91.25,2152,1851,3987,sample_end,3463907,False,2026-07-31T23:59:00+08:00
predictions,predictor2:贝叶斯推理引擎:odd_even:direct:pc28_high_regular,target100_bankroll,2026-08,5314,3599,-99.5,0.5,0.5,99.5,106.3,930,849,1820,insufficient_for_one_unit,3468146,False,2026-08-11T12:45:30+08:00
predictions,predictor2:贝叶斯推理引擎:odd_even:direct:pc28_high_regular,target100_bankroll,2026-09,2090,2033,100.4,200.4,89.7,10.3,29.2,584,469,980,profit_target,3479103,True,2026-09-07T18:46:00+08:00
predictions,predictor2:贝叶斯推理引擎:odd_even:direct:pc28_high_regular,target100_limit99,2026-07,7990,7990,-5.8,94.2,54.4,45.6,91.25,2152,1851,3987,sample_end,3463907,False,2026-07-31T23:59:00+08:00
predictions,predictor2:贝叶斯推理引擎:odd_even:direct:pc28_high_regular,target100_limit99,2026-08,5314,3598,-98.5,1.5,1.5,98.5,105.3,930,849,1819,loss_limit,3468144,False,2026-08-11T12:38:30+08:00
predictions,predictor2:贝叶斯推理引擎:odd_even:direct:pc28_high_regular,target100_limit99,2026-09,2090,2033,100.4,200.4,89.7,10.3,29.2,584,469,980,profit_target,3479103,True,2026-09-07T18:46:00+08:00
predictions,predictor2:贝叶斯推理引擎:odd_even:direct:pc28_netdisk_regular,target100_bankroll,2026-07,7990,7990,-64.06,35.94,4.38,95.62,126.58,4003,0,3987,sample_end,3463907,False,2026-07-31T23:59:00+08:00
predictions,predictor2:贝叶斯推理引擎:odd_even:direct:pc28_netdisk_regular,target100_bankroll,2026-08,5314,4038,-99.78,0.22,0.22,99.78,102.7,1989,0,2049,insufficient_for_one_unit,3468671,False,2026-08-12T20:29:00+08:00
predictions,predictor2:贝叶斯推理引擎:odd_even:direct:pc28_netdisk_regular,target100_bankroll,2026-09,2090,2090,62.26,162.26,89.66,10.34,32.52,1087,0,1003,sample_end,3479181,False,2026-09-07T23:52:00+08:00
predictions,predictor2:贝叶斯推理引擎:odd_even:direct:pc28_netdisk_regular,target100_limit99,2026-07,7990,7990,-64.06,35.94,4.38,95.62,126.58,4003,0,3987,sample_end,3463907,False,2026-07-31T23:59:00+08:00
predictions,predictor2:贝叶斯推理引擎:odd_even:direct:pc28_netdisk_regular,target100_limit99,2026-08,5314,4035,-98.76,1.24,1.24,98.76,101.68,1988,0,2047,loss_limit,3468668,False,2026-08-12T20:18:30+08:00
predictions,predictor2:贝叶斯推理引擎:odd_even:direct:pc28_netdisk_regular,target100_limit99,2026-09,2090,2090,62.26,162.26,89.66,10.34,32.52,1087,0,1003,sample_end,3479181,False,2026-09-07T23:52:00+08:00
predictions,predictor2:贝叶斯推理引擎:odd_even:high100:pc28_high_regular,target100_bankroll,2026-07,278,278,11.45,111.45,94.65,5.35,11.7,77,70,131,sample_end,3463338,False,2026-07-30T13:41:30+08:00
predictions,predictor2:贝叶斯推理引擎:odd_even:high100:pc28_high_regular,target100_bankroll,2026-08,34,34,-2.5,97.5,93.25,6.75,9.3,10,3,21,sample_end,3476153,False,2026-08-31T10:50:00+08:00
predictions,predictor2:贝叶斯推理引擎:odd_even:high100:pc28_high_regular,target100_bankroll,2026-09,151,151,2.15,102.15,92.45,7.55,13.6,39,42,70,sample_end,3479088,False,2026-09-07T17:53:30+08:00
predictions,predictor2:贝叶斯推理引擎:odd_even:high100:pc28_high_regular,target100_limit99,2026-07,278,278,11.45,111.45,94.65,5.35,11.7,77,70,131,sample_end,3463338,False,2026-07-30T13:41:30+08:00
predictions,predictor2:贝叶斯推理引擎:odd_even:high100:pc28_high_regular,target100_limit99,2026-08,34,34,-2.5,97.5,93.25,6.75,9.3,10,3,21,sample_end,3476153,False,2026-08-31T10:50:00+08:00
predictions,predictor2:贝叶斯推理引擎:odd_even:high100:pc28_high_regular,target100_limit99,2026-09,151,151,2.15,102.15,92.45,7.55,13.6,39,42,70,sample_end,3479088,False,2026-09-07T17:53:30+08:00
predictions,predictor2:贝叶斯推理引擎:odd_even:high100:pc28_netdisk_regular,target100_bankroll,2026-07,278,278,13.06,113.06,94.66,5.34,10.16,147,0,131,sample_end,3463338,False,2026-07-30T13:41:30+08:00
predictions,predictor2:贝叶斯推理引擎:odd_even:high100:pc28_netdisk_regular,target100_bankroll,2026-08,34,34,-8.26,91.74,90.8,9.2,11.1,13,0,21,sample_end,3476153,False,2026-08-31T10:50:00+08:00
predictions,predictor2:贝叶斯推理引擎:odd_even:high100:pc28_netdisk_regular,target100_bankroll,2026-09,151,151,9.38,109.38,96.76,3.24,8.12,81,0,70,sample_end,3479088,False,2026-09-07T17:53:30+08:00
predictions,predictor2:贝叶斯推理引擎:odd_even:high100:pc28_netdisk_regular,target100_limit99,2026-07,278,278,13.06,113.06,94.66,5.34,10.16,147,0,131,sample_end,3463338,False,2026-07-30T13:41:30+08:00
predictions,predictor2:贝叶斯推理引擎:odd_even:high100:pc28_netdisk_regular,target100_limit99,2026-08,34,34,-8.26,91.74,90.8,9.2,11.1,13,0,21,sample_end,3476153,False,2026-08-31T10:50:00+08:00
predictions,predictor2:贝叶斯推理引擎:odd_even:high100:pc28_netdisk_regular,target100_limit99,2026-09,151,151,9.38,109.38,96.76,3.24,8.12,81,0,70,sample_end,3479088,False,2026-09-07T17:53:30+08:00
predictions,predictor2:贝叶斯推理引擎:odd_even:inverse:pc28_high_regular,target100_bankroll,2026-07,7990,3069,-99.9,0.1,0.1,99.9,109.85,786,729,1554,insufficient_for_one_unit,3457878,False,2026-07-17T00:02:30+08:00
predictions,predictor2:贝叶斯推理引擎:odd_even:inverse:pc28_high_regular,target100_bankroll,2026-08,5314,5314,10.6,110.6,77.05,22.95,106.1,1436,1232,2646,sample_end,3476369,False,2026-08-31T23:59:00+08:00
predictions,predictor2:贝叶斯推理引擎:odd_even:inverse:pc28_high_regular,target100_bankroll,2026-09,2090,2090,-80.6,19.4,15.8,84.2,87.25,544,459,1087,sample_end,3479181,False,2026-09-07T23:52:00+08:00
predictions,predictor2:贝叶斯推理引擎:odd_even:inverse:pc28_high_regular,target100_limit99,2026-07,7990,3067,-98.9,1.1,1.1,98.9,108.85,786,728,1553,loss_limit,3457876,False,2026-07-16T23:55:30+08:00
predictions,predictor2:贝叶斯推理引擎:odd_even:inverse:pc28_high_regular,target100_limit99,2026-08,5314,5314,10.6,110.6,77.05,22.95,106.1,1436,1232,2646,sample_end,3476369,False,2026-08-31T23:59:00+08:00
predictions,predictor2:贝叶斯推理引擎:odd_even:inverse:pc28_high_regular,target100_limit99,2026-09,2090,2090,-80.6,19.4,15.8,84.2,87.25,544,459,1087,sample_end,3479181,False,2026-09-07T23:52:00+08:00
predictions,predictor2:贝叶斯推理引擎:odd_even:inverse:pc28_netdisk_regular,target100_bankroll,2026-07,7990,3753,-99.9,0.1,0.1,99.9,104.12,1845,0,1908,insufficient_for_one_unit,3458578,False,2026-07-18T17:25:30+08:00
predictions,predictor2:贝叶斯推理引擎:odd_even:inverse:pc28_netdisk_regular,target100_bankroll,2026-08,5314,5314,-31.36,68.64,65.72,34.28,79.56,2668,0,2646,sample_end,3476369,False,2026-08-31T23:59:00+08:00
predictions,predictor2:贝叶斯推理引擎:odd_even:inverse:pc28_netdisk_regular,target100_bankroll,2026-09,2090,2060,-99.8,0.2,0.2,99.8,105.62,990,0,1070,insufficient_for_one_unit,3479137,False,2026-09-07T21:18:00+08:00
predictions,predictor2:贝叶斯推理引擎:odd_even:inverse:pc28_netdisk_regular,target100_limit99,2026-07,7990,3752,-98.9,1.1,1.1,98.9,103.12,1845,0,1907,loss_limit,3458577,False,2026-07-18T17:22:00+08:00
predictions,predictor2:贝叶斯推理引擎:odd_even:inverse:pc28_netdisk_regular,target100_limit99,2026-08,5314,5314,-31.36,68.64,65.72,34.28,79.56,2668,0,2646,sample_end,3476369,False,2026-08-31T23:59:00+08:00
predictions,predictor2:贝叶斯推理引擎:odd_even:inverse:pc28_netdisk_regular,target100_limit99,2026-09,2090,2057,-98.78,1.22,1.22,98.78,104.6,989,0,1068,loss_limit,3479134,False,2026-09-07T21:07:30+08:00
predictions,predictor2:贝叶斯推理引擎:odd_even:low100:pc28_high_regular,target100_bankroll,2026-07,195,195,-31.85,68.15,66.3,33.7,42.6,39,52,104,sample_end,3462672,False,2026-07-28T22:17:30+08:00
predictions,predictor2:贝叶斯推理引擎:odd_even:low100:pc28_high_regular,target100_bankroll,2026-08,95,95,-11.15,88.85,81.2,18.8,19.65,21,24,50,sample_end,3468925,False,2026-08-13T11:18:00+08:00
predictions,predictor2:贝叶斯推理引擎:odd_even:low100:pc28_high_regular,target100_bankroll,2026-09,0,0,0.0,100.0,100.0,0.0,0.0,0,0,0,no_signal,,False,
predictions,predictor2:贝叶斯推理引擎:odd_even:low100:pc28_high_regular,target100_limit99,2026-07,195,195,-31.85,68.15,66.3,33.7,42.6,39,52,104,sample_end,3462672,False,2026-07-28T22:17:30+08:00
predictions,predictor2:贝叶斯推理引擎:odd_even:low100:pc28_high_regular,target100_limit99,2026-08,95,95,-11.15,88.85,81.2,18.8,19.65,21,24,50,sample_end,3468925,False,2026-08-13T11:18:00+08:00
predictions,predictor2:贝叶斯推理引擎:odd_even:low100:pc28_high_regular,target100_limit99,2026-09,0,0,0.0,100.0,100.0,0.0,0.0,0,0,0,no_signal,,False,
predictions,predictor2:贝叶斯推理引擎:odd_even:low100:pc28_netdisk_regular,target100_bankroll,2026-07,195,195,-14.82,85.18,83.24,16.76,25.24,91,0,104,sample_end,3462672,False,2026-07-28T22:17:30+08:00
predictions,predictor2:贝叶斯推理引擎:odd_even:low100:pc28_netdisk_regular,target100_bankroll,2026-08,95,95,-5.9,94.1,84.48,15.52,15.52,45,0,50,sample_end,3468925,False,2026-08-13T11:18:00+08:00
predictions,predictor2:贝叶斯推理引擎:odd_even:low100:pc28_netdisk_regular,target100_bankroll,2026-09,0,0,0.0,100.0,100.0,0.0,0.0,0,0,0,no_signal,,False,
predictions,predictor2:贝叶斯推理引擎:odd_even:low100:pc28_netdisk_regular,target100_limit99,2026-07,195,195,-14.82,85.18,83.24,16.76,25.24,91,0,104,sample_end,3462672,False,2026-07-28T22:17:30+08:00
predictions,predictor2:贝叶斯推理引擎:odd_even:low100:pc28_netdisk_regular,target100_limit99,2026-08,95,95,-5.9,94.1,84.48,15.52,15.52,45,0,50,sample_end,3468925,False,2026-08-13T11:18:00+08:00
predictions,predictor2:贝叶斯推理引擎:odd_even:low100:pc28_netdisk_regular,target100_limit99,2026-09,0,0,0.0,100.0,100.0,0.0,0.0,0,0,0,no_signal,,False,
predictions,predictor4:追长龙:big_small:direct:pc28_high_regular,target100_bankroll,2026-07,6975,2419,-99.95,0.05,0.05,99.95,111.85,613,572,1234,insufficient_for_one_unit,3457388,False,2026-07-15T18:21:30+08:00
predictions,predictor4:追长龙:big_small:direct:pc28_high_regular,target100_bankroll,2026-08,3790,2961,-99.45,0.55,0.55,99.45,117.7,763,687,1511,insufficient_for_one_unit,3469299,False,2026-08-14T09:40:00+08:00
predictions,predictor4:追长龙:big_small:direct:pc28_high_regular,target100_bankroll,2026-09,2482,2482,60.6,160.6,95.65,4.35,50.7,696,559,1227,sample_end,3479182,False,2026-09-07T23:55:30+08:00
predictions,predictor4:追长龙:big_small:direct:pc28_high_regular,target100_limit99,2026-07,6975,2414,-98.95,1.05,1.05,98.95,110.85,613,568,1233,loss_limit,3457380,False,2026-07-15T17:53:30+08:00
predictions,predictor4:追长龙:big_small:direct:pc28_high_regular,target100_limit99,2026-08,3790,2960,-98.45,1.55,1.55,98.45,116.7,763,687,1510,loss_limit,3469298,False,2026-08-14T09:36:30+08:00
predictions,predictor4:追长龙:big_small:direct:pc28_high_regular,target100_limit99,2026-09,2482,2482,60.6,160.6,95.65,4.35,50.7,696,559,1227,sample_end,3479182,False,2026-09-07T23:55:30+08:00
predictions,predictor4:追长龙:big_small:direct:pc28_netdisk_regular,target100_bankroll,2026-07,6975,3388,-99.22,0.78,0.78,99.22,112.64,1661,0,1727,insufficient_for_one_unit,3458602,False,2026-07-18T18:49:30+08:00
predictions,predictor4:追长龙:big_small:direct:pc28_netdisk_regular,target100_bankroll,2026-08,3790,2988,-99.18,0.82,0.82,99.18,113.34,1459,0,1529,insufficient_for_one_unit,3469328,False,2026-08-14T11:21:30+08:00
predictions,predictor4:追长龙:big_small:direct:pc28_netdisk_regular,target100_bankroll,2026-09,2482,2482,2.9,102.9,79.02,20.98,42.0,1255,0,1227,sample_end,3479182,False,2026-09-07T23:55:30+08:00
predictions,predictor4:追长龙:big_small:direct:pc28_netdisk_regular,target100_limit99,2026-07,6975,3385,-98.2,1.8,1.8,98.2,111.62,1660,0,1725,loss_limit,3458599,False,2026-07-18T18:39:00+08:00
predictions,predictor4:追长龙:big_small:direct:pc28_netdisk_regular,target100_limit99,2026-08,3790,2987,-98.18,1.82,1.82,98.18,112.34,1459,0,1528,loss_limit,3469327,False,2026-08-14T11:18:00+08:00
predictions,predictor4:追长龙:big_small:direct:pc28_netdisk_regular,target100_limit99,2026-09,2482,2482,2.9,102.9,79.02,20.98,42.0,1255,0,1227,sample_end,3479182,False,2026-09-07T23:55:30+08:00
predictions,predictor4:追长龙:big_small:high100:pc28_high_regular,target100_bankroll,2026-07,104,104,-1.5,98.5,87.95,12.05,12.05,30,17,57,sample_end,3463411,False,2026-07-30T17:57:00+08:00
predictions,predictor4:追长龙:big_small:high100:pc28_high_regular,target100_bankroll,2026-08,100,100,-10.15,89.85,89.6,10.4,20.2,21,30,49,sample_end,3475905,False,2026-08-30T20:22:00+08:00
predictions,predictor4:追长龙:big_small:high100:pc28_high_regular,target100_bankroll,2026-09,45,45,-3.65,96.35,91.85,8.15,8.15,11,10,24,sample_end,3479067,False,2026-09-07T16:40:00+08:00
predictions,predictor4:追长龙:big_small:high100:pc28_high_regular,target100_limit99,2026-07,104,104,-1.5,98.5,87.95,12.05,12.05,30,17,57,sample_end,3463411,False,2026-07-30T17:57:00+08:00
predictions,predictor4:追长龙:big_small:high100:pc28_high_regular,target100_limit99,2026-08,100,100,-10.15,89.85,89.6,10.4,20.2,21,30,49,sample_end,3475905,False,2026-08-30T20:22:00+08:00
predictions,predictor4:追长龙:big_small:high100:pc28_high_regular,target100_limit99,2026-09,45,45,-3.65,96.35,91.85,8.15,8.15,11,10,24,sample_end,3479067,False,2026-09-07T16:40:00+08:00
predictions,predictor4:追长龙:big_small:high100:pc28_netdisk_regular,target100_bankroll,2026-07,104,104,-10.94,89.06,82.84,17.16,17.16,47,0,57,sample_end,3463411,False,2026-07-30T17:57:00+08:00
predictions,predictor4:追长龙:big_small:high100:pc28_netdisk_regular,target100_bankroll,2026-08,100,100,0.98,100.98,96.66,3.34,13.04,51,0,49,sample_end,3475905,False,2026-08-30T20:22:00+08:00
predictions,predictor4:追长龙:big_small:high100:pc28_netdisk_regular,target100_bankroll,2026-09,45,45,-3.42,96.58,93.78,6.22,7.14,21,0,24,sample_end,3479067,False,2026-09-07T16:40:00+08:00
predictions,predictor4:追长龙:big_small:high100:pc28_netdisk_regular,target100_limit99,2026-07,104,104,-10.94,89.06,82.84,17.16,17.16,47,0,57,sample_end,3463411,False,2026-07-30T17:57:00+08:00
predictions,predictor4:追长龙:big_small:high100:pc28_netdisk_regular,target100_limit99,2026-08,100,100,0.98,100.98,96.66,3.34,13.04,51,0,49,sample_end,3475905,False,2026-08-30T20:22:00+08:00
predictions,predictor4:追长龙:big_small:high100:pc28_netdisk_regular,target100_limit99,2026-09,45,45,-3.42,96.58,93.78,6.22,7.14,21,0,24,sample_end,3479067,False,2026-09-07T16:40:00+08:00
predictions,predictor4:追长龙:big_small:inverse:pc28_high_regular,target100_bankroll,2026-07,6975,6975,-2.7,97.3,40.55,59.45,133.45,1878,1620,3477,sample_end,3463906,False,2026-07-31T23:55:30+08:00
predictions,predictor4:追长龙:big_small:inverse:pc28_high_regular,target100_bankroll,2026-08,3790,2942,101.6,201.6,90.75,9.25,42.25,836,661,1445,profit_target,3469277,True,2026-08-14T08:23:00+08:00
predictions,predictor4:追长龙:big_small:inverse:pc28_high_regular,target100_bankroll,2026-09,2482,2482,-21.05,78.95,63.0,37.0,51.75,667,560,1255,sample_end,3479182,False,2026-09-07T23:55:30+08:00
predictions,predictor4:追长龙:big_small:inverse:pc28_high_regular,target100_limit99,2026-07,6975,6975,-2.7,97.3,40.55,59.45,133.45,1878,1620,3477,sample_end,3463906,False,2026-07-31T23:55:30+08:00
predictions,predictor4:追长龙:big_small:inverse:pc28_high_regular,target100_limit99,2026-08,3790,2942,101.6,201.6,90.75,9.25,42.25,836,661,1445,profit_target,3469277,True,2026-08-14T08:23:00+08:00
predictions,predictor4:追长龙:big_small:inverse:pc28_high_regular,target100_limit99,2026-09,2482,2482,-21.05,78.95,63.0,37.0,51.75,667,560,1255,sample_end,3479182,False,2026-09-07T23:55:30+08:00
predictions,predictor4:追长龙:big_small:inverse:pc28_netdisk_regular,target100_bankroll,2026-07,6975,6975,-48.96,51.04,19.56,80.44,138.66,3498,0,3477,sample_end,3463906,False,2026-07-31T23:55:30+08:00
predictions,predictor4:追长龙:big_small:inverse:pc28_netdisk_regular,target100_bankroll,2026-08,3790,3790,80.9,180.9,71.96,28.04,41.38,1955,0,1835,sample_end,3476368,False,2026-08-31T23:55:30+08:00
predictions,predictor4:追长龙:big_small:inverse:pc28_netdisk_regular,target100_bankroll,2026-09,2482,2482,-52.54,47.46,36.4,63.6,65.52,1227,0,1255,sample_end,3479182,False,2026-09-07T23:55:30+08:00
predictions,predictor4:追长龙:big_small:inverse:pc28_netdisk_regular,target100_limit99,2026-07,6975,6975,-48.96,51.04,19.56,80.44,138.66,3498,0,3477,sample_end,3463906,False,2026-07-31T23:55:30+08:00
predictions,predictor4:追长龙:big_small:inverse:pc28_netdisk_regular,target100_limit99,2026-08,3790,3790,80.9,180.9,71.96,28.04,41.38,1955,0,1835,sample_end,3476368,False,2026-08-31T23:55:30+08:00
predictions,predictor4:追长龙:big_small:inverse:pc28_netdisk_regular,target100_limit99,2026-09,2482,2482,-52.54,47.46,36.4,63.6,65.52,1227,0,1255,sample_end,3479182,False,2026-09-07T23:55:30+08:00
predictions,predictor4:追长龙:big_small:low100:pc28_high_regular,target100_bankroll,2026-07,51,51,1.05,101.05,90.7,9.3,9.3,13,15,23,sample_end,3459773,False,2026-07-21T16:47:00+08:00
predictions,predictor4:追长龙:big_small:low100:pc28_high_regular,target100_bankroll,2026-08,169,169,-14.6,85.4,85.4,14.6,17.85,44,29,96,sample_end,3476368,False,2026-08-31T23:55:30+08:00
predictions,predictor4:追长龙:big_small:low100:pc28_high_regular,target100_bankroll,2026-09,19,19,6.95,106.95,99.55,0.45,2.3,7,6,6,sample_end,3476422,False,2026-09-01T03:04:30+08:00
predictions,predictor4:追长龙:big_small:low100:pc28_high_regular,target100_limit99,2026-07,51,51,1.05,101.05,90.7,9.3,9.3,13,15,23,sample_end,3459773,False,2026-07-21T16:47:00+08:00
predictions,predictor4:追长龙:big_small:low100:pc28_high_regular,target100_limit99,2026-08,169,169,-14.6,85.4,85.4,14.6,17.85,44,29,96,sample_end,3476368,False,2026-08-31T23:55:30+08:00
predictions,predictor4:追长龙:big_small:low100:pc28_high_regular,target100_limit99,2026-09,19,19,6.95,106.95,99.55,0.45,2.3,7,6,6,sample_end,3476422,False,2026-09-01T03:04:30+08:00
predictions,predictor4:追长龙:big_small:low100:pc28_netdisk_regular,target100_bankroll,2026-07,51,51,4.44,104.44,95.8,4.2,5.04,28,0,23,sample_end,3459773,False,2026-07-21T16:47:00+08:00
predictions,predictor4:追长龙:big_small:low100:pc28_netdisk_regular,target100_bankroll,2026-08,169,169,-24.46,75.54,75.54,24.46,25.44,73,0,96,sample_end,3476368,False,2026-08-31T23:55:30+08:00
predictions,predictor4:追长龙:big_small:low100:pc28_netdisk_regular,target100_bankroll,2026-09,19,19,6.74,106.74,97.96,2.04,3.02,13,0,6,sample_end,3476422,False,2026-09-01T03:04:30+08:00
predictions,predictor4:追长龙:big_small:low100:pc28_netdisk_regular,target100_limit99,2026-07,51,51,4.44,104.44,95.8,4.2,5.04,28,0,23,sample_end,3459773,False,2026-07-21T16:47:00+08:00
predictions,predictor4:追长龙:big_small:low100:pc28_netdisk_regular,target100_limit99,2026-08,169,169,-24.46,75.54,75.54,24.46,25.44,73,0,96,sample_end,3476368,False,2026-08-31T23:55:30+08:00
predictions,predictor4:追长龙:big_small:low100:pc28_netdisk_regular,target100_limit99,2026-09,19,19,6.74,106.74,97.96,2.04,3.02,13,0,6,sample_end,3476422,False,2026-09-01T03:04:30+08:00
predictions,predictor4:追长龙:combo:direct:pc28_high_regular,target100_bankroll,2026-07,6975,738,-99.01,0.99,0.99,99.01,128.79,83,92,563,insufficient_for_one_unit,3455533,False,2026-07-11T03:57:00+08:00
predictions,predictor4:追长龙:combo:direct:pc28_high_regular,target100_bankroll,2026-08,3790,864,-99.6,0.4,0.4,99.6,107.72,100,108,656,insufficient_for_one_unit,3465048,False,2026-08-03T20:11:30+08:00
predictions,predictor4:追长龙:combo:direct:pc28_high_regular,target100_bankroll,2026-09,2482,2482,13.36,113.36,42.85,57.15,103.13,337,287,1858,sample_end,3479182,False,2026-09-07T23:55:30+08:00
predictions,predictor4:追长龙:combo:direct:pc28_high_regular,target100_limit99,2026-07,6975,735,-98.01,1.99,1.99,98.01,127.79,83,90,562,loss_limit,3455530,False,2026-07-11T03:46:30+08:00
predictions,predictor4:追长龙:combo:direct:pc28_high_regular,target100_limit99,2026-08,3790,852,-98.38,1.62,1.62,98.38,106.5,99,104,649,loss_limit,3465036,False,2026-08-03T18:56:30+08:00
predictions,predictor4:追长龙:combo:direct:pc28_high_regular,target100_limit99,2026-09,2482,2482,13.36,113.36,42.85,57.15,103.13,337,287,1858,sample_end,3479182,False,2026-09-07T23:55:30+08:00
predictions,predictor4:追长龙:combo:direct:pc28_netdisk_regular,target100_bankroll,2026-07,6975,1346,-99.2,0.8,0.8,99.2,124.8,328,0,1018,insufficient_for_one_unit,3456192,False,2026-07-12T18:56:30+08:00
predictions,predictor4:追长龙:combo:direct:pc28_netdisk_regular,target100_bankroll,2026-08,3790,2714,-99.2,0.8,0.8,99.2,103.2,686,0,2028,insufficient_for_one_unit,3469030,False,2026-08-13T17:25:30+08:00
predictions,predictor4:追长龙:combo:direct:pc28_netdisk_regular,target100_bankroll,2026-09,2482,2482,-78.4,21.6,20.8,79.2,114.8,624,0,1858,sample_end,3479182,False,2026-09-07T23:55:30+08:00
predictions,predictor4:追长龙:combo:direct:pc28_netdisk_regular,target100_limit99,2026-07,6975,1337,-98.6,1.4,1.4,98.6,124.2,326,0,1011,loss_limit,3456182,False,2026-07-12T18:21:30+08:00
predictions,predictor4:追长龙:combo:direct:pc28_netdisk_regular,target100_limit99,2026-08,3790,2713,-98.2,1.8,1.8,98.2,102.2,686,0,2027,loss_limit,3469029,False,2026-08-13T17:22:00+08:00
predictions,predictor4:追长龙:combo:direct:pc28_netdisk_regular,target100_limit99,2026-09,2482,2482,-78.4,21.6,20.8,79.2,114.8,624,0,1858,sample_end,3479182,False,2026-09-07T23:55:30+08:00
predictions,predictor4:追长龙:combo:high100:pc28_high_regular,target100_bankroll,2026-07,933,933,62.2,162.2,48.77,51.23,59.68,135,106,692,sample_end,3463737,False,2026-07-31T13:31:00+08:00
predictions,predictor4:追长龙:combo:high100:pc28_high_regular,target100_bankroll,2026-08,516,516,29.87,129.87,60.67,39.33,39.33,74,59,383,sample_end,3475900,False,2026-08-30T20:04:30+08:00
predictions,predictor4:追长龙:combo:high100:pc28_high_regular,target100_bankroll,2026-09,249,249,-29.25,70.75,46.44,53.56,64.66,30,24,195,sample_end,3479056,False,2026-09-07T16:01:30+08:00
predictions,predictor4:追长龙:combo:high100:pc28_high_regular,target100_limit99,2026-07,933,933,62.2,162.2,48.77,51.23,59.68,135,106,692,sample_end,3463737,False,2026-07-31T13:31:00+08:00
predictions,predictor4:追长龙:combo:high100:pc28_high_regular,target100_limit99,2026-08,516,516,29.87,129.87,60.67,39.33,39.33,74,59,383,sample_end,3475900,False,2026-08-30T20:04:30+08:00
predictions,predictor4:追长龙:combo:high100:pc28_high_regular,target100_limit99,2026-09,249,249,-29.25,70.75,46.44,53.56,64.66,30,24,195,sample_end,3479056,False,2026-09-07T16:01:30+08:00
predictions,predictor4:追长龙:combo:high100:pc28_netdisk_regular,target100_bankroll,2026-07,933,933,-19.2,80.8,53.2,46.8,54.0,241,0,692,sample_end,3463737,False,2026-07-31T13:31:00+08:00
predictions,predictor4:追长龙:combo:high100:pc28_netdisk_regular,target100_bankroll,2026-08,516,516,-10.2,89.8,77.2,22.8,39.2,133,0,383,sample_end,3475900,False,2026-08-30T20:04:30+08:00
predictions,predictor4:追长龙:combo:high100:pc28_netdisk_regular,target100_bankroll,2026-09,249,249,-40.8,59.2,59.2,40.8,44.2,54,0,195,sample_end,3479056,False,2026-09-07T16:01:30+08:00
predictions,predictor4:追长龙:combo:high100:pc28_netdisk_regular,target100_limit99,2026-07,933,933,-19.2,80.8,53.2,46.8,54.0,241,0,692,sample_end,3463737,False,2026-07-31T13:31:00+08:00
predictions,predictor4:追长龙:combo:high100:pc28_netdisk_regular,target100_limit99,2026-08,516,516,-10.2,89.8,77.2,22.8,39.2,133,0,383,sample_end,3475900,False,2026-08-30T20:04:30+08:00
predictions,predictor4:追长龙:combo:high100:pc28_netdisk_regular,target100_limit99,2026-09,249,249,-40.8,59.2,59.2,40.8,44.2,54,0,195,sample_end,3479056,False,2026-09-07T16:01:30+08:00
predictions,predictor4:追长龙:combo:low100:pc28_high_regular,target100_bankroll,2026-07,86,86,32.66,132.66,93.78,6.22,12.0,17,7,62,sample_end,3463634,False,2026-07-31T07:30:30+08:00
predictions,predictor4:追长龙:combo:low100:pc28_high_regular,target100_bankroll,2026-08,191,191,-5.0,95.0,82.54,17.46,35.44,25,21,145,sample_end,3476006,False,2026-08-31T02:15:30+08:00
predictions,predictor4:追长龙:combo:low100:pc28_high_regular,target100_bankroll,2026-09,17,17,-0.89,99.11,93.33,6.67,11.0,2,3,12,sample_end,3478853,False,2026-09-07T04:11:00+08:00
predictions,predictor4:追长龙:combo:low100:pc28_high_regular,target100_limit99,2026-07,86,86,32.66,132.66,93.78,6.22,12.0,17,7,62,sample_end,3463634,False,2026-07-31T07:30:30+08:00
predictions,predictor4:追长龙:combo:low100:pc28_high_regular,target100_limit99,2026-08,191,191,-5.0,95.0,82.54,17.46,35.44,25,21,145,sample_end,3476006,False,2026-08-31T02:15:30+08:00
predictions,predictor4:追长龙:combo:low100:pc28_high_regular,target100_limit99,2026-09,17,17,-0.89,99.11,93.33,6.67,11.0,2,3,12,sample_end,3478853,False,2026-09-07T04:11:00+08:00
predictions,predictor4:追长龙:combo:low100:pc28_netdisk_regular,target100_bankroll,2026-07,86,86,5.2,105.2,93.4,6.6,12.0,24,0,62,sample_end,3463634,False,2026-07-31T07:30:30+08:00
predictions,predictor4:追长龙:combo:low100:pc28_netdisk_regular,target100_bankroll,2026-08,191,191,-14.0,86.0,72.2,27.8,31.4,46,0,145,sample_end,3476006,False,2026-08-31T02:15:30+08:00
predictions,predictor4:追长龙:combo:low100:pc28_netdisk_regular,target100_bankroll,2026-09,17,17,1.6,101.6,95.2,4.8,7.0,5,0,12,sample_end,3478853,False,2026-09-07T04:11:00+08:00
predictions,predictor4:追长龙:combo:low100:pc28_netdisk_regular,target100_limit99,2026-07,86,86,5.2,105.2,93.4,6.6,12.0,24,0,62,sample_end,3463634,False,2026-07-31T07:30:30+08:00
predictions,predictor4:追长龙:combo:low100:pc28_netdisk_regular,target100_limit99,2026-08,191,191,-14.0,86.0,72.2,27.8,31.4,46,0,145,sample_end,3476006,False,2026-08-31T02:15:30+08:00
predictions,predictor4:追长龙:combo:low100:pc28_netdisk_regular,target100_limit99,2026-09,17,17,1.6,101.6,95.2,4.8,7.0,5,0,12,sample_end,3478853,False,2026-09-07T04:11:00+08:00
predictions,predictor4:追长龙:number:direct:pc28_high_regular,target100_bankroll,2026-07,6975,235,-100.0,0.0,0.0,100.0,100.0,11,0,224,bankrupt,3454916,False,2026-07-09T14:51:30+08:00
predictions,predictor4:追长龙:number:direct:pc28_high_regular,target100_bankroll,2026-08,3790,329,-100.0,0.0,0.0,100.0,100.0,19,0,310,bankrupt,3464275,False,2026-08-01T22:00:00+08:00
predictions,predictor4:追长龙:number:direct:pc28_high_regular,target100_bankroll,2026-09,2482,1412,-100.0,0.0,0.0,100.0,132.0,102,0,1310,bankrupt,3477975,False,2026-09-04T23:52:00+08:00
predictions,predictor4:追长龙:number:direct:pc28_high_regular,target100_limit99,2026-07,6975,234,-99.0,1.0,1.0,99.0,99.0,11,0,223,loss_limit,3454915,False,2026-07-09T14:48:00+08:00
predictions,predictor4:追长龙:number:direct:pc28_high_regular,target100_limit99,2026-08,3790,328,-99.0,1.0,1.0,99.0,99.0,19,0,309,loss_limit,3464274,False,2026-08-01T21:56:30+08:00
predictions,predictor4:追长龙:number:direct:pc28_high_regular,target100_limit99,2026-09,2482,1411,-99.0,1.0,1.0,99.0,131.0,102,0,1309,loss_limit,3477974,False,2026-09-04T23:48:30+08:00
predictions,predictor4:追长龙:number:direct:pc28_netdisk_regular,target100_bankroll,2026-07,6975,235,-100.0,0.0,0.0,100.0,100.0,11,0,224,bankrupt,3454916,False,2026-07-09T14:51:30+08:00
predictions,predictor4:追长龙:number:direct:pc28_netdisk_regular,target100_bankroll,2026-08,3790,329,-100.0,0.0,0.0,100.0,100.0,19,0,310,bankrupt,3464275,False,2026-08-01T22:00:00+08:00
predictions,predictor4:追长龙:number:direct:pc28_netdisk_regular,target100_bankroll,2026-09,2482,1406,-100.0,0.0,0.0,100.0,132.0,102,0,1304,bankrupt,3477965,False,2026-09-04T23:17:00+08:00
predictions,predictor4:追长龙:number:direct:pc28_netdisk_regular,target100_limit99,2026-07,6975,234,-99.0,1.0,1.0,99.0,99.0,11,0,223,loss_limit,3454915,False,2026-07-09T14:48:00+08:00
predictions,predictor4:追长龙:number:direct:pc28_netdisk_regular,target100_limit99,2026-08,3790,328,-99.0,1.0,1.0,99.0,99.0,19,0,309,loss_limit,3464274,False,2026-08-01T21:56:30+08:00
predictions,predictor4:追长龙:number:direct:pc28_netdisk_regular,target100_limit99,2026-09,2482,1405,-99.0,1.0,1.0,99.0,131.0,102,0,1303,loss_limit,3477964,False,2026-09-04T23:13:30+08:00
predictions,predictor4:追长龙:odd_even:direct:pc28_high_regular,target100_bankroll,2026-07,6975,6975,-8.3,91.7,74.55,25.45,96.95,1882,1603,3490,sample_end,3463906,False,2026-07-31T23:55:30+08:00
predictions,predictor4:追长龙:odd_even:direct:pc28_high_regular,target100_bankroll,2026-08,3790,3790,-63.6,36.4,28.2,71.8,123.95,1004,865,1921,sample_end,3476368,False,2026-08-31T23:55:30+08:00
predictions,predictor4:追长龙:odd_even:direct:pc28_high_regular,target100_bankroll,2026-09,2482,2482,44.5,144.5,85.45,14.55,52.2,690,560,1232,sample_end,3479182,False,2026-09-07T23:55:30+08:00
predictions,predictor4:追长龙:odd_even:direct:pc28_high_regular,target100_limit99,2026-07,6975,6975,-8.3,91.7,74.55,25.45,96.95,1882,1603,3490,sample_end,3463906,False,2026-07-31T23:55:30+08:00
predictions,predictor4:追长龙:odd_even:direct:pc28_high_regular,target100_limit99,2026-08,3790,3790,-63.6,36.4,28.2,71.8,123.95,1004,865,1921,sample_end,3476368,False,2026-08-31T23:55:30+08:00
predictions,predictor4:追长龙:odd_even:direct:pc28_high_regular,target100_limit99,2026-09,2482,2482,44.5,144.5,85.45,14.55,52.2,690,560,1232,sample_end,3479182,False,2026-09-07T23:55:30+08:00
predictions,predictor4:追长龙:odd_even:direct:pc28_netdisk_regular,target100_bankroll,2026-07,6975,6975,-74.7,25.3,19.76,80.24,144.18,3485,0,3490,sample_end,3463906,False,2026-07-31T23:55:30+08:00
predictions,predictor4:追长龙:odd_even:direct:pc28_netdisk_regular,target100_bankroll,2026-08,3790,3790,-89.38,10.62,2.26,97.74,123.56,1869,0,1921,sample_end,3476368,False,2026-08-31T23:55:30+08:00
predictions,predictor4:追长龙:odd_even:direct:pc28_netdisk_regular,target100_bankroll,2026-09,2482,2482,-7.0,93.0,76.68,23.32,53.82,1250,0,1232,sample_end,3479182,False,2026-09-07T23:55:30+08:00
predictions,predictor4:追长龙:odd_even:direct:pc28_netdisk_regular,target100_limit99,2026-07,6975,6975,-74.7,25.3,19.76,80.24,144.18,3485,0,3490,sample_end,3463906,False,2026-07-31T23:55:30+08:00
predictions,predictor4:追长龙:odd_even:direct:pc28_netdisk_regular,target100_limit99,2026-08,3790,3790,-89.38,10.62,2.26,97.74,123.56,1869,0,1921,sample_end,3476368,False,2026-08-31T23:55:30+08:00
predictions,predictor4:追长龙:odd_even:direct:pc28_netdisk_regular,target100_limit99,2026-09,2482,2482,-7.0,93.0,76.68,23.32,53.82,1250,0,1232,sample_end,3479182,False,2026-09-07T23:55:30+08:00
predictions,predictor4:追长龙:odd_even:high100:pc28_high_regular,target100_bankroll,2026-07,231,231,8.25,108.25,89.4,10.6,10.6,65,54,112,sample_end,3463711,False,2026-07-31T12:00:00+08:00
predictions,predictor4:追长龙:odd_even:high100:pc28_high_regular,target100_bankroll,2026-08,170,170,24.9,124.9,99.85,0.15,10.75,54,41,75,sample_end,3476213,False,2026-08-31T14:20:00+08:00
predictions,predictor4:追长龙:odd_even:high100:pc28_high_regular,target100_bankroll,2026-09,49,49,-2.1,97.9,92.25,7.75,9.6,14,7,28,sample_end,3478556,False,2026-09-06T10:18:30+08:00
predictions,predictor4:追长龙:odd_even:high100:pc28_high_regular,target100_limit99,2026-07,231,231,8.25,108.25,89.4,10.6,10.6,65,54,112,sample_end,3463711,False,2026-07-31T12:00:00+08:00
predictions,predictor4:追长龙:odd_even:high100:pc28_high_regular,target100_limit99,2026-08,170,170,24.9,124.9,99.85,0.15,10.75,54,41,75,sample_end,3476213,False,2026-08-31T14:20:00+08:00
predictions,predictor4:追长龙:odd_even:high100:pc28_high_regular,target100_limit99,2026-09,49,49,-2.1,97.9,92.25,7.75,9.6,14,7,28,sample_end,3478556,False,2026-09-06T10:18:30+08:00
predictions,predictor4:追长龙:odd_even:high100:pc28_netdisk_regular,target100_bankroll,2026-07,231,231,4.62,104.62,94.44,5.56,12.66,119,0,112,sample_end,3463711,False,2026-07-31T12:00:00+08:00
predictions,predictor4:追长龙:odd_even:high100:pc28_netdisk_regular,target100_bankroll,2026-08,170,170,18.1,118.1,99.96,0.04,11.18,95,0,75,sample_end,3476213,False,2026-08-31T14:20:00+08:00
predictions,predictor4:追长龙:odd_even:high100:pc28_netdisk_regular,target100_bankroll,2026-09,49,49,-7.42,92.58,91.72,8.28,12.2,21,0,28,sample_end,3478556,False,2026-09-06T10:18:30+08:00
predictions,predictor4:追长龙:odd_even:high100:pc28_netdisk_regular,target100_limit99,2026-07,231,231,4.62,104.62,94.44,5.56,12.66,119,0,112,sample_end,3463711,False,2026-07-31T12:00:00+08:00
predictions,predictor4:追长龙:odd_even:high100:pc28_netdisk_regular,target100_limit99,2026-08,170,170,18.1,118.1,99.96,0.04,11.18,95,0,75,sample_end,3476213,False,2026-08-31T14:20:00+08:00
predictions,predictor4:追长龙:odd_even:high100:pc28_netdisk_regular,target100_limit99,2026-09,49,49,-7.42,92.58,91.72,8.28,12.2,21,0,28,sample_end,3478556,False,2026-09-06T10:18:30+08:00
predictions,predictor4:追长龙:odd_even:inverse:pc28_high_regular,target100_bankroll,2026-07,6975,3183,-99.15,0.85,0.85,99.15,102.4,821,744,1618,insufficient_for_one_unit,3458366,False,2026-07-18T05:03:30+08:00
predictions,predictor4:追长龙:odd_even:inverse:pc28_high_regular,target100_bankroll,2026-08,3790,3790,51.3,151.3,33.7,66.3,138.1,1038,883,1869,sample_end,3476368,False,2026-08-31T23:55:30+08:00
predictions,predictor4:追长龙:odd_even:inverse:pc28_high_regular,target100_bankroll,2026-09,2482,2482,-4.95,95.05,72.1,27.9,58.55,673,559,1250,sample_end,3479182,False,2026-09-07T23:55:30+08:00
predictions,predictor4:追长龙:odd_even:inverse:pc28_high_regular,target100_limit99,2026-07,6975,3182,-98.15,1.85,1.85,98.15,101.4,821,744,1617,loss_limit,3458365,False,2026-07-18T05:00:00+08:00
predictions,predictor4:追长龙:odd_even:inverse:pc28_high_regular,target100_limit99,2026-08,3790,3790,51.3,151.3,33.7,66.3,138.1,1038,883,1869,sample_end,3476368,False,2026-08-31T23:55:30+08:00
predictions,predictor4:追长龙:odd_even:inverse:pc28_high_regular,target100_limit99,2026-09,2482,2482,-4.95,95.05,72.1,27.9,58.55,673,559,1250,sample_end,3479182,False,2026-09-07T23:55:30+08:00
predictions,predictor4:追长龙:odd_even:inverse:pc28_netdisk_regular,target100_bankroll,2026-07,6975,4107,-99.48,0.52,0.52,99.48,99.48,2024,0,2083,insufficient_for_one_unit,3460211,False,2026-07-22T18:53:00+08:00
predictions,predictor4:追长龙:odd_even:inverse:pc28_netdisk_regular,target100_bankroll,2026-08,3790,3790,13.58,113.58,34.02,65.98,112.4,1921,0,1869,sample_end,3476368,False,2026-08-31T23:55:30+08:00
predictions,predictor4:追长龙:odd_even:inverse:pc28_netdisk_regular,target100_bankroll,2026-09,2482,2482,-42.64,57.36,31.28,68.72,75.82,1232,0,1250,sample_end,3479182,False,2026-09-07T23:55:30+08:00
predictions,predictor4:追长龙:odd_even:inverse:pc28_netdisk_regular,target100_limit99,2026-07,6975,4080,-98.22,1.78,1.78,98.22,98.22,2011,0,2069,loss_limit,3460181,False,2026-07-22T17:08:00+08:00
predictions,predictor4:追长龙:odd_even:inverse:pc28_netdisk_regular,target100_limit99,2026-08,3790,3790,13.58,113.58,34.02,65.98,112.4,1921,0,1869,sample_end,3476368,False,2026-08-31T23:55:30+08:00
predictions,predictor4:追长龙:odd_even:inverse:pc28_netdisk_regular,target100_limit99,2026-09,2482,2482,-42.64,57.36,31.28,68.72,75.82,1232,0,1250,sample_end,3479182,False,2026-09-07T23:55:30+08:00
predictions,predictor4:追长龙:odd_even:low100:pc28_high_regular,target100_bankroll,2026-07,54,54,1.75,101.75,93.85,6.15,7.0,15,13,26,sample_end,3462841,False,2026-07-29T08:09:00+08:00
predictions,predictor4:追长龙:odd_even:low100:pc28_high_regular,target100_bankroll,2026-08,97,97,-14.0,86.0,82.45,17.55,24.05,20,26,51,sample_end,3475992,False,2026-08-31T01:26:30+08:00
predictions,predictor4:追长龙:odd_even:low100:pc28_high_regular,target100_bankroll,2026-09,0,0,0.0,100.0,100.0,0.0,0.0,0,0,0,no_signal,,False,
predictions,predictor4:追长龙:odd_even:low100:pc28_high_regular,target100_limit99,2026-07,54,54,1.75,101.75,93.85,6.15,7.0,15,13,26,sample_end,3462841,False,2026-07-29T08:09:00+08:00
predictions,predictor4:追长龙:odd_even:low100:pc28_high_regular,target100_limit99,2026-08,97,97,-14.0,86.0,82.45,17.55,24.05,20,26,51,sample_end,3475992,False,2026-08-31T01:26:30+08:00
predictions,predictor4:追长龙:odd_even:low100:pc28_high_regular,target100_limit99,2026-09,0,0,0.0,100.0,100.0,0.0,0.0,0,0,0,no_signal,,False,
predictions,predictor4:追长龙:odd_even:low100:pc28_netdisk_regular,target100_bankroll,2026-07,54,54,1.44,101.44,94.62,5.38,6.18,28,0,26,sample_end,3462841,False,2026-07-29T08:09:00+08:00
predictions,predictor4:追长龙:odd_even:low100:pc28_netdisk_regular,target100_bankroll,2026-08,97,97,-5.92,94.08,88.26,11.74,18.36,46,0,51,sample_end,3475992,False,2026-08-31T01:26:30+08:00
predictions,predictor4:追长龙:odd_even:low100:pc28_netdisk_regular,target100_bankroll,2026-09,0,0,0.0,100.0,100.0,0.0,0.0,0,0,0,no_signal,,False,
predictions,predictor4:追长龙:odd_even:low100:pc28_netdisk_regular,target100_limit99,2026-07,54,54,1.44,101.44,94.62,5.38,6.18,28,0,26,sample_end,3462841,False,2026-07-29T08:09:00+08:00
predictions,predictor4:追长龙:odd_even:low100:pc28_netdisk_regular,target100_limit99,2026-08,97,97,-5.92,94.08,88.26,11.74,18.36,46,0,51,sample_end,3475992,False,2026-08-31T01:26:30+08:00
predictions,predictor4:追长龙:odd_even:low100:pc28_netdisk_regular,target100_limit99,2026-09,0,0,0.0,100.0,100.0,0.0,0.0,0,0,0,no_signal,,False,
predictions,predictor5:找平衡:big_small:direct:pc28_high_regular,target100_bankroll,2026-07,8478,8478,58.75,158.75,81.45,18.55,87.4,2295,1996,4187,sample_end,3463907,False,2026-07-31T23:59:00+08:00
predictions,predictor5:找平衡:big_small:direct:pc28_high_regular,target100_bankroll,2026-08,2710,2710,-44.15,55.85,46.6,53.4,63.05,721,611,1378,sample_end,3476369,False,2026-08-31T23:59:00+08:00
predictions,predictor5:找平衡:big_small:direct:pc28_high_regular,target100_bankroll,2026-09,1804,842,100.55,200.55,82.7,17.3,22.05,263,193,386,profit_target,3477271,True,2026-09-03T05:42:00+08:00
predictions,predictor5:找平衡:big_small:direct:pc28_high_regular,target100_limit99,2026-07,8478,8478,58.75,158.75,81.45,18.55,87.4,2295,1996,4187,sample_end,3463907,False,2026-07-31T23:59:00+08:00
predictions,predictor5:找平衡:big_small:direct:pc28_high_regular,target100_limit99,2026-08,2710,2710,-44.15,55.85,46.6,53.4,63.05,721,611,1378,sample_end,3476369,False,2026-08-31T23:59:00+08:00
predictions,predictor5:找平衡:big_small:direct:pc28_high_regular,target100_limit99,2026-09,1804,842,100.55,200.55,82.7,17.3,22.05,263,193,386,profit_target,3477271,True,2026-09-03T05:42:00+08:00
predictions,predictor5:找平衡:big_small:direct:pc28_netdisk_regular,target100_bankroll,2026-07,8478,8478,18.18,118.18,60.96,39.04,86.86,4291,0,4187,sample_end,3463907,False,2026-07-31T23:59:00+08:00
predictions,predictor5:找平衡:big_small:direct:pc28_netdisk_regular,target100_bankroll,2026-08,2710,2710,-72.64,27.36,25.16,74.84,81.52,1332,0,1378,sample_end,3476369,False,2026-08-31T23:59:00+08:00
predictions,predictor5:找平衡:big_small:direct:pc28_netdisk_regular,target100_bankroll,2026-09,1804,1804,-29.92,70.08,69.14,30.86,95.32,896,0,908,sample_end,3479167,False,2026-09-07T23:03:00+08:00
predictions,predictor5:找平衡:big_small:direct:pc28_netdisk_regular,target100_limit99,2026-07,8478,8478,18.18,118.18,60.96,39.04,86.86,4291,0,4187,sample_end,3463907,False,2026-07-31T23:59:00+08:00
predictions,predictor5:找平衡:big_small:direct:pc28_netdisk_regular,target100_limit99,2026-08,2710,2710,-72.64,27.36,25.16,74.84,81.52,1332,0,1378,sample_end,3476369,False,2026-08-31T23:59:00+08:00
predictions,predictor5:找平衡:big_small:direct:pc28_netdisk_regular,target100_limit99,2026-09,1804,1804,-29.92,70.08,69.14,30.86,95.32,896,0,908,sample_end,3479167,False,2026-09-07T23:03:00+08:00
predictions,predictor5:找平衡:big_small:high100:pc28_high_regular,target100_bankroll,2026-07,118,118,-8.5,91.5,82.7,17.3,18.85,30,24,64,sample_end,3462939,False,2026-07-29T13:52:00+08:00
predictions,predictor5:找平衡:big_small:high100:pc28_high_regular,target100_bankroll,2026-08,67,67,-0.7,99.3,99.3,0.7,12.45,18,15,34,sample_end,3467385,False,2026-08-09T15:16:00+08:00
predictions,predictor5:找平衡:big_small:high100:pc28_high_regular,target100_bankroll,2026-09,45,45,17.0,117.0,96.85,3.15,7.0,20,5,20,sample_end,3477251,False,2026-09-03T04:32:00+08:00
predictions,predictor5:找平衡:big_small:high100:pc28_high_regular,target100_limit99,2026-07,118,118,-8.5,91.5,82.7,17.3,18.85,30,24,64,sample_end,3462939,False,2026-07-29T13:52:00+08:00
predictions,predictor5:找平衡:big_small:high100:pc28_high_regular,target100_limit99,2026-08,67,67,-0.7,99.3,99.3,0.7,12.45,18,15,34,sample_end,3467385,False,2026-08-09T15:16:00+08:00
predictions,predictor5:找平衡:big_small:high100:pc28_high_regular,target100_limit99,2026-09,45,45,17.0,117.0,96.85,3.15,7.0,20,5,20,sample_end,3477251,False,2026-09-03T04:32:00+08:00
predictions,predictor5:找平衡:big_small:high100:pc28_netdisk_regular,target100_bankroll,2026-07,118,118,-11.08,88.92,84.14,15.86,19.7,54,0,64,sample_end,3462939,False,2026-07-29T13:52:00+08:00
predictions,predictor5:找平衡:big_small:high100:pc28_netdisk_regular,target100_bankroll,2026-08,67,67,-1.66,98.34,98.34,1.66,12.12,33,0,34,sample_end,3467385,False,2026-08-09T15:16:00+08:00
predictions,predictor5:找平衡:big_small:high100:pc28_netdisk_regular,target100_bankroll,2026-09,45,45,4.5,104.5,99.66,0.34,7.02,25,0,20,sample_end,3477251,False,2026-09-03T04:32:00+08:00
predictions,predictor5:找平衡:big_small:high100:pc28_netdisk_regular,target100_limit99,2026-07,118,118,-11.08,88.92,84.14,15.86,19.7,54,0,64,sample_end,3462939,False,2026-07-29T13:52:00+08:00
predictions,predictor5:找平衡:big_small:high100:pc28_netdisk_regular,target100_limit99,2026-08,67,67,-1.66,98.34,98.34,1.66,12.12,33,0,34,sample_end,3467385,False,2026-08-09T15:16:00+08:00
predictions,predictor5:找平衡:big_small:high100:pc28_netdisk_regular,target100_limit99,2026-09,45,45,4.5,104.5,99.66,0.34,7.02,25,0,20,sample_end,3477251,False,2026-09-03T04:32:00+08:00
predictions,predictor5:找平衡:big_small:inverse:pc28_high_regular,target100_bankroll,2026-07,8478,2835,-99.9,0.1,0.1,99.9,111.5,726,666,1443,insufficient_for_one_unit,3457624,False,2026-07-16T08:40:30+08:00
predictions,predictor5:找平衡:big_small:inverse:pc28_high_regular,target100_bankroll,2026-08,2710,2710,49.95,149.95,81.4,18.6,73.2,747,631,1332,sample_end,3476369,False,2026-08-31T23:59:00+08:00
predictions,predictor5:找平衡:big_small:inverse:pc28_high_regular,target100_bankroll,2026-09,1804,1804,3.1,103.1,16.5,83.5,91.15,486,422,896,sample_end,3479167,False,2026-09-07T23:03:00+08:00
predictions,predictor5:找平衡:big_small:inverse:pc28_high_regular,target100_limit99,2026-07,8478,2816,-98.3,1.7,1.7,98.3,109.9,722,660,1434,loss_limit,3457604,False,2026-07-16T07:30:30+08:00
predictions,predictor5:找平衡:big_small:inverse:pc28_high_regular,target100_limit99,2026-08,2710,2710,49.95,149.95,81.4,18.6,73.2,747,631,1332,sample_end,3476369,False,2026-08-31T23:59:00+08:00
predictions,predictor5:找平衡:big_small:inverse:pc28_high_regular,target100_limit99,2026-09,1804,1804,3.1,103.1,16.5,83.5,91.15,486,422,896,sample_end,3479167,False,2026-09-07T23:03:00+08:00
predictions,predictor5:找平衡:big_small:inverse:pc28_netdisk_regular,target100_bankroll,2026-07,8478,3764,-99.02,0.98,0.98,99.02,106.74,1851,0,1913,insufficient_for_one_unit,3458584,False,2026-07-18T17:46:30+08:00
predictions,predictor5:找平衡:big_small:inverse:pc28_netdisk_regular,target100_bankroll,2026-08,2710,2710,18.44,118.44,73.16,26.84,67.3,1378,0,1332,sample_end,3476369,False,2026-08-31T23:59:00+08:00
predictions,predictor5:找平衡:big_small:inverse:pc28_netdisk_regular,target100_bankroll,2026-09,1804,1804,-6.16,93.84,17.94,82.06,92.9,908,0,896,sample_end,3479167,False,2026-09-07T23:03:00+08:00
predictions,predictor5:找平衡:big_small:inverse:pc28_netdisk_regular,target100_limit99,2026-07,8478,3265,-98.98,1.02,1.02,98.98,106.7,1599,0,1666,loss_limit,3458065,False,2026-07-17T10:57:00+08:00
predictions,predictor5:找平衡:big_small:inverse:pc28_netdisk_regular,target100_limit99,2026-08,2710,2710,18.44,118.44,73.16,26.84,67.3,1378,0,1332,sample_end,3476369,False,2026-08-31T23:59:00+08:00
predictions,predictor5:找平衡:big_small:inverse:pc28_netdisk_regular,target100_limit99,2026-09,1804,1804,-6.16,93.84,17.94,82.06,92.9,908,0,896,sample_end,3479167,False,2026-09-07T23:03:00+08:00
predictions,predictor5:找平衡:big_small:low100:pc28_high_regular,target100_bankroll,2026-07,1,1,0.0,100.0,100.0,0.0,0.0,0,1,0,sample_end,3456086,False,2026-07-12T12:45:30+08:00
predictions,predictor5:找平衡:big_small:low100:pc28_high_regular,target100_bankroll,2026-08,5,5,1.7,101.7,99.0,1.0,1.0,2,1,2,sample_end,3467668,False,2026-08-10T08:19:30+08:00
predictions,predictor5:找平衡:big_small:low100:pc28_high_regular,target100_bankroll,2026-09,27,27,-3.9,96.1,92.4,7.6,8.45,6,6,15,sample_end,3477997,False,2026-09-05T01:09:00+08:00
predictions,predictor5:找平衡:big_small:low100:pc28_high_regular,target100_limit99,2026-07,1,1,0.0,100.0,100.0,0.0,0.0,0,1,0,sample_end,3456086,False,2026-07-12T12:45:30+08:00
predictions,predictor5:找平衡:big_small:low100:pc28_high_regular,target100_limit99,2026-08,5,5,1.7,101.7,99.0,1.0,1.0,2,1,2,sample_end,3467668,False,2026-08-10T08:19:30+08:00
predictions,predictor5:找平衡:big_small:low100:pc28_high_regular,target100_limit99,2026-09,27,27,-3.9,96.1,92.4,7.6,8.45,6,6,15,sample_end,3477997,False,2026-09-05T01:09:00+08:00
predictions,predictor5:找平衡:big_small:low100:pc28_netdisk_regular,target100_bankroll,2026-07,1,1,0.98,100.98,100.0,0.0,0.0,1,0,0,sample_end,3456086,False,2026-07-12T12:45:30+08:00
predictions,predictor5:找平衡:big_small:low100:pc28_netdisk_regular,target100_bankroll,2026-08,5,5,0.94,100.94,99.96,0.04,1.02,3,0,2,sample_end,3467668,False,2026-08-10T08:19:30+08:00
predictions,predictor5:找平衡:big_small:low100:pc28_netdisk_regular,target100_bankroll,2026-09,27,27,-3.24,96.76,92.84,7.16,8.12,12,0,15,sample_end,3477997,False,2026-09-05T01:09:00+08:00
predictions,predictor5:找平衡:big_small:low100:pc28_netdisk_regular,target100_limit99,2026-07,1,1,0.98,100.98,100.0,0.0,0.0,1,0,0,sample_end,3456086,False,2026-07-12T12:45:30+08:00
predictions,predictor5:找平衡:big_small:low100:pc28_netdisk_regular,target100_limit99,2026-08,5,5,0.94,100.94,99.96,0.04,1.02,3,0,2,sample_end,3467668,False,2026-08-10T08:19:30+08:00
predictions,predictor5:找平衡:big_small:low100:pc28_netdisk_regular,target100_limit99,2026-09,27,27,-3.24,96.76,92.84,7.16,8.12,12,0,15,sample_end,3477997,False,2026-09-05T01:09:00+08:00
predictions,predictor5:找平衡:combo:direct:pc28_high_regular,target100_bankroll,2026-07,8478,1438,100.17,200.17,75.52,24.48,53.7,209,181,1048,profit_target,3456182,True,2026-07-12T18:21:30+08:00
predictions,predictor5:找平衡:combo:direct:pc28_high_regular,target100_bankroll,2026-08,2710,1820,-99.42,0.58,0.58,99.42,143.48,236,197,1387,insufficient_for_one_unit,3467628,False,2026-08-10T05:59:30+08:00
predictions,predictor5:找平衡:combo:direct:pc28_high_regular,target100_bankroll,2026-09,1804,1530,-99.19,0.81,0.81,99.19,149.08,192,179,1159,insufficient_for_one_unit,3478117,False,2026-09-05T08:09:00+08:00
predictions,predictor5:找平衡:combo:direct:pc28_high_regular,target100_limit99,2026-07,8478,1438,100.17,200.17,75.52,24.48,53.7,209,181,1048,profit_target,3456182,True,2026-07-12T18:21:30+08:00
predictions,predictor5:找平衡:combo:direct:pc28_high_regular,target100_limit99,2026-08,2710,1819,-98.42,1.58,1.58,98.42,142.48,236,197,1386,loss_limit,3467627,False,2026-08-10T05:56:00+08:00
predictions,predictor5:找平衡:combo:direct:pc28_high_regular,target100_limit99,2026-09,1804,1529,-98.19,1.81,1.81,98.19,148.08,192,179,1158,loss_limit,3478116,False,2026-09-05T08:05:30+08:00
predictions,predictor5:找平衡:combo:direct:pc28_netdisk_regular,target100_bankroll,2026-07,8478,1439,100.0,200.0,79.6,20.4,34.4,391,0,1048,profit_target,3456183,True,2026-07-12T18:25:00+08:00
predictions,predictor5:找平衡:combo:direct:pc28_netdisk_regular,target100_bankroll,2026-08,2710,887,-99.8,0.2,0.2,99.8,121.4,197,0,690,insufficient_for_one_unit,3466657,False,2026-08-07T20:15:00+08:00
predictions,predictor5:找平衡:combo:direct:pc28_netdisk_regular,target100_bankroll,2026-09,1804,1804,-87.4,12.6,6.0,94.0,122.6,439,0,1365,sample_end,3479167,False,2026-09-07T23:03:00+08:00
predictions,predictor5:找平衡:combo:direct:pc28_netdisk_regular,target100_limit99,2026-07,8478,1439,100.0,200.0,79.6,20.4,34.4,391,0,1048,profit_target,3456183,True,2026-07-12T18:25:00+08:00
predictions,predictor5:找平衡:combo:direct:pc28_netdisk_regular,target100_limit99,2026-08,2710,886,-98.8,1.2,1.2,98.8,120.4,197,0,689,loss_limit,3466656,False,2026-08-07T20:11:30+08:00
predictions,predictor5:找平衡:combo:direct:pc28_netdisk_regular,target100_limit99,2026-09,1804,1804,-87.4,12.6,6.0,94.0,122.6,439,0,1365,sample_end,3479167,False,2026-09-07T23:03:00+08:00
predictions,predictor5:找平衡:combo:high100:pc28_high_regular,target100_bankroll,2026-07,1270,1270,-16.31,83.69,41.61,58.39,111.79,173,137,960,sample_end,3463716,False,2026-07-31T12:17:30+08:00
predictions,predictor5:找平衡:combo:high100:pc28_high_regular,target100_bankroll,2026-08,176,176,3.83,103.83,78.32,21.68,27.01,26,13,137,sample_end,3469317,False,2026-08-14T10:43:00+08:00
predictions,predictor5:找平衡:combo:high100:pc28_high_regular,target100_bankroll,2026-09,170,170,-35.91,64.09,61.99,38.01,47.56,18,17,135,sample_end,3479056,False,2026-09-07T16:01:30+08:00
predictions,predictor5:找平衡:combo:high100:pc28_high_regular,target100_limit99,2026-07,1270,1270,-16.31,83.69,41.61,58.39,111.79,173,137,960,sample_end,3463716,False,2026-07-31T12:17:30+08:00
predictions,predictor5:找平衡:combo:high100:pc28_high_regular,target100_limit99,2026-08,176,176,3.83,103.83,78.32,21.68,27.01,26,13,137,sample_end,3469317,False,2026-08-14T10:43:00+08:00
predictions,predictor5:找平衡:combo:high100:pc28_high_regular,target100_limit99,2026-09,170,170,-35.91,64.09,61.99,38.01,47.56,18,17,135,sample_end,3479056,False,2026-09-07T16:01:30+08:00
predictions,predictor5:找平衡:combo:high100:pc28_netdisk_regular,target100_bankroll,2026-07,1270,1270,-31.0,69.0,38.8,61.2,90.4,310,0,960,sample_end,3463716,False,2026-07-31T12:17:30+08:00
predictions,predictor5:找平衡:combo:high100:pc28_netdisk_regular,target100_bankroll,2026-08,176,176,-19.4,80.6,75.2,24.8,28.0,39,0,137,sample_end,3469317,False,2026-08-14T10:43:00+08:00
predictions,predictor5:找平衡:combo:high100:pc28_netdisk_regular,target100_bankroll,2026-09,170,170,-33.8,66.2,64.4,35.6,35.6,35,0,135,sample_end,3479056,False,2026-09-07T16:01:30+08:00
predictions,predictor5:找平衡:combo:high100:pc28_netdisk_regular,target100_limit99,2026-07,1270,1270,-31.0,69.0,38.8,61.2,90.4,310,0,960,sample_end,3463716,False,2026-07-31T12:17:30+08:00
predictions,predictor5:找平衡:combo:high100:pc28_netdisk_regular,target100_limit99,2026-08,176,176,-19.4,80.6,75.2,24.8,28.0,39,0,137,sample_end,3469317,False,2026-08-14T10:43:00+08:00
predictions,predictor5:找平衡:combo:high100:pc28_netdisk_regular,target100_limit99,2026-09,170,170,-33.8,66.2,64.4,35.6,35.6,35,0,135,sample_end,3479056,False,2026-09-07T16:01:30+08:00
predictions,predictor5:找平衡:combo:low100:pc28_high_regular,target100_bankroll,2026-07,183,183,1.63,101.63,99.3,0.7,32.13,26,16,141,sample_end,3463907,False,2026-07-31T23:59:00+08:00
predictions,predictor5:找平衡:combo:low100:pc28_high_regular,target100_bankroll,2026-08,41,41,2.43,102.43,87.11,12.89,13.67,6,5,30,sample_end,3468498,False,2026-08-12T09:50:30+08:00
predictions,predictor5:找平衡:combo:low100:pc28_high_regular,target100_bankroll,2026-09,12,12,3.66,103.66,95.0,5.0,5.0,2,3,7,sample_end,3477998,False,2026-09-05T01:12:30+08:00
predictions,predictor5:找平衡:combo:low100:pc28_high_regular,target100_limit99,2026-07,183,183,1.63,101.63,99.3,0.7,32.13,26,16,141,sample_end,3463907,False,2026-07-31T23:59:00+08:00
predictions,predictor5:找平衡:combo:low100:pc28_high_regular,target100_limit99,2026-08,41,41,2.43,102.43,87.11,12.89,13.67,6,5,30,sample_end,3468498,False,2026-08-12T09:50:30+08:00
predictions,predictor5:找平衡:combo:low100:pc28_high_regular,target100_limit99,2026-09,12,12,3.66,103.66,95.0,5.0,5.0,2,3,7,sample_end,3477998,False,2026-09-05T01:12:30+08:00
predictions,predictor5:找平衡:combo:low100:pc28_netdisk_regular,target100_bankroll,2026-07,183,183,-15.6,84.4,77.8,22.2,34.6,42,0,141,sample_end,3463907,False,2026-07-31T23:59:00+08:00
predictions,predictor5:找平衡:combo:low100:pc28_netdisk_regular,target100_bankroll,2026-08,41,41,3.4,103.4,90.2,9.8,9.8,11,0,30,sample_end,3468498,False,2026-08-12T09:50:30+08:00
predictions,predictor5:找平衡:combo:low100:pc28_netdisk_regular,target100_bankroll,2026-09,12,12,9.0,109.0,95.0,5.0,5.0,5,0,7,sample_end,3477998,False,2026-09-05T01:12:30+08:00
predictions,predictor5:找平衡:combo:low100:pc28_netdisk_regular,target100_limit99,2026-07,183,183,-15.6,84.4,77.8,22.2,34.6,42,0,141,sample_end,3463907,False,2026-07-31T23:59:00+08:00
predictions,predictor5:找平衡:combo:low100:pc28_netdisk_regular,target100_limit99,2026-08,41,41,3.4,103.4,90.2,9.8,9.8,11,0,30,sample_end,3468498,False,2026-08-12T09:50:30+08:00
predictions,predictor5:找平衡:combo:low100:pc28_netdisk_regular,target100_limit99,2026-09,12,12,9.0,109.0,95.0,5.0,5.0,5,0,7,sample_end,3477998,False,2026-09-05T01:12:30+08:00
predictions,predictor5:找平衡:number:direct:pc28_high_regular,target100_bankroll,2026-07,8478,186,-100.0,0.0,0.0,100.0,100.0,7,0,179,bankrupt,3454856,False,2026-07-09T11:21:30+08:00
predictions,predictor5:找平衡:number:direct:pc28_high_regular,target100_bankroll,2026-08,2710,246,-100.0,0.0,0.0,100.0,100.0,12,0,234,bankrupt,3464160,False,2026-08-01T14:44:30+08:00
predictions,predictor5:找平衡:number:direct:pc28_high_regular,target100_bankroll,2026-09,1804,350,-100.0,0.0,0.0,100.0,103.0,20,0,330,bankrupt,3476735,False,2026-09-01T21:53:00+08:00
predictions,predictor5:找平衡:number:direct:pc28_high_regular,target100_limit99,2026-07,8478,185,-99.0,1.0,1.0,99.0,99.0,7,0,178,loss_limit,3454855,False,2026-07-09T11:18:00+08:00
predictions,predictor5:找平衡:number:direct:pc28_high_regular,target100_limit99,2026-08,2710,245,-99.0,1.0,1.0,99.0,99.0,12,0,233,loss_limit,3464159,False,2026-08-01T14:41:00+08:00
predictions,predictor5:找平衡:number:direct:pc28_high_regular,target100_limit99,2026-09,1804,349,-99.0,1.0,1.0,99.0,102.0,20,0,329,loss_limit,3476734,False,2026-09-01T21:49:30+08:00
predictions,predictor5:找平衡:number:direct:pc28_netdisk_regular,target100_bankroll,2026-07,8478,186,-100.0,0.0,0.0,100.0,100.0,7,0,179,bankrupt,3454856,False,2026-07-09T11:21:30+08:00
predictions,predictor5:找平衡:number:direct:pc28_netdisk_regular,target100_bankroll,2026-08,2710,246,-100.0,0.0,0.0,100.0,100.0,12,0,234,bankrupt,3464160,False,2026-08-01T14:44:30+08:00
predictions,predictor5:找平衡:number:direct:pc28_netdisk_regular,target100_bankroll,2026-09,1804,350,-100.0,0.0,0.0,100.0,103.0,20,0,330,bankrupt,3476735,False,2026-09-01T21:53:00+08:00
predictions,predictor5:找平衡:number:direct:pc28_netdisk_regular,target100_limit99,2026-07,8478,185,-99.0,1.0,1.0,99.0,99.0,7,0,178,loss_limit,3454855,False,2026-07-09T11:18:00+08:00
predictions,predictor5:找平衡:number:direct:pc28_netdisk_regular,target100_limit99,2026-08,2710,245,-99.0,1.0,1.0,99.0,99.0,12,0,233,loss_limit,3464159,False,2026-08-01T14:41:00+08:00
predictions,predictor5:找平衡:number:direct:pc28_netdisk_regular,target100_limit99,2026-09,1804,349,-99.0,1.0,1.0,99.0,102.0,20,0,329,loss_limit,3476734,False,2026-09-01T21:49:30+08:00
predictions,predictor5:找平衡:odd_even:direct:pc28_high_regular,target100_bankroll,2026-07,8478,5692,100.3,200.3,80.35,19.65,60.5,1558,1352,2782,profit_target,3460611,True,2026-07-23T18:46:00+08:00
predictions,predictor5:找平衡:odd_even:direct:pc28_high_regular,target100_bankroll,2026-08,2710,2710,-53.5,46.5,31.8,68.2,110.45,710,633,1367,sample_end,3476369,False,2026-08-31T23:59:00+08:00
predictions,predictor5:找平衡:odd_even:direct:pc28_high_regular,target100_bankroll,2026-09,1804,1804,-17.25,82.75,66.9,33.1,49.15,475,433,896,sample_end,3479167,False,2026-09-07T23:03:00+08:00
predictions,predictor5:找平衡:odd_even:direct:pc28_high_regular,target100_limit99,2026-07,8478,5692,100.3,200.3,80.35,19.65,60.5,1558,1352,2782,profit_target,3460611,True,2026-07-23T18:46:00+08:00
predictions,predictor5:找平衡:odd_even:direct:pc28_high_regular,target100_limit99,2026-08,2710,2710,-53.5,46.5,31.8,68.2,110.45,710,633,1367,sample_end,3476369,False,2026-08-31T23:59:00+08:00
predictions,predictor5:找平衡:odd_even:direct:pc28_high_regular,target100_limit99,2026-09,1804,1804,-17.25,82.75,66.9,33.1,49.15,475,433,896,sample_end,3479167,False,2026-09-07T23:03:00+08:00
predictions,predictor5:找平衡:odd_even:direct:pc28_netdisk_regular,target100_bankroll,2026-07,8478,8478,0.36,100.36,65.16,34.84,112.06,4282,0,4196,sample_end,3463907,False,2026-07-31T23:59:00+08:00
predictions,predictor5:找平衡:odd_even:direct:pc28_netdisk_regular,target100_bankroll,2026-08,2710,2710,-50.86,49.14,31.66,68.34,89.26,1343,0,1367,sample_end,3476369,False,2026-08-31T23:59:00+08:00
predictions,predictor5:找平衡:odd_even:direct:pc28_netdisk_regular,target100_bankroll,2026-09,1804,1804,-6.16,93.84,78.66,21.34,32.4,908,0,896,sample_end,3479167,False,2026-09-07T23:03:00+08:00
predictions,predictor5:找平衡:odd_even:direct:pc28_netdisk_regular,target100_limit99,2026-07,8478,8478,0.36,100.36,65.16,34.84,112.06,4282,0,4196,sample_end,3463907,False,2026-07-31T23:59:00+08:00
predictions,predictor5:找平衡:odd_even:direct:pc28_netdisk_regular,target100_limit99,2026-08,2710,2710,-50.86,49.14,31.66,68.34,89.26,1343,0,1367,sample_end,3476369,False,2026-08-31T23:59:00+08:00
predictions,predictor5:找平衡:odd_even:direct:pc28_netdisk_regular,target100_limit99,2026-09,1804,1804,-6.16,93.84,78.66,21.34,32.4,908,0,896,sample_end,3479167,False,2026-09-07T23:03:00+08:00
predictions,predictor5:找平衡:odd_even:high100:pc28_high_regular,target100_bankroll,2026-07,247,247,10.9,110.9,91.25,8.75,17.4,74,47,126,sample_end,3463711,False,2026-07-31T12:00:00+08:00
predictions,predictor5:找平衡:odd_even:high100:pc28_high_regular,target100_bankroll,2026-08,98,98,3.8,103.8,93.35,6.65,15.6,28,22,48,sample_end,3468849,False,2026-08-13T06:52:00+08:00
predictions,predictor5:找平衡:odd_even:high100:pc28_high_regular,target100_bankroll,2026-09,14,14,2.25,102.25,99.7,0.3,3.0,5,2,7,sample_end,3477203,False,2026-09-03T01:44:00+08:00
predictions,predictor5:找平衡:odd_even:high100:pc28_high_regular,target100_limit99,2026-07,247,247,10.9,110.9,91.25,8.75,17.4,74,47,126,sample_end,3463711,False,2026-07-31T12:00:00+08:00
predictions,predictor5:找平衡:odd_even:high100:pc28_high_regular,target100_limit99,2026-08,98,98,3.8,103.8,93.35,6.65,15.6,28,22,48,sample_end,3468849,False,2026-08-13T06:52:00+08:00
predictions,predictor5:找平衡:odd_even:high100:pc28_high_regular,target100_limit99,2026-09,14,14,2.25,102.25,99.7,0.3,3.0,5,2,7,sample_end,3477203,False,2026-09-03T01:44:00+08:00
predictions,predictor5:找平衡:odd_even:high100:pc28_netdisk_regular,target100_bankroll,2026-07,247,247,-7.42,92.58,87.64,12.36,16.62,121,0,126,sample_end,3463711,False,2026-07-31T12:00:00+08:00
predictions,predictor5:找平衡:odd_even:high100:pc28_netdisk_regular,target100_bankroll,2026-08,98,98,1.0,101.0,92.6,7.4,14.18,50,0,48,sample_end,3468849,False,2026-08-13T06:52:00+08:00
predictions,predictor5:找平衡:odd_even:high100:pc28_netdisk_regular,target100_bankroll,2026-09,14,14,-0.14,99.86,97.94,2.06,3.04,7,0,7,sample_end,3477203,False,2026-09-03T01:44:00+08:00
predictions,predictor5:找平衡:odd_even:high100:pc28_netdisk_regular,target100_limit99,2026-07,247,247,-7.42,92.58,87.64,12.36,16.62,121,0,126,sample_end,3463711,False,2026-07-31T12:00:00+08:00
predictions,predictor5:找平衡:odd_even:high100:pc28_netdisk_regular,target100_limit99,2026-08,98,98,1.0,101.0,92.6,7.4,14.18,50,0,48,sample_end,3468849,False,2026-08-13T06:52:00+08:00
predictions,predictor5:找平衡:odd_even:high100:pc28_netdisk_regular,target100_limit99,2026-09,14,14,-0.14,99.86,97.94,2.06,3.04,7,0,7,sample_end,3477203,False,2026-09-03T01:44:00+08:00
predictions,predictor5:找平衡:odd_even:inverse:pc28_high_regular,target100_bankroll,2026-07,8478,2656,-99.9,0.1,0.1,99.9,123.4,686,601,1369,insufficient_for_one_unit,3457439,False,2026-07-15T21:53:00+08:00
predictions,predictor5:找平衡:odd_even:inverse:pc28_high_regular,target100_bankroll,2026-08,2710,2710,59.3,159.3,66.0,34.0,59.9,758,609,1343,sample_end,3476369,False,2026-08-31T23:59:00+08:00
predictions,predictor5:找平衡:odd_even:inverse:pc28_high_regular,target100_bankroll,2026-09,1804,1804,9.6,109.6,90.6,9.4,35.85,496,400,908,sample_end,3479167,False,2026-09-07T23:03:00+08:00
predictions,predictor5:找平衡:odd_even:inverse:pc28_high_regular,target100_limit99,2026-07,8478,2655,-98.9,1.1,1.1,98.9,122.4,686,601,1368,loss_limit,3457438,False,2026-07-15T21:49:30+08:00
predictions,predictor5:找平衡:odd_even:inverse:pc28_high_regular,target100_limit99,2026-08,2710,2710,59.3,159.3,66.0,34.0,59.9,758,609,1343,sample_end,3476369,False,2026-08-31T23:59:00+08:00
predictions,predictor5:找平衡:odd_even:inverse:pc28_high_regular,target100_limit99,2026-09,1804,1804,9.6,109.6,90.6,9.4,35.85,496,400,908,sample_end,3479167,False,2026-09-07T23:03:00+08:00
predictions,predictor5:找平衡:odd_even:inverse:pc28_netdisk_regular,target100_bankroll,2026-07,8478,2600,-99.26,0.74,0.74,99.26,117.32,1263,0,1337,insufficient_for_one_unit,3457381,False,2026-07-15T17:57:00+08:00
predictions,predictor5:找平衡:odd_even:inverse:pc28_netdisk_regular,target100_bankroll,2026-08,2710,2710,-3.34,96.66,70.16,29.84,54.64,1367,0,1343,sample_end,3476369,False,2026-08-31T23:59:00+08:00
predictions,predictor5:找平衡:odd_even:inverse:pc28_netdisk_regular,target100_bankroll,2026-09,1804,1804,-29.92,70.08,62.46,37.54,42.06,896,0,908,sample_end,3479167,False,2026-09-07T23:03:00+08:00
predictions,predictor5:找平衡:odd_even:inverse:pc28_netdisk_regular,target100_limit99,2026-07,8478,2599,-98.26,1.74,1.74,98.26,116.32,1263,0,1336,loss_limit,3457380,False,2026-07-15T17:53:30+08:00
predictions,predictor5:找平衡:odd_even:inverse:pc28_netdisk_regular,target100_limit99,2026-08,2710,2710,-3.34,96.66,70.16,29.84,54.64,1367,0,1343,sample_end,3476369,False,2026-08-31T23:59:00+08:00
predictions,predictor5:找平衡:odd_even:inverse:pc28_netdisk_regular,target100_limit99,2026-09,1804,1804,-29.92,70.08,62.46,37.54,42.06,896,0,908,sample_end,3479167,False,2026-09-07T23:03:00+08:00
predictions,predictor5:找平衡:odd_even:low100:pc28_high_regular,target100_bankroll,2026-07,118,118,6.75,106.75,100.0,0.0,7.85,35,25,58,sample_end,3463901,False,2026-07-31T23:38:00+08:00
predictions,predictor5:找平衡:odd_even:low100:pc28_high_regular,target100_bankroll,2026-08,63,63,5.3,105.3,94.55,5.45,6.3,18,17,28,sample_end,3467588,False,2026-08-10T03:39:30+08:00
predictions,predictor5:找平衡:odd_even:low100:pc28_high_regular,target100_bankroll,2026-09,0,0,0.0,100.0,100.0,0.0,0.0,0,0,0,no_signal,,False,
predictions,predictor5:找平衡:odd_even:low100:pc28_high_regular,target100_limit99,2026-07,118,118,6.75,106.75,100.0,0.0,7.85,35,25,58,sample_end,3463901,False,2026-07-31T23:38:00+08:00
predictions,predictor5:找平衡:odd_even:low100:pc28_high_regular,target100_limit99,2026-08,63,63,5.3,105.3,94.55,5.45,6.3,18,17,28,sample_end,3467588,False,2026-08-10T03:39:30+08:00
predictions,predictor5:找平衡:odd_even:low100:pc28_high_regular,target100_limit99,2026-09,0,0,0.0,100.0,100.0,0.0,0.0,0,0,0,no_signal,,False,
predictions,predictor5:找平衡:odd_even:low100:pc28_netdisk_regular,target100_bankroll,2026-07,118,118,0.8,100.8,92.16,7.84,11.74,60,0,58,sample_end,3463901,False,2026-07-31T23:38:00+08:00
predictions,predictor5:找平衡:odd_even:low100:pc28_netdisk_regular,target100_bankroll,2026-08,63,63,6.3,106.3,94.98,5.02,5.02,35,0,28,sample_end,3467588,False,2026-08-10T03:39:30+08:00
predictions,predictor5:找平衡:odd_even:low100:pc28_netdisk_regular,target100_bankroll,2026-09,0,0,0.0,100.0,100.0,0.0,0.0,0,0,0,no_signal,,False,
predictions,predictor5:找平衡:odd_even:low100:pc28_netdisk_regular,target100_limit99,2026-07,118,118,0.8,100.8,92.16,7.84,11.74,60,0,58,sample_end,3463901,False,2026-07-31T23:38:00+08:00
predictions,predictor5:找平衡:odd_even:low100:pc28_netdisk_regular,target100_limit99,2026-08,63,63,6.3,106.3,94.98,5.02,5.02,35,0,28,sample_end,3467588,False,2026-08-10T03:39:30+08:00
predictions,predictor5:找平衡:odd_even:low100:pc28_netdisk_regular,target100_limit99,2026-09,0,0,0.0,100.0,100.0,0.0,0.0,0,0,0,no_signal,,False,
predictions,predictor7:频次趋势 V1:big_small:direct:pc28_high_regular,target100_bankroll,2026-07,9238,5892,-99.15,0.85,0.85,99.15,176.45,1561,1344,2987,insufficient_for_one_unit,3460560,False,2026-07-23T15:47:30+08:00
predictions,predictor7:频次趋势 V1:big_small:direct:pc28_high_regular,target100_bankroll,2026-08,6234,6234,17.55,117.55,54.45,45.55,69.4,1683,1455,3096,sample_end,3476369,False,2026-08-31T23:59:00+08:00
predictions,predictor7:频次趋势 V1:big_small:direct:pc28_high_regular,target100_bankroll,2026-09,2751,2751,-29.25,70.75,23.85,76.15,77.1,735,627,1389,sample_end,3479182,False,2026-09-07T23:55:30+08:00
predictions,predictor7:频次趋势 V1:big_small:direct:pc28_high_regular,target100_limit99,2026-07,9238,5890,-98.15,1.85,1.85,98.15,175.45,1561,1343,2986,loss_limit,3460558,False,2026-07-23T15:40:30+08:00
predictions,predictor7:频次趋势 V1:big_small:direct:pc28_high_regular,target100_limit99,2026-08,6234,6234,17.55,117.55,54.45,45.55,69.4,1683,1455,3096,sample_end,3476369,False,2026-08-31T23:59:00+08:00
predictions,predictor7:频次趋势 V1:big_small:direct:pc28_high_regular,target100_limit99,2026-09,2751,2751,-29.25,70.75,23.85,76.15,77.1,735,627,1389,sample_end,3479182,False,2026-09-07T23:55:30+08:00
predictions,predictor7:频次趋势 V1:big_small:direct:pc28_netdisk_regular,target100_bankroll,2026-07,9238,5446,-100.0,0.0,0.0,100.0,125.18,2700,0,2746,bankrupt,3460114,False,2026-07-22T13:13:30+08:00
predictions,predictor7:频次趋势 V1:big_small:direct:pc28_netdisk_regular,target100_bankroll,2026-08,6234,6234,-20.76,79.24,29.24,70.76,85.32,3138,0,3096,sample_end,3476369,False,2026-08-31T23:59:00+08:00
predictions,predictor7:频次趋势 V1:big_small:direct:pc28_netdisk_regular,target100_bankroll,2026-09,2751,2751,-54.24,45.76,18.2,81.8,83.72,1362,0,1389,sample_end,3479182,False,2026-09-07T23:55:30+08:00
predictions,predictor7:频次趋势 V1:big_small:direct:pc28_netdisk_regular,target100_limit99,2026-07,9238,5443,-98.98,1.02,1.02,98.98,124.16,2699,0,2744,loss_limit,3460111,False,2026-07-22T13:03:00+08:00
predictions,predictor7:频次趋势 V1:big_small:direct:pc28_netdisk_regular,target100_limit99,2026-08,6234,6234,-20.76,79.24,29.24,70.76,85.32,3138,0,3096,sample_end,3476369,False,2026-08-31T23:59:00+08:00
predictions,predictor7:频次趋势 V1:big_small:direct:pc28_netdisk_regular,target100_limit99,2026-09,2751,2751,-54.24,45.76,18.2,81.8,83.72,1362,0,1389,sample_end,3479182,False,2026-09-07T23:55:30+08:00
predictions,predictor7:频次趋势 V1:big_small:high100:pc28_high_regular,target100_bankroll,2026-07,167,167,4.1,104.1,92.9,7.1,10.9,46,40,81,sample_end,3463748,False,2026-07-31T14:09:30+08:00
predictions,predictor7:频次趋势 V1:big_small:high100:pc28_high_regular,target100_bankroll,2026-08,130,130,-10.95,89.05,89.05,10.95,13.6,33,25,72,sample_end,3476103,False,2026-08-31T07:55:00+08:00
predictions,predictor7:频次趋势 V1:big_small:high100:pc28_high_regular,target100_bankroll,2026-09,2,2,-1.0,99.0,99.0,1.0,1.0,0,1,1,sample_end,3476407,False,2026-09-01T02:12:00+08:00
predictions,predictor7:频次趋势 V1:big_small:high100:pc28_high_regular,target100_limit99,2026-07,167,167,4.1,104.1,92.9,7.1,10.9,46,40,81,sample_end,3463748,False,2026-07-31T14:09:30+08:00
predictions,predictor7:频次趋势 V1:big_small:high100:pc28_high_regular,target100_limit99,2026-08,130,130,-10.95,89.05,89.05,10.95,13.6,33,25,72,sample_end,3476103,False,2026-08-31T07:55:00+08:00
predictions,predictor7:频次趋势 V1:big_small:high100:pc28_high_regular,target100_limit99,2026-09,2,2,-1.0,99.0,99.0,1.0,1.0,0,1,1,sample_end,3476407,False,2026-09-01T02:12:00+08:00
predictions,predictor7:频次趋势 V1:big_small:high100:pc28_netdisk_regular,target100_bankroll,2026-07,167,167,3.28,103.28,97.5,2.5,6.3,86,0,81,sample_end,3463748,False,2026-07-31T14:09:30+08:00
predictions,predictor7:频次趋势 V1:big_small:high100:pc28_netdisk_regular,target100_bankroll,2026-08,130,130,-15.16,84.84,84.84,15.16,16.14,58,0,72,sample_end,3476103,False,2026-08-31T07:55:00+08:00
predictions,predictor7:频次趋势 V1:big_small:high100:pc28_netdisk_regular,target100_bankroll,2026-09,2,2,-0.02,99.98,99.98,0.02,1.0,1,0,1,sample_end,3476407,False,2026-09-01T02:12:00+08:00
predictions,predictor7:频次趋势 V1:big_small:high100:pc28_netdisk_regular,target100_limit99,2026-07,167,167,3.28,103.28,97.5,2.5,6.3,86,0,81,sample_end,3463748,False,2026-07-31T14:09:30+08:00
predictions,predictor7:频次趋势 V1:big_small:high100:pc28_netdisk_regular,target100_limit99,2026-08,130,130,-15.16,84.84,84.84,15.16,16.14,58,0,72,sample_end,3476103,False,2026-08-31T07:55:00+08:00
predictions,predictor7:频次趋势 V1:big_small:high100:pc28_netdisk_regular,target100_limit99,2026-09,2,2,-0.02,99.98,99.98,0.02,1.0,1,0,1,sample_end,3476407,False,2026-09-01T02:12:00+08:00
predictions,predictor7:频次趋势 V1:big_small:inverse:pc28_high_regular,target100_bankroll,2026-07,9238,7429,101.7,201.7,1.0,99.0,107.85,2022,1768,3639,profit_target,3462098,True,2026-07-27T11:42:30+08:00
predictions,predictor7:频次趋势 V1:big_small:inverse:pc28_high_regular,target100_bankroll,2026-08,6234,6234,-85.5,14.5,6.8,93.2,151.9,1650,1446,3138,sample_end,3476369,False,2026-08-31T23:59:00+08:00
predictions,predictor7:频次趋势 V1:big_small:inverse:pc28_high_regular,target100_bankroll,2026-09,2751,2751,51.4,151.4,96.5,3.5,59.6,764,625,1362,sample_end,3479182,False,2026-09-07T23:55:30+08:00
predictions,predictor7:频次趋势 V1:big_small:inverse:pc28_high_regular,target100_limit99,2026-07,9238,2905,-99.0,1.0,1.0,99.0,107.85,740,697,1468,loss_limit,3457571,False,2026-07-16T05:35:00+08:00
predictions,predictor7:频次趋势 V1:big_small:inverse:pc28_high_regular,target100_limit99,2026-08,6234,6234,-85.5,14.5,6.8,93.2,151.9,1650,1446,3138,sample_end,3476369,False,2026-08-31T23:59:00+08:00
predictions,predictor7:频次趋势 V1:big_small:inverse:pc28_high_regular,target100_limit99,2026-09,2751,2751,51.4,151.4,96.5,3.5,59.6,764,625,1362,sample_end,3479182,False,2026-09-07T23:55:30+08:00
predictions,predictor7:频次趋势 V1:big_small:inverse:pc28_netdisk_regular,target100_bankroll,2026-07,9238,9238,28.4,128.4,24.26,75.74,80.56,4680,0,4558,sample_end,3463907,False,2026-07-31T23:59:00+08:00
predictions,predictor7:频次趋势 V1:big_small:inverse:pc28_netdisk_regular,target100_bankroll,2026-08,6234,6226,-99.88,0.12,0.12,99.88,131.08,3094,0,3132,insufficient_for_one_unit,3476361,False,2026-08-31T23:31:00+08:00
predictions,predictor7:频次趋势 V1:big_small:inverse:pc28_netdisk_regular,target100_bankroll,2026-09,2751,2751,-0.78,99.22,93.22,6.78,49.72,1389,0,1362,sample_end,3479182,False,2026-09-07T23:55:30+08:00
predictions,predictor7:频次趋势 V1:big_small:inverse:pc28_netdisk_regular,target100_limit99,2026-07,9238,9238,28.4,128.4,24.26,75.74,80.56,4680,0,4558,sample_end,3463907,False,2026-07-31T23:59:00+08:00
predictions,predictor7:频次趋势 V1:big_small:inverse:pc28_netdisk_regular,target100_limit99,2026-08,6234,6225,-98.88,1.12,1.12,98.88,130.08,3094,0,3131,loss_limit,3476360,False,2026-08-31T23:27:30+08:00
predictions,predictor7:频次趋势 V1:big_small:inverse:pc28_netdisk_regular,target100_limit99,2026-09,2751,2751,-0.78,99.22,93.22,6.78,49.72,1389,0,1362,sample_end,3479182,False,2026-09-07T23:55:30+08:00
predictions,predictor7:频次趋势 V1:big_small:low100:pc28_high_regular,target100_bankroll,2026-07,129,129,-3.1,96.9,84.85,15.15,15.15,34,29,66,sample_end,3461564,False,2026-07-26T04:00:30+08:00
predictions,predictor7:频次趋势 V1:big_small:low100:pc28_high_regular,target100_bankroll,2026-08,36,36,-4.05,95.95,90.85,9.15,10.0,7,12,17,sample_end,3468974,False,2026-08-13T14:09:30+08:00
predictions,predictor7:频次趋势 V1:big_small:low100:pc28_high_regular,target100_bankroll,2026-09,9,9,0.7,100.7,99.0,1.0,1.0,2,4,3,sample_end,3478301,False,2026-09-05T18:53:00+08:00
predictions,predictor7:频次趋势 V1:big_small:low100:pc28_high_regular,target100_limit99,2026-07,129,129,-3.1,96.9,84.85,15.15,15.15,34,29,66,sample_end,3461564,False,2026-07-26T04:00:30+08:00
predictions,predictor7:频次趋势 V1:big_small:low100:pc28_high_regular,target100_limit99,2026-08,36,36,-4.05,95.95,90.85,9.15,10.0,7,12,17,sample_end,3468974,False,2026-08-13T14:09:30+08:00
predictions,predictor7:频次趋势 V1:big_small:low100:pc28_high_regular,target100_limit99,2026-09,9,9,0.7,100.7,99.0,1.0,1.0,2,4,3,sample_end,3478301,False,2026-09-05T18:53:00+08:00
predictions,predictor7:频次趋势 V1:big_small:low100:pc28_netdisk_regular,target100_bankroll,2026-07,129,129,-4.26,95.74,84.22,15.78,15.78,63,0,66,sample_end,3461564,False,2026-07-26T04:00:30+08:00
predictions,predictor7:频次趋势 V1:big_small:low100:pc28_netdisk_regular,target100_bankroll,2026-08,36,36,1.62,101.62,91.94,8.06,9.02,19,0,17,sample_end,3468974,False,2026-08-13T14:09:30+08:00
predictions,predictor7:频次趋势 V1:big_small:low100:pc28_netdisk_regular,target100_bankroll,2026-09,9,9,2.88,102.88,98.98,1.02,1.02,6,0,3,sample_end,3478301,False,2026-09-05T18:53:00+08:00
predictions,predictor7:频次趋势 V1:big_small:low100:pc28_netdisk_regular,target100_limit99,2026-07,129,129,-4.26,95.74,84.22,15.78,15.78,63,0,66,sample_end,3461564,False,2026-07-26T04:00:30+08:00
predictions,predictor7:频次趋势 V1:big_small:low100:pc28_netdisk_regular,target100_limit99,2026-08,36,36,1.62,101.62,91.94,8.06,9.02,19,0,17,sample_end,3468974,False,2026-08-13T14:09:30+08:00
predictions,predictor7:频次趋势 V1:big_small:low100:pc28_netdisk_regular,target100_limit99,2026-09,9,9,2.88,102.88,98.98,1.02,1.02,6,0,3,sample_end,3478301,False,2026-09-05T18:53:00+08:00
predictions,predictor7:频次趋势 V1:combo:direct:pc28_high_regular,target100_bankroll,2026-07,9238,3064,-99.9,0.1,0.1,99.9,142.75,390,382,2292,insufficient_for_one_unit,3457730,False,2026-07-16T14:51:30+08:00
predictions,predictor7:频次趋势 V1:combo:direct:pc28_high_regular,target100_bankroll,2026-08,6234,669,-99.83,0.17,0.17,99.83,145.35,74,85,510,insufficient_for_one_unit,3464577,False,2026-08-02T15:37:00+08:00
predictions,predictor7:频次趋势 V1:combo:direct:pc28_high_regular,target100_bankroll,2026-09,2751,1861,-99.19,0.81,0.81,99.19,135.74,237,204,1420,insufficient_for_one_unit,3478264,False,2026-09-05T16:43:30+08:00
predictions,predictor7:频次趋势 V1:combo:direct:pc28_high_regular,target100_limit99,2026-07,9238,3056,-98.68,1.32,1.32,98.68,141.53,389,382,2285,loss_limit,3457722,False,2026-07-16T14:23:30+08:00
predictions,predictor7:频次趋势 V1:combo:direct:pc28_high_regular,target100_limit99,2026-08,6234,668,-98.83,1.17,1.17,98.83,144.35,74,85,509,loss_limit,3464576,False,2026-08-02T15:33:30+08:00
predictions,predictor7:频次趋势 V1:combo:direct:pc28_high_regular,target100_limit99,2026-09,2751,1859,-98.19,1.81,1.81,98.19,134.74,237,203,1419,loss_limit,3478262,False,2026-09-05T16:36:30+08:00
predictions,predictor7:频次趋势 V1:combo:direct:pc28_netdisk_regular,target100_bankroll,2026-07,9238,1886,-99.2,0.8,0.8,99.2,120.2,473,0,1413,insufficient_for_one_unit,3456552,False,2026-07-13T16:29:30+08:00
predictions,predictor7:频次趋势 V1:combo:direct:pc28_netdisk_regular,target100_bankroll,2026-08,6234,2018,-99.2,0.8,0.8,99.2,129.8,499,0,1519,insufficient_for_one_unit,3465971,False,2026-08-06T03:08:00+08:00
predictions,predictor7:频次趋势 V1:combo:direct:pc28_netdisk_regular,target100_bankroll,2026-09,2751,1361,-99.2,0.8,0.8,99.2,99.2,332,0,1029,insufficient_for_one_unit,3477746,False,2026-09-04T09:57:30+08:00
predictions,predictor7:频次趋势 V1:combo:direct:pc28_netdisk_regular,target100_limit99,2026-07,9238,1885,-98.2,1.8,1.8,98.2,119.2,473,0,1412,loss_limit,3456551,False,2026-07-13T16:26:00+08:00
predictions,predictor7:频次趋势 V1:combo:direct:pc28_netdisk_regular,target100_limit99,2026-08,6234,2017,-98.2,1.8,1.8,98.2,128.8,499,0,1518,loss_limit,3465970,False,2026-08-06T03:04:30+08:00
predictions,predictor7:频次趋势 V1:combo:direct:pc28_netdisk_regular,target100_limit99,2026-09,2751,1360,-98.2,1.8,1.8,98.2,98.2,332,0,1028,loss_limit,3477745,False,2026-09-04T09:54:00+08:00
predictions,predictor7:频次趋势 V1:combo:high100:pc28_high_regular,target100_bankroll,2026-07,1609,1076,-99.03,0.97,0.97,99.03,108.98,129,119,828,insufficient_for_one_unit,3461112,False,2026-07-25T01:05:30+08:00
predictions,predictor7:频次趋势 V1:combo:high100:pc28_high_regular,target100_bankroll,2026-08,900,900,-3.07,96.93,65.98,34.02,73.67,121,104,675,sample_end,3476369,False,2026-08-31T23:59:00+08:00
predictions,predictor7:频次趋势 V1:combo:high100:pc28_high_regular,target100_bankroll,2026-09,470,470,19.42,119.42,79.23,20.77,26.33,64,60,346,sample_end,3478939,False,2026-09-07T09:12:00+08:00
predictions,predictor7:频次趋势 V1:combo:high100:pc28_high_regular,target100_limit99,2026-07,1609,1075,-98.03,1.97,1.97,98.03,107.98,129,119,827,loss_limit,3461111,False,2026-07-25T01:02:00+08:00
predictions,predictor7:频次趋势 V1:combo:high100:pc28_high_regular,target100_limit99,2026-08,900,900,-3.07,96.93,65.98,34.02,73.67,121,104,675,sample_end,3476369,False,2026-08-31T23:59:00+08:00
predictions,predictor7:频次趋势 V1:combo:high100:pc28_high_regular,target100_limit99,2026-09,470,470,19.42,119.42,79.23,20.77,26.33,64,60,346,sample_end,3478939,False,2026-09-07T09:12:00+08:00
predictions,predictor7:频次趋势 V1:combo:high100:pc28_netdisk_regular,target100_bankroll,2026-07,1609,713,-99.8,0.2,0.2,99.8,99.8,165,0,548,insufficient_for_one_unit,3458726,False,2026-07-19T02:36:30+08:00
predictions,predictor7:频次趋势 V1:combo:high100:pc28_netdisk_regular,target100_bankroll,2026-08,900,900,-28.2,71.8,68.6,31.4,57.8,225,0,675,sample_end,3476369,False,2026-08-31T23:59:00+08:00
predictions,predictor7:频次趋势 V1:combo:high100:pc28_netdisk_regular,target100_bankroll,2026-09,470,470,-10.4,89.6,69.8,30.2,30.2,124,0,346,sample_end,3478939,False,2026-09-07T09:12:00+08:00
predictions,predictor7:频次趋势 V1:combo:high100:pc28_netdisk_regular,target100_limit99,2026-07,1609,712,-98.8,1.2,1.2,98.8,98.8,165,0,547,loss_limit,3458725,False,2026-07-19T02:33:00+08:00
predictions,predictor7:频次趋势 V1:combo:high100:pc28_netdisk_regular,target100_limit99,2026-08,900,900,-28.2,71.8,68.6,31.4,57.8,225,0,675,sample_end,3476369,False,2026-08-31T23:59:00+08:00
predictions,predictor7:频次趋势 V1:combo:high100:pc28_netdisk_regular,target100_limit99,2026-09,470,470,-10.4,89.6,69.8,30.2,30.2,124,0,346,sample_end,3478939,False,2026-09-07T09:12:00+08:00
predictions,predictor7:频次趋势 V1:combo:low100:pc28_high_regular,target100_bankroll,2026-07,46,46,7.01,107.01,90.78,9.22,15.0,7,6,33,sample_end,3462618,False,2026-07-28T18:35:30+08:00
predictions,predictor7:频次趋势 V1:combo:low100:pc28_high_regular,target100_bankroll,2026-08,49,49,12.32,112.32,88.22,11.78,13.44,9,3,37,sample_end,3476185,False,2026-08-31T12:42:00+08:00
predictions,predictor7:频次趋势 V1:combo:low100:pc28_high_regular,target100_bankroll,2026-09,47,47,1.43,101.43,96.0,4.0,9.0,6,10,31,sample_end,3478263,False,2026-09-05T16:40:00+08:00
predictions,predictor7:频次趋势 V1:combo:low100:pc28_high_regular,target100_limit99,2026-07,46,46,7.01,107.01,90.78,9.22,15.0,7,6,33,sample_end,3462618,False,2026-07-28T18:35:30+08:00
predictions,predictor7:频次趋势 V1:combo:low100:pc28_high_regular,target100_limit99,2026-08,49,49,12.32,112.32,88.22,11.78,13.44,9,3,37,sample_end,3476185,False,2026-08-31T12:42:00+08:00
predictions,predictor7:频次趋势 V1:combo:low100:pc28_high_regular,target100_limit99,2026-09,47,47,1.43,101.43,96.0,4.0,9.0,6,10,31,sample_end,3478263,False,2026-09-05T16:40:00+08:00
predictions,predictor7:频次趋势 V1:combo:low100:pc28_netdisk_regular,target100_bankroll,2026-07,46,46,1.4,101.4,88.6,11.4,14.0,13,0,33,sample_end,3462618,False,2026-07-28T18:35:30+08:00
predictions,predictor7:频次趋势 V1:combo:low100:pc28_netdisk_regular,target100_bankroll,2026-08,49,49,-1.6,98.4,86.0,14.0,14.0,12,0,37,sample_end,3476185,False,2026-08-31T12:42:00+08:00
predictions,predictor7:频次趋势 V1:combo:low100:pc28_netdisk_regular,target100_bankroll,2026-09,47,47,16.6,116.6,96.0,4.0,8.0,16,0,31,sample_end,3478263,False,2026-09-05T16:40:00+08:00
predictions,predictor7:频次趋势 V1:combo:low100:pc28_netdisk_regular,target100_limit99,2026-07,46,46,1.4,101.4,88.6,11.4,14.0,13,0,33,sample_end,3462618,False,2026-07-28T18:35:30+08:00
predictions,predictor7:频次趋势 V1:combo:low100:pc28_netdisk_regular,target100_limit99,2026-08,49,49,-1.6,98.4,86.0,14.0,14.0,12,0,37,sample_end,3476185,False,2026-08-31T12:42:00+08:00
predictions,predictor7:频次趋势 V1:combo:low100:pc28_netdisk_regular,target100_limit99,2026-09,47,47,16.6,116.6,96.0,4.0,8.0,16,0,31,sample_end,3478263,False,2026-09-05T16:40:00+08:00
predictions,predictor7:频次趋势 V1:number:direct:pc28_high_regular,target100_bankroll,2026-07,9238,538,-100.0,0.0,0.0,100.0,184.0,31,0,507,bankrupt,3455199,False,2026-07-10T07:55:00+08:00
predictions,predictor7:频次趋势 V1:number:direct:pc28_high_regular,target100_bankroll,2026-08,6234,408,-100.0,0.0,0.0,100.0,109.0,24,0,384,bankrupt,3464315,False,2026-08-02T00:20:00+08:00
predictions,predictor7:频次趋势 V1:number:direct:pc28_high_regular,target100_bankroll,2026-09,2751,497,111.0,211.0,84.0,16.0,89.0,47,0,450,profit_target,3476870,True,2026-09-02T05:45:30+08:00
predictions,predictor7:频次趋势 V1:number:direct:pc28_high_regular,target100_limit99,2026-07,9238,537,-99.0,1.0,1.0,99.0,183.0,31,0,506,loss_limit,3455198,False,2026-07-10T07:51:30+08:00
predictions,predictor7:频次趋势 V1:number:direct:pc28_high_regular,target100_limit99,2026-08,6234,381,-99.0,1.0,1.0,99.0,108.0,22,0,359,loss_limit,3464288,False,2026-08-01T22:45:30+08:00
predictions,predictor7:频次趋势 V1:number:direct:pc28_high_regular,target100_limit99,2026-09,2751,497,111.0,211.0,84.0,16.0,89.0,47,0,450,profit_target,3476870,True,2026-09-02T05:45:30+08:00
predictions,predictor7:频次趋势 V1:number:direct:pc28_netdisk_regular,target100_bankroll,2026-07,9238,531,-100.0,0.0,0.0,100.0,177.0,31,0,500,bankrupt,3455192,False,2026-07-10T07:30:30+08:00
predictions,predictor7:频次趋势 V1:number:direct:pc28_netdisk_regular,target100_bankroll,2026-08,6234,381,-100.0,0.0,0.0,100.0,109.0,22,0,359,bankrupt,3464288,False,2026-08-01T22:45:30+08:00
predictions,predictor7:频次趋势 V1:number:direct:pc28_netdisk_regular,target100_bankroll,2026-09,2751,497,111.0,211.0,84.0,16.0,89.0,47,0,450,profit_target,3476870,True,2026-09-02T05:45:30+08:00
predictions,predictor7:频次趋势 V1:number:direct:pc28_netdisk_regular,target100_limit99,2026-07,9238,530,-99.0,1.0,1.0,99.0,176.0,31,0,499,loss_limit,3455191,False,2026-07-10T07:27:00+08:00
predictions,predictor7:频次趋势 V1:number:direct:pc28_netdisk_regular,target100_limit99,2026-08,6234,380,-99.0,1.0,1.0,99.0,108.0,22,0,358,loss_limit,3464287,False,2026-08-01T22:42:00+08:00
predictions,predictor7:频次趋势 V1:number:direct:pc28_netdisk_regular,target100_limit99,2026-09,2751,497,111.0,211.0,84.0,16.0,89.0,47,0,450,profit_target,3476870,True,2026-09-02T05:45:30+08:00
predictions,predictor7:频次趋势 V1:odd_even:direct:pc28_high_regular,target100_bankroll,2026-07,9238,9238,62.5,162.5,25.8,74.2,74.2,2510,2147,4581,sample_end,3463907,False,2026-07-31T23:59:00+08:00
predictions,predictor7:频次趋势 V1:odd_even:direct:pc28_high_regular,target100_bankroll,2026-08,6234,6234,-32.6,67.4,4.0,96.0,110.85,1664,1459,3111,sample_end,3476369,False,2026-08-31T23:59:00+08:00
predictions,predictor7:频次趋势 V1:odd_even:direct:pc28_high_regular,target100_bankroll,2026-09,2751,2751,57.45,157.45,84.3,15.7,48.9,777,594,1380,sample_end,3479182,False,2026-09-07T23:55:30+08:00
predictions,predictor7:频次趋势 V1:odd_even:direct:pc28_high_regular,target100_limit99,2026-07,9238,9238,62.5,162.5,25.8,74.2,74.2,2510,2147,4581,sample_end,3463907,False,2026-07-31T23:59:00+08:00
predictions,predictor7:频次趋势 V1:odd_even:direct:pc28_high_regular,target100_limit99,2026-08,6234,6234,-32.6,67.4,4.0,96.0,110.85,1664,1459,3111,sample_end,3476369,False,2026-08-31T23:59:00+08:00
predictions,predictor7:频次趋势 V1:odd_even:direct:pc28_high_regular,target100_limit99,2026-09,2751,2751,57.45,157.45,84.3,15.7,48.9,777,594,1380,sample_end,3479182,False,2026-09-07T23:55:30+08:00
predictions,predictor7:频次趋势 V1:odd_even:direct:pc28_netdisk_regular,target100_bankroll,2026-07,9238,9238,-17.14,82.86,25.64,74.36,79.04,4657,0,4581,sample_end,3463907,False,2026-07-31T23:59:00+08:00
predictions,predictor7:频次趋势 V1:odd_even:direct:pc28_netdisk_regular,target100_bankroll,2026-08,6234,6234,-50.46,49.54,11.34,88.66,93.7,3123,0,3111,sample_end,3476369,False,2026-08-31T23:59:00+08:00
predictions,predictor7:频次趋势 V1:odd_even:direct:pc28_netdisk_regular,target100_bankroll,2026-09,2751,2751,-36.42,63.58,59.72,40.28,60.78,1371,0,1380,sample_end,3479182,False,2026-09-07T23:55:30+08:00
predictions,predictor7:频次趋势 V1:odd_even:direct:pc28_netdisk_regular,target100_limit99,2026-07,9238,9238,-17.14,82.86,25.64,74.36,79.04,4657,0,4581,sample_end,3463907,False,2026-07-31T23:59:00+08:00
predictions,predictor7:频次趋势 V1:odd_even:direct:pc28_netdisk_regular,target100_limit99,2026-08,6234,6234,-50.46,49.54,11.34,88.66,93.7,3123,0,3111,sample_end,3476369,False,2026-08-31T23:59:00+08:00
predictions,predictor7:频次趋势 V1:odd_even:direct:pc28_netdisk_regular,target100_limit99,2026-09,2751,2751,-36.42,63.58,59.72,40.28,60.78,1371,0,1380,sample_end,3479182,False,2026-09-07T23:55:30+08:00
predictions,predictor7:频次趋势 V1:odd_even:high100:pc28_high_regular,target100_bankroll,2026-07,330,330,0.35,100.35,95.85,4.15,15.8,91,71,168,sample_end,3463740,False,2026-07-31T13:41:30+08:00
predictions,predictor7:频次趋势 V1:odd_even:high100:pc28_high_regular,target100_bankroll,2026-08,158,158,-20.95,79.05,79.05,20.95,21.35,33,43,82,sample_end,3468699,False,2026-08-12T22:07:00+08:00
predictions,predictor7:频次趋势 V1:odd_even:high100:pc28_high_regular,target100_bankroll,2026-09,56,56,-6.95,93.05,88.95,11.05,11.05,13,12,31,sample_end,3478116,False,2026-09-05T08:05:30+08:00
predictions,predictor7:频次趋势 V1:odd_even:high100:pc28_high_regular,target100_limit99,2026-07,330,330,0.35,100.35,95.85,4.15,15.8,91,71,168,sample_end,3463740,False,2026-07-31T13:41:30+08:00
predictions,predictor7:频次趋势 V1:odd_even:high100:pc28_high_regular,target100_limit99,2026-08,158,158,-20.95,79.05,79.05,20.95,21.35,33,43,82,sample_end,3468699,False,2026-08-12T22:07:00+08:00
predictions,predictor7:频次趋势 V1:odd_even:high100:pc28_high_regular,target100_limit99,2026-09,56,56,-6.95,93.05,88.95,11.05,11.05,13,12,31,sample_end,3478116,False,2026-09-05T08:05:30+08:00
predictions,predictor7:频次趋势 V1:odd_even:high100:pc28_netdisk_regular,target100_bankroll,2026-07,330,330,-9.24,90.76,90.76,9.24,20.12,162,0,168,sample_end,3463740,False,2026-07-31T13:41:30+08:00
predictions,predictor7:频次趋势 V1:odd_even:high100:pc28_netdisk_regular,target100_bankroll,2026-08,158,158,-7.52,92.48,90.62,9.38,13.5,76,0,82,sample_end,3468699,False,2026-08-12T22:07:00+08:00
predictions,predictor7:频次趋势 V1:odd_even:high100:pc28_netdisk_regular,target100_bankroll,2026-09,56,56,-6.5,93.5,89.78,10.22,10.22,25,0,31,sample_end,3478116,False,2026-09-05T08:05:30+08:00
predictions,predictor7:频次趋势 V1:odd_even:high100:pc28_netdisk_regular,target100_limit99,2026-07,330,330,-9.24,90.76,90.76,9.24,20.12,162,0,168,sample_end,3463740,False,2026-07-31T13:41:30+08:00
predictions,predictor7:频次趋势 V1:odd_even:high100:pc28_netdisk_regular,target100_limit99,2026-08,158,158,-7.52,92.48,90.62,9.38,13.5,76,0,82,sample_end,3468699,False,2026-08-12T22:07:00+08:00
predictions,predictor7:频次趋势 V1:odd_even:high100:pc28_netdisk_regular,target100_limit99,2026-09,56,56,-6.5,93.5,89.78,10.22,10.22,25,0,31,sample_end,3478116,False,2026-09-05T08:05:30+08:00
predictions,predictor7:频次趋势 V1:odd_even:inverse:pc28_high_regular,target100_bankroll,2026-07,9238,4007,-99.85,0.15,0.15,99.85,164.3,1039,946,2022,insufficient_for_one_unit,3458674,False,2026-07-18T23:34:30+08:00
predictions,predictor7:频次趋势 V1:odd_even:inverse:pc28_high_regular,target100_bankroll,2026-08,6234,6234,-35.35,64.65,49.4,50.6,104.4,1669,1442,3123,sample_end,3476369,False,2026-08-31T23:59:00+08:00
predictions,predictor7:频次趋势 V1:odd_even:inverse:pc28_high_regular,target100_bankroll,2026-09,2751,2751,-35.3,64.7,12.4,87.6,94.2,722,658,1371,sample_end,3479182,False,2026-09-07T23:55:30+08:00
predictions,predictor7:频次趋势 V1:odd_even:inverse:pc28_high_regular,target100_limit99,2026-07,9238,4006,-98.85,1.15,1.15,98.85,163.3,1039,946,2021,loss_limit,3458673,False,2026-07-18T23:31:00+08:00
predictions,predictor7:频次趋势 V1:odd_even:inverse:pc28_high_regular,target100_limit99,2026-08,6234,6234,-35.35,64.65,49.4,50.6,104.4,1669,1442,3123,sample_end,3476369,False,2026-08-31T23:59:00+08:00
predictions,predictor7:频次趋势 V1:odd_even:inverse:pc28_high_regular,target100_limit99,2026-09,2751,2751,-35.3,64.7,12.4,87.6,94.2,722,658,1371,sample_end,3479182,False,2026-09-07T23:55:30+08:00
predictions,predictor7:频次趋势 V1:odd_even:inverse:pc28_netdisk_regular,target100_bankroll,2026-07,9238,4784,-99.32,0.68,0.68,99.32,141.78,2366,0,2418,insufficient_for_one_unit,3459451,False,2026-07-20T22:00:00+08:00
predictions,predictor7:频次趋势 V1:odd_even:inverse:pc28_netdisk_regular,target100_bankroll,2026-08,6234,6234,-74.22,25.78,11.06,88.94,134.92,3111,0,3123,sample_end,3476369,False,2026-08-31T23:59:00+08:00
predictions,predictor7:频次趋势 V1:odd_even:inverse:pc28_netdisk_regular,target100_bankroll,2026-09,2751,2751,-18.6,81.4,57.08,42.92,60.64,1380,0,1371,sample_end,3479182,False,2026-09-07T23:55:30+08:00
predictions,predictor7:频次趋势 V1:odd_even:inverse:pc28_netdisk_regular,target100_limit99,2026-07,9238,4767,-98.16,1.84,1.84,98.16,140.62,2358,0,2409,loss_limit,3459434,False,2026-07-20T21:00:30+08:00
predictions,predictor7:频次趋势 V1:odd_even:inverse:pc28_netdisk_regular,target100_limit99,2026-08,6234,6234,-74.22,25.78,11.06,88.94,134.92,3111,0,3123,sample_end,3476369,False,2026-08-31T23:59:00+08:00
predictions,predictor7:频次趋势 V1:odd_even:inverse:pc28_netdisk_regular,target100_limit99,2026-09,2751,2751,-18.6,81.4,57.08,42.92,60.64,1380,0,1371,sample_end,3479182,False,2026-09-07T23:55:30+08:00
predictions,predictor7:频次趋势 V1:odd_even:low100:pc28_high_regular,target100_bankroll,2026-07,24,24,12.35,112.35,98.7,1.3,3.15,11,5,8,sample_end,3462621,False,2026-07-28T18:46:00+08:00
predictions,predictor7:频次趋势 V1:odd_even:low100:pc28_high_regular,target100_bankroll,2026-08,28,28,2.65,102.65,94.7,5.3,5.3,9,5,14,sample_end,3468918,False,2026-08-13T10:53:30+08:00
predictions,predictor7:频次趋势 V1:odd_even:low100:pc28_high_regular,target100_bankroll,2026-09,25,25,-1.9,98.1,94.0,6.0,6.0,6,6,13,sample_end,3478784,False,2026-09-07T00:09:30+08:00
predictions,predictor7:频次趋势 V1:odd_even:low100:pc28_high_regular,target100_limit99,2026-07,24,24,12.35,112.35,98.7,1.3,3.15,11,5,8,sample_end,3462621,False,2026-07-28T18:46:00+08:00
predictions,predictor7:频次趋势 V1:odd_even:low100:pc28_high_regular,target100_limit99,2026-08,28,28,2.65,102.65,94.7,5.3,5.3,9,5,14,sample_end,3468918,False,2026-08-13T10:53:30+08:00
predictions,predictor7:频次趋势 V1:odd_even:low100:pc28_high_regular,target100_limit99,2026-09,25,25,-1.9,98.1,94.0,6.0,6.0,6,6,13,sample_end,3478784,False,2026-09-07T00:09:30+08:00
predictions,predictor7:频次趋势 V1:odd_even:low100:pc28_netdisk_regular,target100_bankroll,2026-07,24,24,7.68,107.68,97.94,2.06,3.04,16,0,8,sample_end,3462621,False,2026-07-28T18:46:00+08:00
predictions,predictor7:频次趋势 V1:odd_even:low100:pc28_netdisk_regular,target100_bankroll,2026-08,28,28,-0.28,99.72,94.82,5.18,5.18,14,0,14,sample_end,3468918,False,2026-08-13T10:53:30+08:00
predictions,predictor7:频次趋势 V1:odd_even:low100:pc28_netdisk_regular,target100_bankroll,2026-09,25,25,-1.24,98.76,94.86,5.14,5.14,12,0,13,sample_end,3478784,False,2026-09-07T00:09:30+08:00
predictions,predictor7:频次趋势 V1:odd_even:low100:pc28_netdisk_regular,target100_limit99,2026-07,24,24,7.68,107.68,97.94,2.06,3.04,16,0,8,sample_end,3462621,False,2026-07-28T18:46:00+08:00
predictions,predictor7:频次趋势 V1:odd_even:low100:pc28_netdisk_regular,target100_limit99,2026-08,28,28,-0.28,99.72,94.82,5.18,5.18,14,0,14,sample_end,3468918,False,2026-08-13T10:53:30+08:00
predictions,predictor7:频次趋势 V1:odd_even:low100:pc28_netdisk_regular,target100_limit99,2026-09,25,25,-1.24,98.76,94.86,5.14,5.14,12,0,13,sample_end,3478784,False,2026-09-07T00:09:30+08:00
predictions,predictor8:组合马尔可夫 V1:big_small:direct:pc28_high_regular,target100_bankroll,2026-07,9238,3941,-99.3,0.7,0.7,99.3,129.15,1022,929,1990,insufficient_for_one_unit,3458608,False,2026-07-18T19:43:30+08:00
predictions,predictor8:组合马尔可夫 V1:big_small:direct:pc28_high_regular,target100_bankroll,2026-08,6234,5554,-99.95,0.05,0.05,99.95,121.6,1473,1256,2825,insufficient_for_one_unit,3475681,False,2026-08-30T06:45:00+08:00
predictions,predictor8:组合马尔可夫 V1:big_small:direct:pc28_high_regular,target100_bankroll,2026-09,2751,2751,-64.05,35.95,25.45,74.55,89.35,727,615,1409,sample_end,3479182,False,2026-09-07T23:55:30+08:00
predictions,predictor8:组合马尔可夫 V1:big_small:direct:pc28_high_regular,target100_limit99,2026-07,9238,3504,-98.6,1.4,1.4,98.6,128.45,904,829,1771,loss_limit,3458170,False,2026-07-17T17:04:30+08:00
predictions,predictor8:组合马尔可夫 V1:big_small:direct:pc28_high_regular,target100_limit99,2026-08,6234,5386,-98.35,1.65,1.65,98.35,120.0,1429,1215,2742,loss_limit,3475513,False,2026-08-29T20:57:00+08:00
predictions,predictor8:组合马尔可夫 V1:big_small:direct:pc28_high_regular,target100_limit99,2026-09,2751,2751,-64.05,35.95,25.45,74.55,89.35,727,615,1409,sample_end,3479182,False,2026-09-07T23:55:30+08:00
predictions,predictor8:组合马尔可夫 V1:big_small:direct:pc28_netdisk_regular,target100_bankroll,2026-07,9238,3992,-99.32,0.68,0.68,99.32,102.1,1966,0,2026,insufficient_for_one_unit,3458659,False,2026-07-18T22:42:00+08:00
predictions,predictor8:组合马尔可夫 V1:big_small:direct:pc28_netdisk_regular,target100_bankroll,2026-08,6234,2872,-100.0,0.0,0.0,100.0,109.48,1400,0,1472,bankrupt,3466825,False,2026-08-08T06:03:00+08:00
predictions,predictor8:组合马尔可夫 V1:big_small:direct:pc28_netdisk_regular,target100_bankroll,2026-09,2751,2751,-93.84,6.16,6.16,93.84,104.94,1342,0,1409,sample_end,3479182,False,2026-09-07T23:55:30+08:00
predictions,predictor8:组合马尔可夫 V1:big_small:direct:pc28_netdisk_regular,target100_limit99,2026-07,9238,3979,-98.2,1.8,1.8,98.2,100.98,1960,0,2019,loss_limit,3458646,False,2026-07-18T21:56:30+08:00
predictions,predictor8:组合马尔可夫 V1:big_small:direct:pc28_netdisk_regular,target100_limit99,2026-08,6234,2869,-98.98,1.02,1.02,98.98,108.46,1399,0,1470,loss_limit,3466822,False,2026-08-08T05:52:30+08:00
predictions,predictor8:组合马尔可夫 V1:big_small:direct:pc28_netdisk_regular,target100_limit99,2026-09,2751,2751,-93.84,6.16,6.16,93.84,104.94,1342,0,1409,sample_end,3479182,False,2026-09-07T23:55:30+08:00
predictions,predictor8:组合马尔可夫 V1:big_small:high100:pc28_high_regular,target100_bankroll,2026-07,216,216,34.65,134.65,95.4,4.6,10.75,69,54,93,sample_end,3463596,False,2026-07-31T05:17:30+08:00
predictions,predictor8:组合马尔可夫 V1:big_small:high100:pc28_high_regular,target100_bankroll,2026-08,60,60,-17.35,82.65,82.65,17.35,19.05,9,17,34,sample_end,3475823,False,2026-08-30T15:02:00+08:00
predictions,predictor8:组合马尔可夫 V1:big_small:high100:pc28_high_regular,target100_bankroll,2026-09,40,40,-6.2,93.8,91.25,8.75,9.6,8,11,21,sample_end,3478010,False,2026-09-05T01:54:30+08:00
predictions,predictor8:组合马尔可夫 V1:big_small:high100:pc28_high_regular,target100_limit99,2026-07,216,216,34.65,134.65,95.4,4.6,10.75,69,54,93,sample_end,3463596,False,2026-07-31T05:17:30+08:00
predictions,predictor8:组合马尔可夫 V1:big_small:high100:pc28_high_regular,target100_limit99,2026-08,60,60,-17.35,82.65,82.65,17.35,19.05,9,17,34,sample_end,3475823,False,2026-08-30T15:02:00+08:00
predictions,predictor8:组合马尔可夫 V1:big_small:high100:pc28_high_regular,target100_limit99,2026-09,40,40,-6.2,93.8,91.25,8.75,9.6,8,11,21,sample_end,3478010,False,2026-09-05T01:54:30+08:00
predictions,predictor8:组合马尔可夫 V1:big_small:high100:pc28_netdisk_regular,target100_bankroll,2026-07,216,216,27.54,127.54,94.98,5.02,11.72,123,0,93,sample_end,3463596,False,2026-07-31T05:17:30+08:00
predictions,predictor8:组合马尔可夫 V1:big_small:high100:pc28_netdisk_regular,target100_bankroll,2026-08,60,60,-8.52,91.48,89.76,10.24,12.16,26,0,34,sample_end,3475823,False,2026-08-30T15:02:00+08:00
predictions,predictor8:组合马尔可夫 V1:big_small:high100:pc28_netdisk_regular,target100_bankroll,2026-09,40,40,-2.38,97.62,95.72,4.28,8.08,19,0,21,sample_end,3478010,False,2026-09-05T01:54:30+08:00
predictions,predictor8:组合马尔可夫 V1:big_small:high100:pc28_netdisk_regular,target100_limit99,2026-07,216,216,27.54,127.54,94.98,5.02,11.72,123,0,93,sample_end,3463596,False,2026-07-31T05:17:30+08:00
predictions,predictor8:组合马尔可夫 V1:big_small:high100:pc28_netdisk_regular,target100_limit99,2026-08,60,60,-8.52,91.48,89.76,10.24,12.16,26,0,34,sample_end,3475823,False,2026-08-30T15:02:00+08:00
predictions,predictor8:组合马尔可夫 V1:big_small:high100:pc28_netdisk_regular,target100_limit99,2026-09,40,40,-2.38,97.62,95.72,4.28,8.08,19,0,21,sample_end,3478010,False,2026-09-05T01:54:30+08:00
predictions,predictor8:组合马尔可夫 V1:big_small:inverse:pc28_high_regular,target100_bankroll,2026-07,9238,6806,101.35,201.35,55.25,44.75,73.9,1851,1632,3323,profit_target,3461474,True,2026-07-25T22:45:30+08:00
predictions,predictor8:组合马尔可夫 V1:big_small:inverse:pc28_high_regular,target100_bankroll,2026-08,6234,6234,15.75,115.75,82.25,17.75,59.0,1675,1476,3083,sample_end,3476369,False,2026-08-31T23:59:00+08:00
predictions,predictor8:组合马尔可夫 V1:big_small:inverse:pc28_high_regular,target100_bankroll,2026-09,2751,2751,86.2,186.2,71.05,28.95,57.9,772,637,1342,sample_end,3479182,False,2026-09-07T23:55:30+08:00
predictions,predictor8:组合马尔可夫 V1:big_small:inverse:pc28_high_regular,target100_limit99,2026-07,9238,6806,101.35,201.35,55.25,44.75,73.9,1851,1632,3323,profit_target,3461474,True,2026-07-25T22:45:30+08:00
predictions,predictor8:组合马尔可夫 V1:big_small:inverse:pc28_high_regular,target100_limit99,2026-08,6234,6234,15.75,115.75,82.25,17.75,59.0,1675,1476,3083,sample_end,3476369,False,2026-08-31T23:59:00+08:00
predictions,predictor8:组合马尔可夫 V1:big_small:inverse:pc28_high_regular,target100_limit99,2026-09,2751,2751,86.2,186.2,71.05,28.95,57.9,772,637,1342,sample_end,3479182,False,2026-09-07T23:55:30+08:00
predictions,predictor8:组合马尔可夫 V1:big_small:inverse:pc28_netdisk_regular,target100_bankroll,2026-07,9238,6877,100.52,200.52,50.0,50.0,66.88,3524,0,3353,profit_target,3461545,True,2026-07-26T02:54:00+08:00
predictions,predictor8:组合马尔可夫 V1:big_small:inverse:pc28_netdisk_regular,target100_bankroll,2026-08,6234,6234,4.98,104.98,86.92,13.08,60.02,3151,0,3083,sample_end,3476369,False,2026-08-31T23:59:00+08:00
predictions,predictor8:组合马尔可夫 V1:big_small:inverse:pc28_netdisk_regular,target100_bankroll,2026-09,2751,2751,38.82,138.82,67.54,32.46,46.5,1409,0,1342,sample_end,3479182,False,2026-09-07T23:55:30+08:00
predictions,predictor8:组合马尔可夫 V1:big_small:inverse:pc28_netdisk_regular,target100_limit99,2026-07,9238,6877,100.52,200.52,50.0,50.0,66.88,3524,0,3353,profit_target,3461545,True,2026-07-26T02:54:00+08:00
predictions,predictor8:组合马尔可夫 V1:big_small:inverse:pc28_netdisk_regular,target100_limit99,2026-08,6234,6234,4.98,104.98,86.92,13.08,60.02,3151,0,3083,sample_end,3476369,False,2026-08-31T23:59:00+08:00
predictions,predictor8:组合马尔可夫 V1:big_small:inverse:pc28_netdisk_regular,target100_limit99,2026-09,2751,2751,38.82,138.82,67.54,32.46,46.5,1409,0,1342,sample_end,3479182,False,2026-09-07T23:55:30+08:00
predictions,predictor8:组合马尔可夫 V1:big_small:low100:pc28_high_regular,target100_bankroll,2026-07,187,187,-17.2,82.8,77.4,22.6,28.1,48,33,106,sample_end,3461634,False,2026-07-26T08:05:30+08:00
predictions,predictor8:组合马尔可夫 V1:big_small:low100:pc28_high_regular,target100_bankroll,2026-08,116,116,3.9,103.9,97.0,3.0,17.05,34,23,59,sample_end,3469313,False,2026-08-14T10:29:00+08:00
predictions,predictor8:组合马尔可夫 V1:big_small:low100:pc28_high_regular,target100_bankroll,2026-09,98,98,-20.15,79.85,79.85,20.15,20.15,21,18,59,sample_end,3479182,False,2026-09-07T23:55:30+08:00
predictions,predictor8:组合马尔可夫 V1:big_small:low100:pc28_high_regular,target100_limit99,2026-07,187,187,-17.2,82.8,77.4,22.6,28.1,48,33,106,sample_end,3461634,False,2026-07-26T08:05:30+08:00
predictions,predictor8:组合马尔可夫 V1:big_small:low100:pc28_high_regular,target100_limit99,2026-08,116,116,3.9,103.9,97.0,3.0,17.05,34,23,59,sample_end,3469313,False,2026-08-14T10:29:00+08:00
predictions,predictor8:组合马尔可夫 V1:big_small:low100:pc28_high_regular,target100_limit99,2026-09,98,98,-20.15,79.85,79.85,20.15,20.15,21,18,59,sample_end,3479182,False,2026-09-07T23:55:30+08:00
predictions,predictor8:组合马尔可夫 V1:big_small:low100:pc28_netdisk_regular,target100_bankroll,2026-07,187,187,-26.62,73.38,70.44,29.56,31.48,81,0,106,sample_end,3461634,False,2026-07-26T08:05:30+08:00
predictions,predictor8:组合马尔可夫 V1:big_small:low100:pc28_netdisk_regular,target100_bankroll,2026-08,116,116,-3.14,96.86,94.02,5.98,11.38,57,0,59,sample_end,3469313,False,2026-08-14T10:29:00+08:00
predictions,predictor8:组合马尔可夫 V1:big_small:low100:pc28_netdisk_regular,target100_bankroll,2026-09,98,98,-20.78,79.22,76.66,23.34,23.34,39,0,59,sample_end,3479182,False,2026-09-07T23:55:30+08:00
predictions,predictor8:组合马尔可夫 V1:big_small:low100:pc28_netdisk_regular,target100_limit99,2026-07,187,187,-26.62,73.38,70.44,29.56,31.48,81,0,106,sample_end,3461634,False,2026-07-26T08:05:30+08:00
predictions,predictor8:组合马尔可夫 V1:big_small:low100:pc28_netdisk_regular,target100_limit99,2026-08,116,116,-3.14,96.86,94.02,5.98,11.38,57,0,59,sample_end,3469313,False,2026-08-14T10:29:00+08:00
predictions,predictor8:组合马尔可夫 V1:big_small:low100:pc28_netdisk_regular,target100_limit99,2026-09,98,98,-20.78,79.22,76.66,23.34,23.34,39,0,59,sample_end,3479182,False,2026-09-07T23:55:30+08:00
predictions,predictor8:组合马尔可夫 V1:combo:direct:pc28_high_regular,target100_bankroll,2026-07,9238,2733,-99.48,0.52,0.52,99.48,128.54,349,333,2051,insufficient_for_one_unit,3457399,False,2026-07-15T19:33:00+08:00
predictions,predictor8:组合马尔可夫 V1:combo:direct:pc28_high_regular,target100_bankroll,2026-08,6234,1375,103.3,203.3,100.0,0.0,62.19,200,161,1014,profit_target,3465283,True,2026-08-04T09:54:00+08:00
predictions,predictor8:组合马尔可夫 V1:combo:direct:pc28_high_regular,target100_bankroll,2026-09,2751,2203,-99.49,0.51,0.51,99.49,144.94,282,246,1675,insufficient_for_one_unit,3478622,False,2026-09-06T14:09:30+08:00
predictions,predictor8:组合马尔可夫 V1:combo:direct:pc28_high_regular,target100_limit99,2026-07,9238,2732,-98.48,1.52,1.52,98.48,127.54,349,333,2050,loss_limit,3457398,False,2026-07-15T18:56:30+08:00
predictions,predictor8:组合马尔可夫 V1:combo:direct:pc28_high_regular,target100_limit99,2026-08,6234,1375,103.3,203.3,100.0,0.0,62.19,200,161,1014,profit_target,3465283,True,2026-08-04T09:54:00+08:00
predictions,predictor8:组合马尔可夫 V1:combo:direct:pc28_high_regular,target100_limit99,2026-09,2751,2202,-98.49,1.51,1.51,98.49,143.94,282,246,1674,loss_limit,3478621,False,2026-09-06T14:06:00+08:00
predictions,predictor8:组合马尔可夫 V1:combo:direct:pc28_netdisk_regular,target100_bankroll,2026-07,9238,1552,-100.0,0.0,0.0,100.0,102.2,380,0,1172,bankrupt,3456218,False,2026-07-12T21:00:30+08:00
predictions,predictor8:组合马尔可夫 V1:combo:direct:pc28_netdisk_regular,target100_bankroll,2026-08,6234,2680,-99.4,0.6,0.6,99.4,118.6,678,0,2002,insufficient_for_one_unit,3466633,False,2026-08-07T18:18:00+08:00
predictions,predictor8:组合马尔可夫 V1:combo:direct:pc28_netdisk_regular,target100_bankroll,2026-09,2751,1369,-99.4,0.6,0.6,99.4,110.0,338,0,1031,insufficient_for_one_unit,3477754,False,2026-09-04T10:25:30+08:00
predictions,predictor8:组合马尔可夫 V1:combo:direct:pc28_netdisk_regular,target100_limit99,2026-07,9238,1551,-99.0,1.0,1.0,99.0,101.2,380,0,1171,loss_limit,3456217,False,2026-07-12T20:57:00+08:00
predictions,predictor8:组合马尔可夫 V1:combo:direct:pc28_netdisk_regular,target100_limit99,2026-08,6234,2679,-98.4,1.6,1.6,98.4,117.6,678,0,2001,loss_limit,3466632,False,2026-08-07T18:14:30+08:00
predictions,predictor8:组合马尔可夫 V1:combo:direct:pc28_netdisk_regular,target100_limit99,2026-09,2751,1368,-98.4,1.6,1.6,98.4,109.0,338,0,1030,loss_limit,3477753,False,2026-09-04T10:22:00+08:00
predictions,predictor8:组合马尔可夫 V1:combo:high100:pc28_high_regular,target100_bankroll,2026-07,1690,1690,55.18,155.18,15.79,84.21,84.54,231,215,1244,sample_end,3463731,False,2026-07-31T13:10:00+08:00
predictions,predictor8:组合马尔可夫 V1:combo:high100:pc28_high_regular,target100_bankroll,2026-08,983,983,-74.53,25.47,8.68,91.32,117.22,119,121,743,sample_end,3476369,False,2026-08-31T23:59:00+08:00
predictions,predictor8:组合马尔可夫 V1:combo:high100:pc28_high_regular,target100_bankroll,2026-09,443,443,-60.7,39.3,32.75,67.25,90.68,50,55,338,sample_end,3479100,False,2026-09-07T18:35:30+08:00
predictions,predictor8:组合马尔可夫 V1:combo:high100:pc28_high_regular,target100_limit99,2026-07,1690,1690,55.18,155.18,15.79,84.21,84.54,231,215,1244,sample_end,3463731,False,2026-07-31T13:10:00+08:00
predictions,predictor8:组合马尔可夫 V1:combo:high100:pc28_high_regular,target100_limit99,2026-08,983,983,-74.53,25.47,8.68,91.32,117.22,119,121,743,sample_end,3476369,False,2026-08-31T23:59:00+08:00
predictions,predictor8:组合马尔可夫 V1:combo:high100:pc28_high_regular,target100_limit99,2026-09,443,443,-60.7,39.3,32.75,67.25,90.68,50,55,338,sample_end,3479100,False,2026-09-07T18:35:30+08:00
predictions,predictor8:组合马尔可夫 V1:combo:high100:pc28_netdisk_regular,target100_bankroll,2026-07,1690,1690,-5.2,94.8,21.2,78.8,78.8,446,0,1244,sample_end,3463731,False,2026-07-31T13:10:00+08:00
predictions,predictor8:组合马尔可夫 V1:combo:high100:pc28_netdisk_regular,target100_bankroll,2026-08,983,844,-99.4,0.6,0.6,99.4,106.2,198,0,646,insufficient_for_one_unit,3475834,False,2026-08-30T15:40:30+08:00
predictions,predictor8:组合马尔可夫 V1:combo:high100:pc28_netdisk_regular,target100_bankroll,2026-09,443,443,-39.2,60.8,59.2,40.8,51.0,105,0,338,sample_end,3479100,False,2026-09-07T18:35:30+08:00
predictions,predictor8:组合马尔可夫 V1:combo:high100:pc28_netdisk_regular,target100_limit99,2026-07,1690,1690,-5.2,94.8,21.2,78.8,78.8,446,0,1244,sample_end,3463731,False,2026-07-31T13:10:00+08:00
predictions,predictor8:组合马尔可夫 V1:combo:high100:pc28_netdisk_regular,target100_limit99,2026-08,983,843,-98.4,1.6,1.6,98.4,105.2,198,0,645,loss_limit,3475833,False,2026-08-30T15:37:00+08:00
predictions,predictor8:组合马尔可夫 V1:combo:high100:pc28_netdisk_regular,target100_limit99,2026-09,443,443,-39.2,60.8,59.2,40.8,51.0,105,0,338,sample_end,3479100,False,2026-09-07T18:35:30+08:00
predictions,predictor8:组合马尔可夫 V1:combo:low100:pc28_high_regular,target100_bankroll,2026-07,111,111,3.45,103.45,72.11,27.89,34.0,15,15,81,sample_end,3463833,False,2026-07-31T19:40:00+08:00
predictions,predictor8:组合马尔可夫 V1:combo:low100:pc28_high_regular,target100_bankroll,2026-08,27,27,14.33,114.33,99.0,1.0,6.0,6,2,19,sample_end,3467634,False,2026-08-10T06:20:30+08:00
predictions,predictor8:组合马尔可夫 V1:combo:low100:pc28_high_regular,target100_bankroll,2026-09,104,104,-16.14,83.86,83.86,16.14,18.8,12,11,81,sample_end,3479182,False,2026-09-07T23:55:30+08:00
predictions,predictor8:组合马尔可夫 V1:combo:low100:pc28_high_regular,target100_limit99,2026-07,111,111,3.45,103.45,72.11,27.89,34.0,15,15,81,sample_end,3463833,False,2026-07-31T19:40:00+08:00
predictions,predictor8:组合马尔可夫 V1:combo:low100:pc28_high_regular,target100_limit99,2026-08,27,27,14.33,114.33,99.0,1.0,6.0,6,2,19,sample_end,3467634,False,2026-08-10T06:20:30+08:00
predictions,predictor8:组合马尔可夫 V1:combo:low100:pc28_high_regular,target100_limit99,2026-09,104,104,-16.14,83.86,83.86,16.14,18.8,12,11,81,sample_end,3479182,False,2026-09-07T23:55:30+08:00
predictions,predictor8:组合马尔可夫 V1:combo:low100:pc28_netdisk_regular,target100_bankroll,2026-07,111,111,3.0,103.0,88.4,11.6,27.4,30,0,81,sample_end,3463833,False,2026-07-31T19:40:00+08:00
predictions,predictor8:组合马尔可夫 V1:combo:low100:pc28_netdisk_regular,target100_bankroll,2026-08,27,27,3.6,103.6,97.8,2.2,6.0,8,0,19,sample_end,3467634,False,2026-08-10T06:20:30+08:00
predictions,predictor8:组合马尔可夫 V1:combo:low100:pc28_netdisk_regular,target100_bankroll,2026-09,104,104,-10.4,89.6,79.8,20.2,23.0,23,0,81,sample_end,3479182,False,2026-09-07T23:55:30+08:00
predictions,predictor8:组合马尔可夫 V1:combo:low100:pc28_netdisk_regular,target100_limit99,2026-07,111,111,3.0,103.0,88.4,11.6,27.4,30,0,81,sample_end,3463833,False,2026-07-31T19:40:00+08:00
predictions,predictor8:组合马尔可夫 V1:combo:low100:pc28_netdisk_regular,target100_limit99,2026-08,27,27,3.6,103.6,97.8,2.2,6.0,8,0,19,sample_end,3467634,False,2026-08-10T06:20:30+08:00
predictions,predictor8:组合马尔可夫 V1:combo:low100:pc28_netdisk_regular,target100_limit99,2026-09,104,104,-10.4,89.6,79.8,20.2,23.0,23,0,81,sample_end,3479182,False,2026-09-07T23:55:30+08:00
predictions,predictor8:组合马尔可夫 V1:number:direct:pc28_high_regular,target100_bankroll,2026-07,9238,339,-100.0,0.0,0.0,100.0,123.0,17,0,322,bankrupt,3455000,False,2026-07-09T20:18:30+08:00
predictions,predictor8:组合马尔可夫 V1:number:direct:pc28_high_regular,target100_bankroll,2026-08,6234,280,-100.0,0.0,0.0,100.0,100.0,15,0,265,bankrupt,3464187,False,2026-08-01T16:19:00+08:00
predictions,predictor8:组合马尔可夫 V1:number:direct:pc28_high_regular,target100_bankroll,2026-09,2751,525,-100.0,0.0,0.0,100.0,119.0,34,0,491,bankrupt,3476898,False,2026-09-02T07:23:30+08:00
predictions,predictor8:组合马尔可夫 V1:number:direct:pc28_high_regular,target100_limit99,2026-07,9238,338,-99.0,1.0,1.0,99.0,122.0,17,0,321,loss_limit,3454999,False,2026-07-09T20:15:00+08:00
predictions,predictor8:组合马尔可夫 V1:number:direct:pc28_high_regular,target100_limit99,2026-08,6234,279,-99.0,1.0,1.0,99.0,99.0,15,0,264,loss_limit,3464186,False,2026-08-01T16:15:30+08:00
predictions,predictor8:组合马尔可夫 V1:number:direct:pc28_high_regular,target100_limit99,2026-09,2751,524,-99.0,1.0,1.0,99.0,118.0,34,0,490,loss_limit,3476897,False,2026-09-02T07:20:00+08:00
predictions,predictor8:组合马尔可夫 V1:number:direct:pc28_netdisk_regular,target100_bankroll,2026-07,9238,231,-100.0,0.0,0.0,100.0,119.0,9,0,222,bankrupt,3454892,False,2026-07-09T13:27:30+08:00
predictions,predictor8:组合马尔可夫 V1:number:direct:pc28_netdisk_regular,target100_bankroll,2026-08,6234,280,-100.0,0.0,0.0,100.0,100.0,15,0,265,bankrupt,3464187,False,2026-08-01T16:19:00+08:00
predictions,predictor8:组合马尔可夫 V1:number:direct:pc28_netdisk_regular,target100_bankroll,2026-09,2751,525,-100.0,0.0,0.0,100.0,119.0,34,0,491,bankrupt,3476898,False,2026-09-02T07:23:30+08:00
predictions,predictor8:组合马尔可夫 V1:number:direct:pc28_netdisk_regular,target100_limit99,2026-07,9238,230,-99.0,1.0,1.0,99.0,118.0,9,0,221,loss_limit,3454891,False,2026-07-09T13:24:00+08:00
predictions,predictor8:组合马尔可夫 V1:number:direct:pc28_netdisk_regular,target100_limit99,2026-08,6234,279,-99.0,1.0,1.0,99.0,99.0,15,0,264,loss_limit,3464186,False,2026-08-01T16:15:30+08:00
predictions,predictor8:组合马尔可夫 V1:number:direct:pc28_netdisk_regular,target100_limit99,2026-09,2751,524,-99.0,1.0,1.0,99.0,118.0,34,0,490,loss_limit,3476897,False,2026-09-02T07:20:00+08:00
predictions,predictor8:组合马尔可夫 V1:odd_even:direct:pc28_high_regular,target100_bankroll,2026-07,9238,2898,-99.75,0.25,0.25,99.75,111.5,745,675,1478,insufficient_for_one_unit,3457564,False,2026-07-16T05:10:30+08:00
predictions,predictor8:组合马尔可夫 V1:odd_even:direct:pc28_high_regular,target100_bankroll,2026-08,6234,6234,58.85,158.85,93.85,6.15,79.8,1701,1445,3088,sample_end,3476369,False,2026-08-31T23:59:00+08:00
predictions,predictor8:组合马尔可夫 V1:odd_even:direct:pc28_high_regular,target100_bankroll,2026-09,2751,2751,-10.75,89.25,54.4,45.6,83.5,745,617,1389,sample_end,3479182,False,2026-09-07T23:55:30+08:00
predictions,predictor8:组合马尔可夫 V1:odd_even:direct:pc28_high_regular,target100_limit99,2026-07,9238,2897,-98.75,1.25,1.25,98.75,110.5,745,675,1477,loss_limit,3457563,False,2026-07-16T05:07:00+08:00
predictions,predictor8:组合马尔可夫 V1:odd_even:direct:pc28_high_regular,target100_limit99,2026-08,6234,6234,58.85,158.85,93.85,6.15,79.8,1701,1445,3088,sample_end,3476369,False,2026-08-31T23:59:00+08:00
predictions,predictor8:组合马尔可夫 V1:odd_even:direct:pc28_high_regular,target100_limit99,2026-09,2751,2751,-10.75,89.25,54.4,45.6,83.5,745,617,1389,sample_end,3479182,False,2026-09-07T23:55:30+08:00
predictions,predictor8:组合马尔可夫 V1:odd_even:direct:pc28_netdisk_regular,target100_bankroll,2026-07,9238,3289,-99.22,0.78,0.78,99.22,103.08,1611,0,1678,insufficient_for_one_unit,3457955,False,2026-07-17T04:32:00+08:00
predictions,predictor8:组合马尔可夫 V1:odd_even:direct:pc28_netdisk_regular,target100_bankroll,2026-08,6234,6234,-4.92,95.08,57.16,42.84,87.88,3146,0,3088,sample_end,3476369,False,2026-08-31T23:59:00+08:00
predictions,predictor8:组合马尔可夫 V1:odd_even:direct:pc28_netdisk_regular,target100_bankroll,2026-09,2751,2751,-54.24,45.76,16.46,83.54,104.9,1362,0,1389,sample_end,3479182,False,2026-09-07T23:55:30+08:00
predictions,predictor8:组合马尔可夫 V1:odd_even:direct:pc28_netdisk_regular,target100_limit99,2026-07,9238,3288,-98.22,1.78,1.78,98.22,102.08,1611,0,1677,loss_limit,3457954,False,2026-07-17T04:28:30+08:00
predictions,predictor8:组合马尔可夫 V1:odd_even:direct:pc28_netdisk_regular,target100_limit99,2026-08,6234,6234,-4.92,95.08,57.16,42.84,87.88,3146,0,3088,sample_end,3476369,False,2026-08-31T23:59:00+08:00
predictions,predictor8:组合马尔可夫 V1:odd_even:direct:pc28_netdisk_regular,target100_limit99,2026-09,2751,2751,-54.24,45.76,16.46,83.54,104.9,1362,0,1389,sample_end,3479182,False,2026-09-07T23:55:30+08:00
predictions,predictor8:组合马尔可夫 V1:odd_even:high100:pc28_high_regular,target100_bankroll,2026-07,364,364,4.0,104.0,84.65,15.35,23.4,100,83,181,sample_end,3463728,False,2026-07-31T12:59:30+08:00
predictions,predictor8:组合马尔可夫 V1:odd_even:high100:pc28_high_regular,target100_bankroll,2026-08,129,129,-13.65,86.35,85.4,14.6,14.6,31,27,71,sample_end,3476217,False,2026-08-31T14:34:00+08:00
predictions,predictor8:组合马尔可夫 V1:odd_even:high100:pc28_high_regular,target100_bankroll,2026-09,71,71,-2.7,97.3,92.7,7.3,11.0,18,17,36,sample_end,3479074,False,2026-09-07T17:04:30+08:00
predictions,predictor8:组合马尔可夫 V1:odd_even:high100:pc28_high_regular,target100_limit99,2026-07,364,364,4.0,104.0,84.65,15.35,23.4,100,83,181,sample_end,3463728,False,2026-07-31T12:59:30+08:00
predictions,predictor8:组合马尔可夫 V1:odd_even:high100:pc28_high_regular,target100_limit99,2026-08,129,129,-13.65,86.35,85.4,14.6,14.6,31,27,71,sample_end,3476217,False,2026-08-31T14:34:00+08:00
predictions,predictor8:组合马尔可夫 V1:odd_even:high100:pc28_high_regular,target100_limit99,2026-09,71,71,-2.7,97.3,92.7,7.3,11.0,18,17,36,sample_end,3479074,False,2026-09-07T17:04:30+08:00
predictions,predictor8:组合马尔可夫 V1:odd_even:high100:pc28_netdisk_regular,target100_bankroll,2026-07,364,364,-1.66,98.34,78.54,21.46,24.08,183,0,181,sample_end,3463728,False,2026-07-31T12:59:30+08:00
predictions,predictor8:组合马尔可夫 V1:odd_even:high100:pc28_netdisk_regular,target100_bankroll,2026-08,129,129,-14.16,85.84,85.84,14.16,14.16,58,0,71,sample_end,3476217,False,2026-08-31T14:34:00+08:00
predictions,predictor8:组合马尔可夫 V1:odd_even:high100:pc28_netdisk_regular,target100_bankroll,2026-09,71,71,-1.7,98.3,97.84,2.16,9.02,35,0,36,sample_end,3479074,False,2026-09-07T17:04:30+08:00
predictions,predictor8:组合马尔可夫 V1:odd_even:high100:pc28_netdisk_regular,target100_limit99,2026-07,364,364,-1.66,98.34,78.54,21.46,24.08,183,0,181,sample_end,3463728,False,2026-07-31T12:59:30+08:00
predictions,predictor8:组合马尔可夫 V1:odd_even:high100:pc28_netdisk_regular,target100_limit99,2026-08,129,129,-14.16,85.84,85.84,14.16,14.16,58,0,71,sample_end,3476217,False,2026-08-31T14:34:00+08:00
predictions,predictor8:组合马尔可夫 V1:odd_even:high100:pc28_netdisk_regular,target100_limit99,2026-09,71,71,-1.7,98.3,97.84,2.16,9.02,35,0,36,sample_end,3479074,False,2026-09-07T17:04:30+08:00
predictions,predictor8:组合马尔可夫 V1:odd_even:inverse:pc28_high_regular,target100_bankroll,2026-07,9238,9238,-86.7,13.3,13.3,86.7,158.25,2458,2146,4634,sample_end,3463907,False,2026-07-31T23:59:00+08:00
predictions,predictor8:组合马尔可夫 V1:odd_even:inverse:pc28_high_regular,target100_bankroll,2026-08,6234,1673,-99.95,0.05,0.05,99.95,126.75,413,396,864,insufficient_for_one_unit,3465581,False,2026-08-05T03:50:00+08:00
predictions,predictor8:组合马尔可夫 V1:odd_even:inverse:pc28_high_regular,target100_bankroll,2026-09,2751,2751,32.9,132.9,69.65,30.35,50.4,754,635,1362,sample_end,3479182,False,2026-09-07T23:55:30+08:00
predictions,predictor8:组合马尔可夫 V1:odd_even:inverse:pc28_high_regular,target100_limit99,2026-07,9238,9238,-86.7,13.3,13.3,86.7,158.25,2458,2146,4634,sample_end,3463907,False,2026-07-31T23:59:00+08:00
predictions,predictor8:组合马尔可夫 V1:odd_even:inverse:pc28_high_regular,target100_limit99,2026-08,6234,1672,-98.95,1.05,1.05,98.95,125.75,413,396,863,loss_limit,3465580,False,2026-08-05T03:46:30+08:00
predictions,predictor8:组合马尔可夫 V1:odd_even:inverse:pc28_high_regular,target100_limit99,2026-09,2751,2751,32.9,132.9,69.65,30.35,50.4,754,635,1362,sample_end,3479182,False,2026-09-07T23:55:30+08:00
predictions,predictor8:组合马尔可夫 V1:odd_even:inverse:pc28_netdisk_regular,target100_bankroll,2026-07,9238,8821,-99.1,0.9,0.9,99.1,159.68,4405,0,4416,insufficient_for_one_unit,3463490,False,2026-07-30T23:06:30+08:00
predictions,predictor8:组合马尔可夫 V1:odd_even:inverse:pc28_netdisk_regular,target100_bankroll,2026-08,6234,5990,-99.5,0.5,0.5,99.5,119.9,2975,0,3015,insufficient_for_one_unit,3476125,False,2026-08-31T09:12:00+08:00
predictions,predictor8:组合马尔可夫 V1:odd_even:inverse:pc28_netdisk_regular,target100_bankroll,2026-09,2751,2751,-0.78,99.22,69.88,30.12,55.2,1389,0,1362,sample_end,3479182,False,2026-09-07T23:55:30+08:00
predictions,predictor8:组合马尔可夫 V1:odd_even:inverse:pc28_netdisk_regular,target100_limit99,2026-07,9238,8820,-98.1,1.9,1.9,98.1,158.68,4405,0,4415,loss_limit,3463489,False,2026-07-30T23:03:00+08:00
predictions,predictor8:组合马尔可夫 V1:odd_even:inverse:pc28_netdisk_regular,target100_limit99,2026-08,6234,5969,-98.3,1.7,1.7,98.3,118.7,2965,0,3004,loss_limit,3476104,False,2026-08-31T07:58:30+08:00
predictions,predictor8:组合马尔可夫 V1:odd_even:inverse:pc28_netdisk_regular,target100_limit99,2026-09,2751,2751,-0.78,99.22,69.88,30.12,55.2,1389,0,1362,sample_end,3479182,False,2026-09-07T23:55:30+08:00
predictions,predictor8:组合马尔可夫 V1:odd_even:low100:pc28_high_regular,target100_bankroll,2026-07,36,36,-5.05,94.95,93.1,6.9,7.75,7,11,18,sample_end,3460294,False,2026-07-23T00:16:30+08:00
predictions,predictor8:组合马尔可夫 V1:odd_even:low100:pc28_high_regular,target100_bankroll,2026-08,23,23,11.5,111.5,100.0,0.0,4.0,10,6,7,sample_end,3466856,False,2026-08-08T07:51:30+08:00
predictions,predictor8:组合马尔可夫 V1:odd_even:low100:pc28_high_regular,target100_bankroll,2026-09,88,88,-5.15,94.85,92.15,7.85,15.35,21,23,44,sample_end,3478713,False,2026-09-06T20:01:00+08:00
predictions,predictor8:组合马尔可夫 V1:odd_even:low100:pc28_high_regular,target100_limit99,2026-07,36,36,-5.05,94.95,93.1,6.9,7.75,7,11,18,sample_end,3460294,False,2026-07-23T00:16:30+08:00
predictions,predictor8:组合马尔可夫 V1:odd_even:low100:pc28_high_regular,target100_limit99,2026-08,23,23,11.5,111.5,100.0,0.0,4.0,10,6,7,sample_end,3466856,False,2026-08-08T07:51:30+08:00
predictions,predictor8:组合马尔可夫 V1:odd_even:low100:pc28_high_regular,target100_limit99,2026-09,88,88,-5.15,94.85,92.15,7.85,15.35,21,23,44,sample_end,3478713,False,2026-09-06T20:01:00+08:00
predictions,predictor8:组合马尔可夫 V1:odd_even:low100:pc28_netdisk_regular,target100_bankroll,2026-07,36,36,-0.36,99.64,95.86,4.14,4.14,18,0,18,sample_end,3460294,False,2026-07-23T00:16:30+08:00
predictions,predictor8:组合马尔可夫 V1:odd_even:low100:pc28_netdisk_regular,target100_bankroll,2026-08,23,23,8.68,108.68,100.0,0.0,3.0,16,0,7,sample_end,3466856,False,2026-08-08T07:51:30+08:00
predictions,predictor8:组合马尔可夫 V1:odd_even:low100:pc28_netdisk_regular,target100_bankroll,2026-09,88,88,-0.88,99.12,95.3,4.7,12.12,44,0,44,sample_end,3478713,False,2026-09-06T20:01:00+08:00
predictions,predictor8:组合马尔可夫 V1:odd_even:low100:pc28_netdisk_regular,target100_limit99,2026-07,36,36,-0.36,99.64,95.86,4.14,4.14,18,0,18,sample_end,3460294,False,2026-07-23T00:16:30+08:00
predictions,predictor8:组合马尔可夫 V1:odd_even:low100:pc28_netdisk_regular,target100_limit99,2026-08,23,23,8.68,108.68,100.0,0.0,3.0,16,0,7,sample_end,3466856,False,2026-08-08T07:51:30+08:00
predictions,predictor8:组合马尔可夫 V1:odd_even:low100:pc28_netdisk_regular,target100_limit99,2026-09,88,88,-0.88,99.12,95.3,4.7,12.12,44,0,44,sample_end,3478713,False,2026-09-06T20:01:00+08:00
predictions,predictor9:遗漏回补 V1:big_small:direct:pc28_high_regular,target100_bankroll,2026-07,9238,6653,101.5,201.5,90.25,9.75,56.9,1830,1539,3284,profit_target,3461321,True,2026-07-25T13:17:00+08:00
predictions,predictor9:遗漏回补 V1:big_small:direct:pc28_high_regular,target100_bankroll,2026-08,6234,6234,-12.05,87.95,58.35,41.65,113.3,1667,1471,3096,sample_end,3476369,False,2026-08-31T23:59:00+08:00
predictions,predictor9:遗漏回补 V1:big_small:direct:pc28_high_regular,target100_bankroll,2026-09,2751,2751,33.75,133.75,76.05,23.95,59.5,755,633,1363,sample_end,3479182,False,2026-09-07T23:55:30+08:00
predictions,predictor9:遗漏回补 V1:big_small:direct:pc28_high_regular,target100_limit99,2026-07,9238,6653,101.5,201.5,90.25,9.75,56.9,1830,1539,3284,profit_target,3461321,True,2026-07-25T13:17:00+08:00
predictions,predictor9:遗漏回补 V1:big_small:direct:pc28_high_regular,target100_limit99,2026-08,6234,6234,-12.05,87.95,58.35,41.65,113.3,1667,1471,3096,sample_end,3476369,False,2026-08-31T23:59:00+08:00
predictions,predictor9:遗漏回补 V1:big_small:direct:pc28_high_regular,target100_limit99,2026-09,2751,2751,33.75,133.75,76.05,23.95,59.5,755,633,1363,sample_end,3479182,False,2026-09-07T23:55:30+08:00
predictions,predictor9:遗漏回补 V1:big_small:direct:pc28_netdisk_regular,target100_bankroll,2026-07,9238,9238,-7.24,92.76,59.56,40.44,82.96,4662,0,4576,sample_end,3463907,False,2026-07-31T23:59:00+08:00
predictions,predictor9:遗漏回补 V1:big_small:direct:pc28_netdisk_regular,target100_bankroll,2026-08,6234,6234,-20.76,79.24,69.98,30.02,91.06,3138,0,3096,sample_end,3476369,False,2026-08-31T23:59:00+08:00
predictions,predictor9:遗漏回补 V1:big_small:direct:pc28_netdisk_regular,target100_bankroll,2026-09,2751,2751,-2.76,97.24,71.98,28.02,51.1,1388,0,1363,sample_end,3479182,False,2026-09-07T23:55:30+08:00
predictions,predictor9:遗漏回补 V1:big_small:direct:pc28_netdisk_regular,target100_limit99,2026-07,9238,9238,-7.24,92.76,59.56,40.44,82.96,4662,0,4576,sample_end,3463907,False,2026-07-31T23:59:00+08:00
predictions,predictor9:遗漏回补 V1:big_small:direct:pc28_netdisk_regular,target100_limit99,2026-08,6234,6234,-20.76,79.24,69.98,30.02,91.06,3138,0,3096,sample_end,3476369,False,2026-08-31T23:59:00+08:00
predictions,predictor9:遗漏回补 V1:big_small:direct:pc28_netdisk_regular,target100_limit99,2026-09,2751,2751,-2.76,97.24,71.98,28.02,51.1,1388,0,1363,sample_end,3479182,False,2026-09-07T23:55:30+08:00
predictions,predictor9:遗漏回补 V1:big_small:high100:pc28_high_regular,target100_bankroll,2026-07,160,160,-10.85,89.15,89.15,10.85,17.75,39,38,83,sample_end,3463858,False,2026-07-31T21:07:30+08:00
predictions,predictor9:遗漏回补 V1:big_small:high100:pc28_high_regular,target100_bankroll,2026-08,129,129,-5.25,94.75,94.75,5.25,13.25,35,24,70,sample_end,3475915,False,2026-08-30T20:57:00+08:00
predictions,predictor9:遗漏回补 V1:big_small:high100:pc28_high_regular,target100_bankroll,2026-09,186,186,12.9,112.9,97.0,3.0,8.15,54,45,87,sample_end,3478792,False,2026-09-07T00:37:30+08:00
predictions,predictor9:遗漏回补 V1:big_small:high100:pc28_high_regular,target100_limit99,2026-07,160,160,-10.85,89.15,89.15,10.85,17.75,39,38,83,sample_end,3463858,False,2026-07-31T21:07:30+08:00
predictions,predictor9:遗漏回补 V1:big_small:high100:pc28_high_regular,target100_limit99,2026-08,129,129,-5.25,94.75,94.75,5.25,13.25,35,24,70,sample_end,3475915,False,2026-08-30T20:57:00+08:00
predictions,predictor9:遗漏回补 V1:big_small:high100:pc28_high_regular,target100_limit99,2026-09,186,186,12.9,112.9,97.0,3.0,8.15,54,45,87,sample_end,3478792,False,2026-09-07T00:37:30+08:00
predictions,predictor9:遗漏回补 V1:big_small:high100:pc28_netdisk_regular,target100_bankroll,2026-07,160,160,-7.54,92.46,92.46,7.54,14.02,77,0,83,sample_end,3463858,False,2026-07-31T21:07:30+08:00
predictions,predictor9:遗漏回补 V1:big_small:high100:pc28_netdisk_regular,target100_bankroll,2026-08,129,129,-12.18,87.82,87.82,12.18,14.08,59,0,70,sample_end,3475915,False,2026-08-30T20:57:00+08:00
predictions,predictor9:遗漏回补 V1:big_small:high100:pc28_netdisk_regular,target100_bankroll,2026-09,186,186,10.02,110.02,96.94,3.06,8.14,99,0,87,sample_end,3478792,False,2026-09-07T00:37:30+08:00
predictions,predictor9:遗漏回补 V1:big_small:high100:pc28_netdisk_regular,target100_limit99,2026-07,160,160,-7.54,92.46,92.46,7.54,14.02,77,0,83,sample_end,3463858,False,2026-07-31T21:07:30+08:00
predictions,predictor9:遗漏回补 V1:big_small:high100:pc28_netdisk_regular,target100_limit99,2026-08,129,129,-12.18,87.82,87.82,12.18,14.08,59,0,70,sample_end,3475915,False,2026-08-30T20:57:00+08:00
predictions,predictor9:遗漏回补 V1:big_small:high100:pc28_netdisk_regular,target100_limit99,2026-09,186,186,10.02,110.02,96.94,3.06,8.14,99,0,87,sample_end,3478792,False,2026-09-07T00:37:30+08:00
predictions,predictor9:遗漏回补 V1:big_small:inverse:pc28_high_regular,target100_bankroll,2026-07,9238,2736,-99.4,0.6,0.6,99.4,120.35,696,653,1387,insufficient_for_one_unit,3457402,False,2026-07-15T19:43:30+08:00
predictions,predictor9:遗漏回补 V1:big_small:inverse:pc28_high_regular,target100_bankroll,2026-08,6234,6234,-55.9,44.1,7.2,92.8,108.5,1666,1430,3138,sample_end,3476369,False,2026-08-31T23:59:00+08:00
predictions,predictor9:遗漏回补 V1:big_small:inverse:pc28_high_regular,target100_bankroll,2026-09,2751,2751,-11.6,88.4,35.45,64.55,81.95,744,619,1388,sample_end,3479182,False,2026-09-07T23:55:30+08:00
predictions,predictor9:遗漏回补 V1:big_small:inverse:pc28_high_regular,target100_limit99,2026-07,9238,2727,-98.1,1.9,1.9,98.1,119.05,694,651,1382,loss_limit,3457393,False,2026-07-15T18:39:00+08:00
predictions,predictor9:遗漏回补 V1:big_small:inverse:pc28_high_regular,target100_limit99,2026-08,6234,6234,-55.9,44.1,7.2,92.8,108.5,1666,1430,3138,sample_end,3476369,False,2026-08-31T23:59:00+08:00
predictions,predictor9:遗漏回补 V1:big_small:inverse:pc28_high_regular,target100_limit99,2026-09,2751,2751,-11.6,88.4,35.45,64.55,81.95,744,619,1388,sample_end,3479182,False,2026-09-07T23:55:30+08:00
predictions,predictor9:遗漏回补 V1:big_small:inverse:pc28_netdisk_regular,target100_bankroll,2026-07,9238,3481,-99.16,0.84,0.84,99.16,119.14,1708,0,1773,insufficient_for_one_unit,3458147,False,2026-07-17T15:44:00+08:00
predictions,predictor9:遗漏回补 V1:big_small:inverse:pc28_netdisk_regular,target100_bankroll,2026-08,6234,1998,-99.18,0.82,0.82,99.18,99.18,959,0,1039,insufficient_for_one_unit,3465951,False,2026-08-06T01:58:00+08:00
predictions,predictor9:遗漏回补 V1:big_small:inverse:pc28_netdisk_regular,target100_bankroll,2026-09,2751,2751,-52.26,47.74,13.64,86.36,99.66,1363,0,1388,sample_end,3479182,False,2026-09-07T23:55:30+08:00
predictions,predictor9:遗漏回补 V1:big_small:inverse:pc28_netdisk_regular,target100_limit99,2026-07,9238,3478,-98.14,1.86,1.86,98.14,118.12,1707,0,1771,loss_limit,3458144,False,2026-07-17T15:33:30+08:00
predictions,predictor9:遗漏回补 V1:big_small:inverse:pc28_netdisk_regular,target100_limit99,2026-08,6234,1997,-98.18,1.82,1.82,98.18,98.18,959,0,1038,loss_limit,3465950,False,2026-08-06T01:54:30+08:00
predictions,predictor9:遗漏回补 V1:big_small:inverse:pc28_netdisk_regular,target100_limit99,2026-09,2751,2751,-52.26,47.74,13.64,86.36,99.66,1363,0,1388,sample_end,3479182,False,2026-09-07T23:55:30+08:00
predictions,predictor9:遗漏回补 V1:big_small:low100:pc28_high_regular,target100_bankroll,2026-07,6,6,6.4,106.4,99.0,1.0,1.0,4,1,1,sample_end,3463629,False,2026-07-31T07:13:00+08:00
predictions,predictor9:遗漏回补 V1:big_small:low100:pc28_high_regular,target100_bankroll,2026-08,0,0,0.0,100.0,100.0,0.0,0.0,0,0,0,no_signal,,False,
predictions,predictor9:遗漏回补 V1:big_small:low100:pc28_high_regular,target100_bankroll,2026-09,55,55,-2.1,97.9,93.4,6.6,8.3,14,13,28,sample_end,3477960,False,2026-09-04T22:59:30+08:00
predictions,predictor9:遗漏回补 V1:big_small:low100:pc28_high_regular,target100_limit99,2026-07,6,6,6.4,106.4,99.0,1.0,1.0,4,1,1,sample_end,3463629,False,2026-07-31T07:13:00+08:00
predictions,predictor9:遗漏回补 V1:big_small:low100:pc28_high_regular,target100_limit99,2026-08,0,0,0.0,100.0,100.0,0.0,0.0,0,0,0,no_signal,,False,
predictions,predictor9:遗漏回补 V1:big_small:low100:pc28_high_regular,target100_limit99,2026-09,55,55,-2.1,97.9,93.4,6.6,8.3,14,13,28,sample_end,3477960,False,2026-09-04T22:59:30+08:00
predictions,predictor9:遗漏回补 V1:big_small:low100:pc28_netdisk_regular,target100_bankroll,2026-07,6,6,3.9,103.9,99.0,1.0,1.0,5,0,1,sample_end,3463629,False,2026-07-31T07:13:00+08:00
predictions,predictor9:遗漏回补 V1:big_small:low100:pc28_netdisk_regular,target100_bankroll,2026-08,0,0,0.0,100.0,100.0,0.0,0.0,0,0,0,no_signal,,False,
predictions,predictor9:遗漏回补 V1:big_small:low100:pc28_netdisk_regular,target100_bankroll,2026-09,55,55,-1.54,98.46,93.68,6.32,7.3,27,0,28,sample_end,3477960,False,2026-09-04T22:59:30+08:00
predictions,predictor9:遗漏回补 V1:big_small:low100:pc28_netdisk_regular,target100_limit99,2026-07,6,6,3.9,103.9,99.0,1.0,1.0,5,0,1,sample_end,3463629,False,2026-07-31T07:13:00+08:00
predictions,predictor9:遗漏回补 V1:big_small:low100:pc28_netdisk_regular,target100_limit99,2026-08,0,0,0.0,100.0,100.0,0.0,0.0,0,0,0,no_signal,,False,
predictions,predictor9:遗漏回补 V1:big_small:low100:pc28_netdisk_regular,target100_limit99,2026-09,55,55,-1.54,98.46,93.68,6.32,7.3,27,0,28,sample_end,3477960,False,2026-09-04T22:59:30+08:00
predictions,predictor9:遗漏回补 V1:combo:direct:pc28_high_regular,target100_bankroll,2026-07,9238,698,101.01,201.01,91.0,9.0,48.81,112,68,518,profit_target,3455359,True,2026-07-10T17:15:00+08:00
predictions,predictor9:遗漏回补 V1:combo:direct:pc28_high_regular,target100_bankroll,2026-08,6234,877,102.32,202.32,98.0,2.0,45.45,134,105,638,profit_target,3464785,True,2026-08-03T04:18:00+08:00
predictions,predictor9:遗漏回补 V1:combo:direct:pc28_high_regular,target100_bankroll,2026-09,2751,2209,102.4,202.4,43.73,56.27,120.5,315,254,1640,profit_target,3478628,True,2026-09-06T14:30:30+08:00
predictions,predictor9:遗漏回补 V1:combo:direct:pc28_high_regular,target100_limit99,2026-07,9238,698,101.01,201.01,91.0,9.0,48.81,112,68,518,profit_target,3455359,True,2026-07-10T17:15:00+08:00
predictions,predictor9:遗漏回补 V1:combo:direct:pc28_high_regular,target100_limit99,2026-08,6234,877,102.32,202.32,98.0,2.0,45.45,134,105,638,profit_target,3464785,True,2026-08-03T04:18:00+08:00
predictions,predictor9:遗漏回补 V1:combo:direct:pc28_high_regular,target100_limit99,2026-09,2751,2209,102.4,202.4,43.73,56.27,120.5,315,254,1640,profit_target,3478628,True,2026-09-06T14:30:30+08:00
predictions,predictor9:遗漏回补 V1:combo:direct:pc28_netdisk_regular,target100_bankroll,2026-07,9238,2662,-100.0,0.0,0.0,100.0,162.4,657,0,2005,bankrupt,3457328,False,2026-07-15T14:51:30+08:00
predictions,predictor9:遗漏回补 V1:combo:direct:pc28_netdisk_regular,target100_bankroll,2026-08,6234,1553,100.6,200.6,80.8,19.2,48.2,426,0,1127,profit_target,3465461,True,2026-08-04T20:50:00+08:00
predictions,predictor9:遗漏回补 V1:combo:direct:pc28_netdisk_regular,target100_bankroll,2026-09,2751,2751,9.0,109.0,59.4,40.6,92.4,712,0,2039,sample_end,3479182,False,2026-09-07T23:55:30+08:00
predictions,predictor9:遗漏回补 V1:combo:direct:pc28_netdisk_regular,target100_limit99,2026-07,9238,2661,-99.0,1.0,1.0,99.0,161.4,657,0,2004,loss_limit,3457327,False,2026-07-15T14:48:00+08:00
predictions,predictor9:遗漏回补 V1:combo:direct:pc28_netdisk_regular,target100_limit99,2026-08,6234,1553,100.6,200.6,80.8,19.2,48.2,426,0,1127,profit_target,3465461,True,2026-08-04T20:50:00+08:00
predictions,predictor9:遗漏回补 V1:combo:direct:pc28_netdisk_regular,target100_limit99,2026-09,2751,2751,9.0,109.0,59.4,40.6,92.4,712,0,2039,sample_end,3479182,False,2026-09-07T23:55:30+08:00
predictions,predictor9:遗漏回补 V1:combo:high100:pc28_high_regular,target100_bankroll,2026-07,1659,903,-99.47,0.53,0.53,99.47,106.91,106,106,691,insufficient_for_one_unit,3461265,False,2026-07-25T10:01:00+08:00
predictions,predictor9:遗漏回补 V1:combo:high100:pc28_high_regular,target100_bankroll,2026-08,1027,1027,16.76,116.76,98.0,2.0,79.06,142,117,768,sample_end,3476019,False,2026-08-31T03:01:00+08:00
predictions,predictor9:遗漏回补 V1:combo:high100:pc28_high_regular,target100_bankroll,2026-09,606,606,35.51,135.51,82.54,17.46,37.79,87,71,448,sample_end,3479002,False,2026-09-07T12:52:30+08:00
predictions,predictor9:遗漏回补 V1:combo:high100:pc28_high_regular,target100_limit99,2026-07,1659,901,-98.47,1.53,1.53,98.47,105.91,106,105,690,loss_limit,3461263,False,2026-07-25T09:54:00+08:00
predictions,predictor9:遗漏回补 V1:combo:high100:pc28_high_regular,target100_limit99,2026-08,1027,1027,16.76,116.76,98.0,2.0,79.06,142,117,768,sample_end,3476019,False,2026-08-31T03:01:00+08:00
predictions,predictor9:遗漏回补 V1:combo:high100:pc28_high_regular,target100_limit99,2026-09,606,606,35.51,135.51,82.54,17.46,37.79,87,71,448,sample_end,3479002,False,2026-09-07T12:52:30+08:00
predictions,predictor9:遗漏回补 V1:combo:high100:pc28_netdisk_regular,target100_bankroll,2026-07,1659,1402,-99.4,0.6,0.6,99.4,114.2,338,0,1064,insufficient_for_one_unit,3462699,False,2026-07-28T23:52:00+08:00
predictions,predictor9:遗漏回补 V1:combo:high100:pc28_netdisk_regular,target100_bankroll,2026-08,1027,1027,-22.6,77.4,73.8,26.2,75.0,259,0,768,sample_end,3476019,False,2026-08-31T03:01:00+08:00
predictions,predictor9:遗漏回补 V1:combo:high100:pc28_netdisk_regular,target100_bankroll,2026-09,606,606,5.4,105.4,80.8,19.2,36.0,158,0,448,sample_end,3479002,False,2026-09-07T12:52:30+08:00
predictions,predictor9:遗漏回补 V1:combo:high100:pc28_netdisk_regular,target100_limit99,2026-07,1659,1401,-98.4,1.6,1.6,98.4,113.2,338,0,1063,loss_limit,3462690,False,2026-07-28T23:20:30+08:00
predictions,predictor9:遗漏回补 V1:combo:high100:pc28_netdisk_regular,target100_limit99,2026-08,1027,1027,-22.6,77.4,73.8,26.2,75.0,259,0,768,sample_end,3476019,False,2026-08-31T03:01:00+08:00
predictions,predictor9:遗漏回补 V1:combo:high100:pc28_netdisk_regular,target100_limit99,2026-09,606,606,5.4,105.4,80.8,19.2,36.0,158,0,448,sample_end,3479002,False,2026-09-07T12:52:30+08:00
predictions,predictor9:遗漏回补 V1:combo:low100:pc28_high_regular,target100_bankroll,2026-07,124,124,14.3,114.3,85.66,14.34,19.89,20,9,95,sample_end,3463719,False,2026-07-31T12:28:00+08:00
predictions,predictor9:遗漏回补 V1:combo:low100:pc28_high_regular,target100_bankroll,2026-08,97,97,24.76,124.76,97.1,2.9,12.0,17,11,69,sample_end,3475720,False,2026-08-30T09:01:30+08:00
predictions,predictor9:遗漏回补 V1:combo:low100:pc28_high_regular,target100_bankroll,2026-09,24,24,11.0,111.0,90.0,10.0,10.0,5,2,17,sample_end,3479127,False,2026-09-07T20:43:00+08:00
predictions,predictor9:遗漏回补 V1:combo:low100:pc28_high_regular,target100_limit99,2026-07,124,124,14.3,114.3,85.66,14.34,19.89,20,9,95,sample_end,3463719,False,2026-07-31T12:28:00+08:00
predictions,predictor9:遗漏回补 V1:combo:low100:pc28_high_regular,target100_limit99,2026-08,97,97,24.76,124.76,97.1,2.9,12.0,17,11,69,sample_end,3475720,False,2026-08-30T09:01:30+08:00
predictions,predictor9:遗漏回补 V1:combo:low100:pc28_high_regular,target100_limit99,2026-09,24,24,11.0,111.0,90.0,10.0,10.0,5,2,17,sample_end,3479127,False,2026-09-07T20:43:00+08:00
predictions,predictor9:遗漏回补 V1:combo:low100:pc28_netdisk_regular,target100_bankroll,2026-07,124,124,-9.4,90.6,76.4,23.6,24.8,29,0,95,sample_end,3463719,False,2026-07-31T12:28:00+08:00
predictions,predictor9:遗漏回补 V1:combo:low100:pc28_netdisk_regular,target100_bankroll,2026-08,97,97,12.8,112.8,97.0,3.0,17.6,28,0,69,sample_end,3475720,False,2026-08-30T09:01:30+08:00
predictions,predictor9:遗漏回补 V1:combo:low100:pc28_netdisk_regular,target100_bankroll,2026-09,24,24,2.4,102.4,95.2,4.8,8.0,7,0,17,sample_end,3479127,False,2026-09-07T20:43:00+08:00
predictions,predictor9:遗漏回补 V1:combo:low100:pc28_netdisk_regular,target100_limit99,2026-07,124,124,-9.4,90.6,76.4,23.6,24.8,29,0,95,sample_end,3463719,False,2026-07-31T12:28:00+08:00
predictions,predictor9:遗漏回补 V1:combo:low100:pc28_netdisk_regular,target100_limit99,2026-08,97,97,12.8,112.8,97.0,3.0,17.6,28,0,69,sample_end,3475720,False,2026-08-30T09:01:30+08:00
predictions,predictor9:遗漏回补 V1:combo:low100:pc28_netdisk_regular,target100_limit99,2026-09,24,24,2.4,102.4,95.2,4.8,8.0,7,0,17,sample_end,3479127,False,2026-09-07T20:43:00+08:00
predictions,predictor9:遗漏回补 V1:number:direct:pc28_high_regular,target100_bankroll,2026-07,9238,285,-100.0,0.0,0.0,100.0,181.0,6,0,279,bankrupt,3454946,False,2026-07-09T16:36:30+08:00
predictions,predictor9:遗漏回补 V1:number:direct:pc28_high_regular,target100_bankroll,2026-08,6234,14,149.0,249.0,98.0,2.0,10.0,2,0,12,profit_target,3463921,True,2026-08-01T00:48:00+08:00
predictions,predictor9:遗漏回补 V1:number:direct:pc28_high_regular,target100_bankroll,2026-09,2751,243,-100.0,0.0,0.0,100.0,104.0,7,0,236,bankrupt,3476616,False,2026-09-01T14:23:30+08:00
predictions,predictor9:遗漏回补 V1:number:direct:pc28_high_regular,target100_limit99,2026-07,9238,284,-99.0,1.0,1.0,99.0,180.0,6,0,278,loss_limit,3454945,False,2026-07-09T16:33:00+08:00
predictions,predictor9:遗漏回补 V1:number:direct:pc28_high_regular,target100_limit99,2026-08,6234,14,149.0,249.0,98.0,2.0,10.0,2,0,12,profit_target,3463921,True,2026-08-01T00:48:00+08:00
predictions,predictor9:遗漏回补 V1:number:direct:pc28_high_regular,target100_limit99,2026-09,2751,242,-99.0,1.0,1.0,99.0,103.0,7,0,235,loss_limit,3476615,False,2026-09-01T14:20:00+08:00
predictions,predictor9:遗漏回补 V1:number:direct:pc28_netdisk_regular,target100_bankroll,2026-07,9238,257,-100.0,0.0,0.0,100.0,157.0,6,0,251,bankrupt,3454918,False,2026-07-09T14:58:30+08:00
predictions,predictor9:遗漏回补 V1:number:direct:pc28_netdisk_regular,target100_bankroll,2026-08,6234,14,144.0,244.0,98.0,2.0,10.0,2,0,12,profit_target,3463921,True,2026-08-01T00:48:00+08:00
predictions,predictor9:遗漏回补 V1:number:direct:pc28_netdisk_regular,target100_bankroll,2026-09,2751,234,-100.0,0.0,0.0,100.0,104.0,7,0,227,bankrupt,3476607,False,2026-09-01T13:52:00+08:00
predictions,predictor9:遗漏回补 V1:number:direct:pc28_netdisk_regular,target100_limit99,2026-07,9238,256,-99.0,1.0,1.0,99.0,156.0,6,0,250,loss_limit,3454917,False,2026-07-09T14:55:00+08:00
predictions,predictor9:遗漏回补 V1:number:direct:pc28_netdisk_regular,target100_limit99,2026-08,6234,14,144.0,244.0,98.0,2.0,10.0,2,0,12,profit_target,3463921,True,2026-08-01T00:48:00+08:00
predictions,predictor9:遗漏回补 V1:number:direct:pc28_netdisk_regular,target100_limit99,2026-09,2751,233,-99.0,1.0,1.0,99.0,103.0,7,0,226,loss_limit,3476606,False,2026-09-01T13:48:30+08:00
predictions,predictor9:遗漏回补 V1:odd_even:direct:pc28_high_regular,target100_bankroll,2026-07,9238,2897,-99.45,0.55,0.55,99.45,135.3,743,680,1474,insufficient_for_one_unit,3457563,False,2026-07-16T05:07:00+08:00
predictions,predictor9:遗漏回补 V1:odd_even:direct:pc28_high_regular,target100_bankroll,2026-08,6234,6234,-66.4,33.6,11.35,88.65,111.4,1656,1448,3130,sample_end,3476369,False,2026-08-31T23:59:00+08:00
predictions,predictor9:遗漏回补 V1:odd_even:direct:pc28_high_regular,target100_bankroll,2026-09,2751,2751,64.15,164.15,74.95,25.05,53.05,759,652,1340,sample_end,3479182,False,2026-09-07T23:55:30+08:00
predictions,predictor9:遗漏回补 V1:odd_even:direct:pc28_high_regular,target100_limit99,2026-07,9238,2896,-98.45,1.55,1.55,98.45,134.3,743,680,1473,loss_limit,3457562,False,2026-07-16T05:03:30+08:00
predictions,predictor9:遗漏回补 V1:odd_even:direct:pc28_high_regular,target100_limit99,2026-08,6234,6234,-66.4,33.6,11.35,88.65,111.4,1656,1448,3130,sample_end,3476369,False,2026-08-31T23:59:00+08:00
predictions,predictor9:遗漏回补 V1:odd_even:direct:pc28_high_regular,target100_limit99,2026-09,2751,2751,64.15,164.15,74.95,25.05,53.05,759,652,1340,sample_end,3479182,False,2026-09-07T23:55:30+08:00
predictions,predictor9:遗漏回补 V1:odd_even:direct:pc28_netdisk_regular,target100_bankroll,2026-07,9238,4022,-99.62,0.38,0.38,99.62,134.12,1981,0,2041,insufficient_for_one_unit,3458689,False,2026-07-19T00:27:00+08:00
predictions,predictor9:遗漏回补 V1:odd_even:direct:pc28_netdisk_regular,target100_bankroll,2026-08,6234,6006,-99.66,0.34,0.34,99.66,107.86,2983,0,3023,insufficient_for_one_unit,3476141,False,2026-08-31T10:08:00+08:00
predictions,predictor9:遗漏回补 V1:odd_even:direct:pc28_netdisk_regular,target100_bankroll,2026-09,2751,2751,42.78,142.78,85.06,14.94,44.24,1411,0,1340,sample_end,3479182,False,2026-09-07T23:55:30+08:00
predictions,predictor9:遗漏回补 V1:odd_even:direct:pc28_netdisk_regular,target100_limit99,2026-07,9238,4019,-98.6,1.4,1.4,98.6,133.1,1980,0,2039,loss_limit,3458686,False,2026-07-19T00:16:30+08:00
predictions,predictor9:遗漏回补 V1:odd_even:direct:pc28_netdisk_regular,target100_limit99,2026-08,6234,5995,-98.56,1.44,1.44,98.56,106.76,2978,0,3017,loss_limit,3476130,False,2026-08-31T09:29:30+08:00
predictions,predictor9:遗漏回补 V1:odd_even:direct:pc28_netdisk_regular,target100_limit99,2026-09,2751,2751,42.78,142.78,85.06,14.94,44.24,1411,0,1340,sample_end,3479182,False,2026-09-07T23:55:30+08:00
predictions,predictor9:遗漏回补 V1:odd_even:high100:pc28_high_regular,target100_bankroll,2026-07,453,453,13.95,113.95,98.9,1.1,16.45,127,105,221,sample_end,3462504,False,2026-07-28T11:56:30+08:00
predictions,predictor9:遗漏回补 V1:odd_even:high100:pc28_high_regular,target100_bankroll,2026-08,144,144,-2.85,97.15,92.25,7.75,16.05,39,30,75,sample_end,3476320,False,2026-08-31T21:07:30+08:00
predictions,predictor9:遗漏回补 V1:odd_even:high100:pc28_high_regular,target100_bankroll,2026-09,237,237,-14.4,85.6,82.35,17.65,37.5,56,63,118,sample_end,3479014,False,2026-09-07T13:34:30+08:00
predictions,predictor9:遗漏回补 V1:odd_even:high100:pc28_high_regular,target100_limit99,2026-07,453,453,13.95,113.95,98.9,1.1,16.45,127,105,221,sample_end,3462504,False,2026-07-28T11:56:30+08:00
predictions,predictor9:遗漏回补 V1:odd_even:high100:pc28_high_regular,target100_limit99,2026-08,144,144,-2.85,97.15,92.25,7.75,16.05,39,30,75,sample_end,3476320,False,2026-08-31T21:07:30+08:00
predictions,predictor9:遗漏回补 V1:odd_even:high100:pc28_high_regular,target100_limit99,2026-09,237,237,-14.4,85.6,82.35,17.65,37.5,56,63,118,sample_end,3479014,False,2026-09-07T13:34:30+08:00
predictions,predictor9:遗漏回补 V1:odd_even:high100:pc28_netdisk_regular,target100_bankroll,2026-07,453,453,6.36,106.36,91.78,8.22,20.94,232,0,221,sample_end,3462504,False,2026-07-28T11:56:30+08:00
predictions,predictor9:遗漏回补 V1:odd_even:high100:pc28_netdisk_regular,target100_bankroll,2026-08,144,144,-7.38,92.62,91.82,8.18,14.36,69,0,75,sample_end,3476320,False,2026-08-31T21:07:30+08:00
predictions,predictor9:遗漏回补 V1:odd_even:high100:pc28_netdisk_regular,target100_bankroll,2026-09,237,237,-1.38,98.62,95.8,4.2,19.32,119,0,118,sample_end,3479014,False,2026-09-07T13:34:30+08:00
predictions,predictor9:遗漏回补 V1:odd_even:high100:pc28_netdisk_regular,target100_limit99,2026-07,453,453,6.36,106.36,91.78,8.22,20.94,232,0,221,sample_end,3462504,False,2026-07-28T11:56:30+08:00
predictions,predictor9:遗漏回补 V1:odd_even:high100:pc28_netdisk_regular,target100_limit99,2026-08,144,144,-7.38,92.62,91.82,8.18,14.36,69,0,75,sample_end,3476320,False,2026-08-31T21:07:30+08:00
predictions,predictor9:遗漏回补 V1:odd_even:high100:pc28_netdisk_regular,target100_limit99,2026-09,237,237,-1.38,98.62,95.8,4.2,19.32,119,0,118,sample_end,3479014,False,2026-09-07T13:34:30+08:00
predictions,predictor9:遗漏回补 V1:odd_even:inverse:pc28_high_regular,target100_bankroll,2026-07,9238,8275,-99.3,0.7,0.7,99.3,142.05,2202,1900,4173,insufficient_for_one_unit,3462944,False,2026-07-29T14:09:30+08:00
predictions,predictor9:遗漏回补 V1:odd_even:inverse:pc28_high_regular,target100_bankroll,2026-08,6234,6234,-1.55,98.45,64.65,35.35,87.65,1677,1453,3104,sample_end,3476369,False,2026-08-31T23:59:00+08:00
predictions,predictor9:遗漏回补 V1:odd_even:inverse:pc28_high_regular,target100_bankroll,2026-09,2751,2751,-42.0,58.0,49.05,50.95,74.2,740,600,1411,sample_end,3479182,False,2026-09-07T23:55:30+08:00
predictions,predictor9:遗漏回补 V1:odd_even:inverse:pc28_high_regular,target100_limit99,2026-07,9238,8270,-98.15,1.85,1.85,98.15,140.9,2201,1899,4170,loss_limit,3462939,False,2026-07-29T13:52:00+08:00
predictions,predictor9:遗漏回补 V1:odd_even:inverse:pc28_high_regular,target100_limit99,2026-08,6234,6234,-1.55,98.45,64.65,35.35,87.65,1677,1453,3104,sample_end,3476369,False,2026-08-31T23:59:00+08:00
predictions,predictor9:遗漏回补 V1:odd_even:inverse:pc28_high_regular,target100_limit99,2026-09,2751,2751,-42.0,58.0,49.05,50.95,74.2,740,600,1411,sample_end,3479182,False,2026-09-07T23:55:30+08:00
predictions,predictor9:遗漏回补 V1:odd_even:inverse:pc28_netdisk_regular,target100_bankroll,2026-07,9238,7418,-99.92,0.08,0.08,99.92,130.92,3696,0,3722,insufficient_for_one_unit,3462087,False,2026-07-27T11:04:00+08:00
predictions,predictor9:遗漏回补 V1:odd_even:inverse:pc28_netdisk_regular,target100_bankroll,2026-08,6234,6234,-36.6,63.4,50.7,49.3,68.94,3130,0,3104,sample_end,3476369,False,2026-08-31T23:59:00+08:00
predictions,predictor9:遗漏回补 V1:odd_even:inverse:pc28_netdisk_regular,target100_bankroll,2026-09,2751,2575,-100.0,0.0,0.0,100.0,110.8,1250,0,1325,bankrupt,3478999,False,2026-09-07T12:42:00+08:00
predictions,predictor9:遗漏回补 V1:odd_even:inverse:pc28_netdisk_regular,target100_limit99,2026-07,9238,7413,-98.88,1.12,1.12,98.88,129.88,3694,0,3719,loss_limit,3462082,False,2026-07-27T10:46:30+08:00
predictions,predictor9:遗漏回补 V1:odd_even:inverse:pc28_netdisk_regular,target100_limit99,2026-08,6234,6234,-36.6,63.4,50.7,49.3,68.94,3130,0,3104,sample_end,3476369,False,2026-08-31T23:59:00+08:00
predictions,predictor9:遗漏回补 V1:odd_even:inverse:pc28_netdisk_regular,target100_limit99,2026-09,2751,2574,-99.0,1.0,1.0,99.0,109.8,1250,0,1324,loss_limit,3478998,False,2026-09-07T12:38:30+08:00
predictions,predictor9:遗漏回补 V1:odd_even:low100:pc28_high_regular,target100_bankroll,2026-07,28,28,3.8,103.8,95.0,5.0,5.0,8,9,11,sample_end,3463724,False,2026-07-31T12:45:30+08:00
predictions,predictor9:遗漏回补 V1:odd_even:low100:pc28_high_regular,target100_bankroll,2026-08,34,34,5.35,105.35,96.0,4.0,4.0,11,8,15,sample_end,3475685,False,2026-08-30T06:59:00+08:00
predictions,predictor9:遗漏回补 V1:odd_even:low100:pc28_high_regular,target100_bankroll,2026-09,15,15,-0.6,99.4,94.85,5.15,5.15,4,3,8,sample_end,3477521,False,2026-09-03T20:50:00+08:00
predictions,predictor9:遗漏回补 V1:odd_even:low100:pc28_high_regular,target100_limit99,2026-07,28,28,3.8,103.8,95.0,5.0,5.0,8,9,11,sample_end,3463724,False,2026-07-31T12:45:30+08:00
predictions,predictor9:遗漏回补 V1:odd_even:low100:pc28_high_regular,target100_limit99,2026-08,34,34,5.35,105.35,96.0,4.0,4.0,11,8,15,sample_end,3475685,False,2026-08-30T06:59:00+08:00
predictions,predictor9:遗漏回补 V1:odd_even:low100:pc28_high_regular,target100_limit99,2026-09,15,15,-0.6,99.4,94.85,5.15,5.15,4,3,8,sample_end,3477521,False,2026-09-03T20:50:00+08:00
predictions,predictor9:遗漏回补 V1:odd_even:low100:pc28_netdisk_regular,target100_bankroll,2026-07,28,28,5.66,105.66,97.92,2.08,3.02,17,0,11,sample_end,3463724,False,2026-07-31T12:45:30+08:00
predictions,predictor9:遗漏回补 V1:odd_even:low100:pc28_netdisk_regular,target100_bankroll,2026-08,34,34,3.62,103.62,95.92,4.08,4.08,19,0,15,sample_end,3475685,False,2026-08-30T06:59:00+08:00
predictions,predictor9:遗漏回补 V1:odd_even:low100:pc28_netdisk_regular,target100_bankroll,2026-09,15,15,-1.14,98.86,96.9,3.1,4.04,7,0,8,sample_end,3477521,False,2026-09-03T20:50:00+08:00
predictions,predictor9:遗漏回补 V1:odd_even:low100:pc28_netdisk_regular,target100_limit99,2026-07,28,28,5.66,105.66,97.92,2.08,3.02,17,0,11,sample_end,3463724,False,2026-07-31T12:45:30+08:00
predictions,predictor9:遗漏回补 V1:odd_even:low100:pc28_netdisk_regular,target100_limit99,2026-08,34,34,3.62,103.62,95.92,4.08,4.08,19,0,15,sample_end,3475685,False,2026-08-30T06:59:00+08:00
predictions,predictor9:遗漏回补 V1:odd_even:low100:pc28_netdisk_regular,target100_limit99,2026-09,15,15,-1.14,98.86,96.9,3.1,4.04,7,0,8,sample_end,3477521,False,2026-09-03T20:50:00+08:00
observed,observed_rule0,target100_bankroll,2026-04,939,939,82.18,182.18,73.17,26.83,35.0,218,154,567,sample_end,3425749,False,
observed,observed_rule0,target100_bankroll,2026-05,1,1,5.33,105.33,100.0,0.0,0.0,1,0,0,sample_end,3436891,False,
observed,observed_rule0,target100_bankroll,2026-06,0,0,0.0,100.0,100.0,0.0,0.0,0,0,0,no_signal,,False,
observed,observed_rule0,target100_bankroll,2026-07,2236,922,103.75,203.75,66.9,33.1,35.35,277,197,448,profit_target,3461643,True,2026-07-26T08:37:00+08:00
observed,observed_rule0,target100_bankroll,2026-08,5148,4037,-99.69,0.31,0.31,99.69,130.66,797,614,2626,insufficient_for_one_unit,3468402,False,2026-08-12T04:14:30+08:00
observed,observed_rule0,target100_bankroll,2026-09,89,89,12.8,112.8,97.05,2.95,8.15,28,22,39,sample_end,3478634,False,2026-09-06T14:51:30+08:00
observed,observed_rule0,target100_limit99,2026-04,939,939,82.18,182.18,73.17,26.83,35.0,218,154,567,sample_end,3425749,False,
observed,observed_rule0,target100_limit99,2026-05,1,1,5.33,105.33,100.0,0.0,0.0,1,0,0,sample_end,3436891,False,
observed,observed_rule0,target100_limit99,2026-06,0,0,0.0,100.0,100.0,0.0,0.0,0,0,0,no_signal,,False,
observed,observed_rule0,target100_limit99,2026-07,2236,922,103.75,203.75,66.9,33.1,35.35,277,197,448,profit_target,3461643,True,2026-07-26T08:37:00+08:00
observed,observed_rule0,target100_limit99,2026-08,5148,4036,-98.69,1.31,1.31,98.69,129.66,797,614,2625,loss_limit,3468401,False,2026-08-12T04:11:00+08:00
observed,observed_rule0,target100_limit99,2026-09,89,89,12.8,112.8,97.05,2.95,8.15,28,22,39,sample_end,3478634,False,2026-09-06T14:51:30+08:00
observed,observed_rule1,target100_bankroll,2026-04,528,528,-13.36,86.64,81.84,18.16,30.08,125,110,293,sample_end,3426645,False,
observed,observed_rule1,target100_bankroll,2026-05,3158,2483,-99.57,0.43,0.43,99.57,185.49,463,410,1610,insufficient_for_one_unit,3434833,False,
observed,observed_rule1,target100_bankroll,2026-06,2035,2035,20.13,120.13,57.09,42.91,92.87,444,355,1236,sample_end,3451445,False,
observed,observed_rule1,target100_bankroll,2026-07,1847,1847,66.34,166.34,64.8,35.2,59.18,458,357,1032,sample_end,3463907,False,2026-07-31T23:59:00+08:00
observed,observed_rule1,target100_bankroll,2026-08,602,602,-62.13,37.87,37.87,62.13,62.63,126,128,348,sample_end,3476368,False,2026-08-31T23:55:30+08:00
observed,observed_rule1,target100_bankroll,2026-09,156,156,0.15,100.15,97.8,2.2,16.5,39,45,72,sample_end,3478110,False,2026-09-05T07:44:30+08:00
observed,observed_rule1,target100_limit99,2026-04,528,528,-13.36,86.64,81.84,18.16,30.08,125,110,293,sample_end,3426645,False,
observed,observed_rule1,target100_limit99,2026-05,3158,2482,-98.57,1.43,1.43,98.57,184.49,463,410,1609,loss_limit,3434832,False,
observed,observed_rule1,target100_limit99,2026-06,2035,2035,20.13,120.13,57.09,42.91,92.87,444,355,1236,sample_end,3451445,False,
observed,observed_rule1,target100_limit99,2026-07,1847,1847,66.34,166.34,64.8,35.2,59.18,458,357,1032,sample_end,3463907,False,2026-07-31T23:59:00+08:00
observed,observed_rule1,target100_limit99,2026-08,602,602,-62.13,37.87,37.87,62.13,62.63,126,128,348,sample_end,3476368,False,2026-08-31T23:55:30+08:00
observed,observed_rule1,target100_limit99,2026-09,156,156,0.15,100.15,97.8,2.2,16.5,39,45,72,sample_end,3478110,False,2026-09-05T07:44:30+08:00
observed,observed_rule1:sub2:big_small,target100_bankroll,2026-05,170,170,0.1,100.1,96.0,4.0,12.95,46,39,85,sample_end,3435491,False,
observed,observed_rule1:sub2:big_small,target100_bankroll,2026-06,131,131,-7.95,92.05,92.05,7.95,17.25,33,29,69,sample_end,3448029,False,
observed,observed_rule1:sub2:big_small,target100_bankroll,2026-07,0,0,0.0,100.0,100.0,0.0,0.0,0,0,0,no_signal,,False,
observed,observed_rule1:sub2:big_small,target100_bankroll,2026-08,0,0,0.0,100.0,100.0,0.0,0.0,0,0,0,no_signal,,False,
observed,observed_rule1:sub2:big_small,target100_bankroll,2026-09,101,101,-10.3,89.7,89.7,10.3,16.5,22,28,51,sample_end,3478110,False,2026-09-05T07:44:30+08:00
observed,observed_rule1:sub2:big_small,target100_limit99,2026-05,170,170,0.1,100.1,96.0,4.0,12.95,46,39,85,sample_end,3435491,False,
observed,observed_rule1:sub2:big_small,target100_limit99,2026-06,131,131,-7.95,92.05,92.05,7.95,17.25,33,29,69,sample_end,3448029,False,
observed,observed_rule1:sub2:big_small,target100_limit99,2026-07,0,0,0.0,100.0,100.0,0.0,0.0,0,0,0,no_signal,,False,
observed,observed_rule1:sub2:big_small,target100_limit99,2026-08,0,0,0.0,100.0,100.0,0.0,0.0,0,0,0,no_signal,,False,
observed,observed_rule1:sub2:big_small,target100_limit99,2026-09,101,101,-10.3,89.7,89.7,10.3,16.5,22,28,51,sample_end,3478110,False,2026-09-05T07:44:30+08:00
observed,observed_rule1:sub2:combo,target100_bankroll,2026-04,27,27,2.22,102.22,89.78,10.22,12.0,4,3,20,sample_end,3426564,False,
observed,observed_rule1:sub2:combo,target100_bankroll,2026-05,281,281,37.77,137.77,86.54,13.46,21.12,44,29,208,sample_end,3437080,False,
observed,observed_rule1:sub2:combo,target100_bankroll,2026-06,209,209,-8.67,91.33,83.44,16.56,41.45,26,29,154,sample_end,3449696,False,
observed,observed_rule1:sub2:combo,target100_bankroll,2026-07,126,126,10.87,110.87,99.0,1.0,21.24,19,13,94,sample_end,3463907,False,2026-07-31T23:59:00+08:00
observed,observed_rule1:sub2:combo,target100_bankroll,2026-08,4,4,-4.0,96.0,96.0,4.0,4.0,0,0,4,sample_end,3463912,False,2026-08-01T00:16:30+08:00
observed,observed_rule1:sub2:combo,target100_bankroll,2026-09,0,0,0.0,100.0,100.0,0.0,0.0,0,0,0,no_signal,,False,
observed,observed_rule1:sub2:combo,target100_limit99,2026-04,27,27,2.22,102.22,89.78,10.22,12.0,4,3,20,sample_end,3426564,False,
observed,observed_rule1:sub2:combo,target100_limit99,2026-05,281,281,37.77,137.77,86.54,13.46,21.12,44,29,208,sample_end,3437080,False,
observed,observed_rule1:sub2:combo,target100_limit99,2026-06,209,209,-8.67,91.33,83.44,16.56,41.45,26,29,154,sample_end,3449696,False,
observed,observed_rule1:sub2:combo,target100_limit99,2026-07,126,126,10.87,110.87,99.0,1.0,21.24,19,13,94,sample_end,3463907,False,2026-07-31T23:59:00+08:00
observed,observed_rule1:sub2:combo,target100_limit99,2026-08,4,4,-4.0,96.0,96.0,4.0,4.0,0,0,4,sample_end,3463912,False,2026-08-01T00:16:30+08:00
observed,observed_rule1:sub2:combo,target100_limit99,2026-09,0,0,0.0,100.0,100.0,0.0,0.0,0,0,0,no_signal,,False,
observed,observed_rule1:sub2:odd_even,target100_bankroll,2026-04,83,83,-10.0,90.0,90.0,10.0,13.05,20,16,47,sample_end,3426511,False,
observed,observed_rule1:sub2:odd_even,target100_bankroll,2026-05,170,170,2.95,102.95,92.85,7.15,14.15,47,39,84,sample_end,3432134,False,
observed,observed_rule1:sub2:odd_even,target100_bankroll,2026-06,31,31,2.65,102.65,98.0,2.0,3.3,9,8,14,sample_end,3450874,False,
observed,observed_rule1:sub2:odd_even,target100_bankroll,2026-07,380,380,57.25,157.25,100.0,0.0,9.1,125,81,174,sample_end,3462691,False,2026-07-28T23:24:00+08:00
observed,observed_rule1:sub2:odd_even,target100_bankroll,2026-08,258,258,-20.15,79.85,79.85,20.15,20.3,61,64,133,sample_end,3468732,False,2026-08-13T00:02:30+08:00
observed,observed_rule1:sub2:odd_even,target100_bankroll,2026-09,0,0,0.0,100.0,100.0,0.0,0.0,0,0,0,no_signal,,False,
observed,observed_rule1:sub2:odd_even,target100_limit99,2026-04,83,83,-10.0,90.0,90.0,10.0,13.05,20,16,47,sample_end,3426511,False,
observed,observed_rule1:sub2:odd_even,target100_limit99,2026-05,170,170,2.95,102.95,92.85,7.15,14.15,47,39,84,sample_end,3432134,False,
observed,observed_rule1:sub2:odd_even,target100_limit99,2026-06,31,31,2.65,102.65,98.0,2.0,3.3,9,8,14,sample_end,3450874,False,
observed,observed_rule1:sub2:odd_even,target100_limit99,2026-07,380,380,57.25,157.25,100.0,0.0,9.1,125,81,174,sample_end,3462691,False,2026-07-28T23:24:00+08:00
observed,observed_rule1:sub2:odd_even,target100_limit99,2026-08,258,258,-20.15,79.85,79.85,20.15,20.3,61,64,133,sample_end,3468732,False,2026-08-13T00:02:30+08:00
observed,observed_rule1:sub2:odd_even,target100_limit99,2026-09,0,0,0.0,100.0,100.0,0.0,0.0,0,0,0,no_signal,,False,
observed,observed_rule1:sub3:big_small,target100_bankroll,2026-04,151,151,10.55,110.55,95.5,4.5,12.2,43,39,69,sample_end,3425970,False,
observed,observed_rule1:sub3:big_small,target100_bankroll,2026-05,148,148,-19.95,80.05,80.05,19.95,20.8,33,34,81,sample_end,3431474,False,
observed,observed_rule1:sub3:big_small,target100_bankroll,2026-06,119,119,6.45,106.45,95.7,4.3,8.6,37,20,62,sample_end,3451445,False,
observed,observed_rule1:sub3:big_small,target100_bankroll,2026-07,253,253,23.45,123.45,97.25,2.75,14.95,77,57,119,sample_end,3459822,False,2026-07-21T20:11:30+08:00
observed,observed_rule1:sub3:big_small,target100_bankroll,2026-08,192,192,-16.05,83.95,83.95,16.05,20.55,47,42,103,sample_end,3476368,False,2026-08-31T23:55:30+08:00
observed,observed_rule1:sub3:big_small,target100_bankroll,2026-09,55,55,10.45,110.45,97.8,2.2,6.45,17,17,21,sample_end,3476436,False,2026-09-01T03:53:30+08:00
observed,observed_rule1:sub3:big_small,target100_limit99,2026-04,151,151,10.55,110.55,95.5,4.5,12.2,43,39,69,sample_end,3425970,False,
observed,observed_rule1:sub3:big_small,target100_limit99,2026-05,148,148,-19.95,80.05,80.05,19.95,20.8,33,34,81,sample_end,3431474,False,
observed,observed_rule1:sub3:big_small,target100_limit99,2026-06,119,119,6.45,106.45,95.7,4.3,8.6,37,20,62,sample_end,3451445,False,
observed,observed_rule1:sub3:big_small,target100_limit99,2026-07,253,253,23.45,123.45,97.25,2.75,14.95,77,57,119,sample_end,3459822,False,2026-07-21T20:11:30+08:00
observed,observed_rule1:sub3:big_small,target100_limit99,2026-08,192,192,-16.05,83.95,83.95,16.05,20.55,47,42,103,sample_end,3476368,False,2026-08-31T23:55:30+08:00
observed,observed_rule1:sub3:big_small,target100_limit99,2026-09,55,55,10.45,110.45,97.8,2.2,6.45,17,17,21,sample_end,3476436,False,2026-09-01T03:53:30+08:00
observed,observed_rule1:sub3:combo,target100_bankroll,2026-04,44,44,-10.78,89.22,89.22,10.78,15.0,4,7,33,sample_end,3426293,False,
observed,observed_rule1:sub3:combo,target100_bankroll,2026-05,531,531,-33.11,66.89,50.89,49.11,82.0,68,49,414,sample_end,3435119,False,
observed,observed_rule1:sub3:combo,target100_bankroll,2026-06,59,59,25.66,125.66,100.0,0.0,10.0,12,6,41,sample_end,3451401,False,
observed,observed_rule1:sub3:combo,target100_bankroll,2026-07,166,166,13.75,113.75,90.65,9.35,22.34,25,17,124,sample_end,3462717,False,2026-07-29T00:55:00+08:00
observed,observed_rule1:sub3:combo,target100_bankroll,2026-08,121,121,-12.33,87.67,78.1,21.9,24.23,14,16,91,sample_end,3469284,False,2026-08-14T08:47:30+08:00
observed,observed_rule1:sub3:combo,target100_bankroll,2026-09,0,0,0.0,100.0,100.0,0.0,0.0,0,0,0,no_signal,,False,
observed,observed_rule1:sub3:combo,target100_limit99,2026-04,44,44,-10.78,89.22,89.22,10.78,15.0,4,7,33,sample_end,3426293,False,
observed,observed_rule1:sub3:combo,target100_limit99,2026-05,531,531,-33.11,66.89,50.89,49.11,82.0,68,49,414,sample_end,3435119,False,
observed,observed_rule1:sub3:combo,target100_limit99,2026-06,59,59,25.66,125.66,100.0,0.0,10.0,12,6,41,sample_end,3451401,False,
observed,observed_rule1:sub3:combo,target100_limit99,2026-07,166,166,13.75,113.75,90.65,9.35,22.34,25,17,124,sample_end,3462717,False,2026-07-29T00:55:00+08:00
observed,observed_rule1:sub3:combo,target100_limit99,2026-08,121,121,-12.33,87.67,78.1,21.9,24.23,14,16,91,sample_end,3469284,False,2026-08-14T08:47:30+08:00
observed,observed_rule1:sub3:combo,target100_limit99,2026-09,0,0,0.0,100.0,100.0,0.0,0.0,0,0,0,no_signal,,False,
observed,observed_rule1:sub3:odd_even,target100_bankroll,2026-05,72,72,11.7,111.7,99.8,0.2,4.15,22,21,29,sample_end,3435782,False,
observed,observed_rule1:sub3:odd_even,target100_bankroll,2026-06,0,0,0.0,100.0,100.0,0.0,0.0,0,0,0,no_signal,,False,
observed,observed_rule1:sub3:odd_even,target100_bankroll,2026-07,147,147,21.8,121.8,100.0,0.0,12.95,48,32,67,sample_end,3456414,False,2026-07-13T08:26:30+08:00
observed,observed_rule1:sub3:odd_even,target100_bankroll,2026-08,27,27,-9.6,90.4,90.4,9.6,9.6,4,6,17,sample_end,3475753,False,2026-08-30T10:57:00+08:00
observed,observed_rule1:sub3:odd_even,target100_bankroll,2026-09,0,0,0.0,100.0,100.0,0.0,0.0,0,0,0,no_signal,,False,
observed,observed_rule1:sub3:odd_even,target100_limit99,2026-05,72,72,11.7,111.7,99.8,0.2,4.15,22,21,29,sample_end,3435782,False,
observed,observed_rule1:sub3:odd_even,target100_limit99,2026-06,0,0,0.0,100.0,100.0,0.0,0.0,0,0,0,no_signal,,False,
observed,observed_rule1:sub3:odd_even,target100_limit99,2026-07,147,147,21.8,121.8,100.0,0.0,12.95,48,32,67,sample_end,3456414,False,2026-07-13T08:26:30+08:00
observed,observed_rule1:sub3:odd_even,target100_limit99,2026-08,27,27,-9.6,90.4,90.4,9.6,9.6,4,6,17,sample_end,3475753,False,2026-08-30T10:57:00+08:00
observed,observed_rule1:sub3:odd_even,target100_limit99,2026-09,0,0,0.0,100.0,100.0,0.0,0.0,0,0,0,no_signal,,False,
observed,observed_rule1:sub4:big_small,target100_bankroll,2026-05,298,298,-8.1,91.9,91.15,8.85,20.25,74,79,145,sample_end,3433630,False,
observed,observed_rule1:sub4:big_small,target100_bankroll,2026-06,0,0,0.0,100.0,100.0,0.0,0.0,0,0,0,no_signal,,False,
observed,observed_rule1:sub4:big_small,target100_bankroll,2026-07,279,279,-35.75,64.25,58.0,42.0,42.0,65,58,156,sample_end,3454148,False,
observed,observed_rule1:sub4:big_small,target100_bankroll,2026-08,0,0,0.0,100.0,100.0,0.0,0.0,0,0,0,no_signal,,False,
observed,observed_rule1:sub4:big_small,target100_bankroll,2026-09,0,0,0.0,100.0,100.0,0.0,0.0,0,0,0,no_signal,,False,
observed,observed_rule1:sub4:big_small,target100_limit99,2026-05,298,298,-8.1,91.9,91.15,8.85,20.25,74,79,145,sample_end,3433630,False,
observed,observed_rule1:sub4:big_small,target100_limit99,2026-06,0,0,0.0,100.0,100.0,0.0,0.0,0,0,0,no_signal,,False,
observed,observed_rule1:sub4:big_small,target100_limit99,2026-07,279,279,-35.75,64.25,58.0,42.0,42.0,65,58,156,sample_end,3454148,False,
observed,observed_rule1:sub4:big_small,target100_limit99,2026-08,0,0,0.0,100.0,100.0,0.0,0.0,0,0,0,no_signal,,False,
observed,observed_rule1:sub4:big_small,target100_limit99,2026-09,0,0,0.0,100.0,100.0,0.0,0.0,0,0,0,no_signal,,False,
observed,observed_rule1:sub4:combo,target100_bankroll,2026-04,25,25,23.66,123.66,95.0,5.0,6.0,7,3,15,sample_end,3426563,False,
observed,observed_rule1:sub4:combo,target100_bankroll,2026-05,689,689,-45.49,54.51,41.62,58.38,71.01,87,73,529,sample_end,3434805,False,
observed,observed_rule1:sub4:combo,target100_bankroll,2026-06,155,155,1.01,101.01,87.45,12.55,29.1,22,10,123,sample_end,3449524,False,
observed,observed_rule1:sub4:combo,target100_bankroll,2026-07,57,57,5.34,105.34,97.0,3.0,10.44,8,9,40,sample_end,3453138,False,
observed,observed_rule1:sub4:combo,target100_bankroll,2026-08,0,0,0.0,100.0,100.0,0.0,0.0,0,0,0,no_signal,,False,
observed,observed_rule1:sub4:combo,target100_bankroll,2026-09,0,0,0.0,100.0,100.0,0.0,0.0,0,0,0,no_signal,,False,
observed,observed_rule1:sub4:combo,target100_limit99,2026-04,25,25,23.66,123.66,95.0,5.0,6.0,7,3,15,sample_end,3426563,False,
observed,observed_rule1:sub4:combo,target100_limit99,2026-05,689,689,-45.49,54.51,41.62,58.38,71.01,87,73,529,sample_end,3434805,False,
observed,observed_rule1:sub4:combo,target100_limit99,2026-06,155,155,1.01,101.01,87.45,12.55,29.1,22,10,123,sample_end,3449524,False,
observed,observed_rule1:sub4:combo,target100_limit99,2026-07,57,57,5.34,105.34,97.0,3.0,10.44,8,9,40,sample_end,3453138,False,
observed,observed_rule1:sub4:combo,target100_limit99,2026-08,0,0,0.0,100.0,100.0,0.0,0.0,0,0,0,no_signal,,False,
observed,observed_rule1:sub4:combo,target100_limit99,2026-09,0,0,0.0,100.0,100.0,0.0,0.0,0,0,0,no_signal,,False,
observed,observed_rule1:sub4:odd_even,target100_bankroll,2026-06,10,10,10.1,110.1,100.0,0.0,1.0,6,3,1,sample_end,3444622,False,
observed,observed_rule1:sub4:odd_even,target100_bankroll,2026-07,0,0,0.0,100.0,100.0,0.0,0.0,0,0,0,no_signal,,False,
observed,observed_rule1:sub4:odd_even,target100_bankroll,2026-08,0,0,0.0,100.0,100.0,0.0,0.0,0,0,0,no_signal,,False,
observed,observed_rule1:sub4:odd_even,target100_bankroll,2026-09,0,0,0.0,100.0,100.0,0.0,0.0,0,0,0,no_signal,,False,
observed,observed_rule1:sub4:odd_even,target100_limit99,2026-06,10,10,10.1,110.1,100.0,0.0,1.0,6,3,1,sample_end,3444622,False,
observed,observed_rule1:sub4:odd_even,target100_limit99,2026-07,0,0,0.0,100.0,100.0,0.0,0.0,0,0,0,no_signal,,False,
observed,observed_rule1:sub4:odd_even,target100_limit99,2026-08,0,0,0.0,100.0,100.0,0.0,0.0,0,0,0,no_signal,,False,
observed,observed_rule1:sub4:odd_even,target100_limit99,2026-09,0,0,0.0,100.0,100.0,0.0,0.0,0,0,0,no_signal,,False,
observed,observed_rule1:sub5:big_small,target100_bankroll,2026-05,265,265,18.3,118.3,97.3,2.7,15.0,78,61,126,sample_end,3435105,False,
observed,observed_rule1:sub5:big_small,target100_bankroll,2026-06,253,253,-2.35,97.65,80.8,19.2,19.45,69,54,130,sample_end,3451082,False,
observed,observed_rule1:sub5:big_small,target100_bankroll,2026-07,237,237,11.25,111.25,97.55,2.45,10.75,65,63,109,sample_end,3454819,False,2026-07-09T09:12:00+08:00
observed,observed_rule1:sub5:big_small,target100_bankroll,2026-08,0,0,0.0,100.0,100.0,0.0,0.0,0,0,0,no_signal,,False,
observed,observed_rule1:sub5:big_small,target100_bankroll,2026-09,0,0,0.0,100.0,100.0,0.0,0.0,0,0,0,no_signal,,False,
observed,observed_rule1:sub5:big_small,target100_limit99,2026-05,265,265,18.3,118.3,97.3,2.7,15.0,78,61,126,sample_end,3435105,False,
observed,observed_rule1:sub5:big_small,target100_limit99,2026-06,253,253,-2.35,97.65,80.8,19.2,19.45,69,54,130,sample_end,3451082,False,
observed,observed_rule1:sub5:big_small,target100_limit99,2026-07,237,237,11.25,111.25,97.55,2.45,10.75,65,63,109,sample_end,3454819,False,2026-07-09T09:12:00+08:00
observed,observed_rule1:sub5:big_small,target100_limit99,2026-08,0,0,0.0,100.0,100.0,0.0,0.0,0,0,0,no_signal,,False,
observed,observed_rule1:sub5:big_small,target100_limit99,2026-09,0,0,0.0,100.0,100.0,0.0,0.0,0,0,0,no_signal,,False,
observed,observed_rule1:sub5:combo,target100_bankroll,2026-05,618,618,9.49,109.49,100.0,0.0,61.8,88,52,478,sample_end,3437080,False,
observed,observed_rule1:sub5:combo,target100_bankroll,2026-06,169,169,-7.32,92.68,91.9,8.1,41.34,21,22,126,sample_end,3447519,False,
observed,observed_rule1:sub5:combo,target100_bankroll,2026-07,80,80,-20.99,79.01,79.01,20.99,20.99,7,12,61,sample_end,3454573,False,
observed,observed_rule1:sub5:combo,target100_bankroll,2026-08,0,0,0.0,100.0,100.0,0.0,0.0,0,0,0,no_signal,,False,
observed,observed_rule1:sub5:combo,target100_bankroll,2026-09,0,0,0.0,100.0,100.0,0.0,0.0,0,0,0,no_signal,,False,
observed,observed_rule1:sub5:combo,target100_limit99,2026-05,618,618,9.49,109.49,100.0,0.0,61.8,88,52,478,sample_end,3437080,False,
observed,observed_rule1:sub5:combo,target100_limit99,2026-06,169,169,-7.32,92.68,91.9,8.1,41.34,21,22,126,sample_end,3447519,False,
observed,observed_rule1:sub5:combo,target100_limit99,2026-07,80,80,-20.99,79.01,79.01,20.99,20.99,7,12,61,sample_end,3454573,False,
observed,observed_rule1:sub5:combo,target100_limit99,2026-08,0,0,0.0,100.0,100.0,0.0,0.0,0,0,0,no_signal,,False,
observed,observed_rule1:sub5:combo,target100_limit99,2026-09,0,0,0.0,100.0,100.0,0.0,0.0,0,0,0,no_signal,,False,
observed,observed_rule1:sub5:odd_even,target100_bankroll,2026-05,162,162,32.45,132.45,98.85,1.15,8.3,57,32,73,sample_end,3435167,False,
observed,observed_rule1:sub5:odd_even,target100_bankroll,2026-06,91,91,27.75,127.75,99.7,0.3,7.15,35,19,37,sample_end,3446474,False,
observed,observed_rule1:sub5:odd_even,target100_bankroll,2026-07,0,0,0.0,100.0,100.0,0.0,0.0,0,0,0,no_signal,,False,
observed,observed_rule1:sub5:odd_even,target100_bankroll,2026-08,0,0,0.0,100.0,100.0,0.0,0.0,0,0,0,no_signal,,False,
observed,observed_rule1:sub5:odd_even,target100_bankroll,2026-09,0,0,0.0,100.0,100.0,0.0,0.0,0,0,0,no_signal,,False,
observed,observed_rule1:sub5:odd_even,target100_limit99,2026-05,162,162,32.45,132.45,98.85,1.15,8.3,57,32,73,sample_end,3435167,False,
observed,observed_rule1:sub5:odd_even,target100_limit99,2026-06,91,91,27.75,127.75,99.7,0.3,7.15,35,19,37,sample_end,3446474,False,
observed,observed_rule1:sub5:odd_even,target100_limit99,2026-07,0,0,0.0,100.0,100.0,0.0,0.0,0,0,0,no_signal,,False,
observed,observed_rule1:sub5:odd_even,target100_limit99,2026-08,0,0,0.0,100.0,100.0,0.0,0.0,0,0,0,no_signal,,False,
observed,observed_rule1:sub5:odd_even,target100_limit99,2026-09,0,0,0.0,100.0,100.0,0.0,0.0,0,0,0,no_signal,,False,
observed,observed_rule1:sub6:big_small,target100_bankroll,2026-04,319,319,-22.0,78.0,78.0,22.0,23.7,80,69,170,sample_end,3426645,False,
observed,observed_rule1:sub6:big_small,target100_bankroll,2026-05,117,117,16.3,116.3,100.0,0.0,14.65,38,25,54,sample_end,3434909,False,
observed,observed_rule1:sub6:big_small,target100_bankroll,2026-06,517,517,2.15,102.15,80.25,19.75,21.6,139,123,255,sample_end,3451082,False,
observed,observed_rule1:sub6:big_small,target100_bankroll,2026-07,0,0,0.0,100.0,100.0,0.0,0.0,0,0,0,no_signal,,False,
observed,observed_rule1:sub6:big_small,target100_bankroll,2026-08,0,0,0.0,100.0,100.0,0.0,0.0,0,0,0,no_signal,,False,
observed,observed_rule1:sub6:big_small,target100_bankroll,2026-09,0,0,0.0,100.0,100.0,0.0,0.0,0,0,0,no_signal,,False,
observed,observed_rule1:sub6:big_small,target100_limit99,2026-04,319,319,-22.0,78.0,78.0,22.0,23.7,80,69,170,sample_end,3426645,False,
observed,observed_rule1:sub6:big_small,target100_limit99,2026-05,117,117,16.3,116.3,100.0,0.0,14.65,38,25,54,sample_end,3434909,False,
observed,observed_rule1:sub6:big_small,target100_limit99,2026-06,517,517,2.15,102.15,80.25,19.75,21.6,139,123,255,sample_end,3451082,False,
observed,observed_rule1:sub6:big_small,target100_limit99,2026-07,0,0,0.0,100.0,100.0,0.0,0.0,0,0,0,no_signal,,False,
observed,observed_rule1:sub6:big_small,target100_limit99,2026-08,0,0,0.0,100.0,100.0,0.0,0.0,0,0,0,no_signal,,False,
observed,observed_rule1:sub6:big_small,target100_limit99,2026-09,0,0,0.0,100.0,100.0,0.0,0.0,0,0,0,no_signal,,False,
observed,observed_rule1:sub6:combo,target100_bankroll,2026-04,23,23,2.34,102.34,88.0,12.0,12.0,3,5,15,sample_end,3426314,False,
observed,observed_rule1:sub6:combo,target100_bankroll,2026-05,555,555,-54.53,45.47,24.79,75.21,94.11,64,76,415,sample_end,3436811,False,
observed,observed_rule1:sub6:combo,target100_bankroll,2026-06,264,264,-49.19,50.81,39.47,60.53,66.65,27,34,203,sample_end,3450747,False,
observed,observed_rule1:sub6:combo,target100_bankroll,2026-07,93,93,-4.79,95.21,92.33,7.67,18.22,12,10,71,sample_end,3454765,False,2026-07-09T06:03:00+08:00
observed,observed_rule1:sub6:combo,target100_bankroll,2026-08,0,0,0.0,100.0,100.0,0.0,0.0,0,0,0,no_signal,,False,
observed,observed_rule1:sub6:combo,target100_bankroll,2026-09,0,0,0.0,100.0,100.0,0.0,0.0,0,0,0,no_signal,,False,
observed,observed_rule1:sub6:combo,target100_limit99,2026-04,23,23,2.34,102.34,88.0,12.0,12.0,3,5,15,sample_end,3426314,False,
observed,observed_rule1:sub6:combo,target100_limit99,2026-05,555,555,-54.53,45.47,24.79,75.21,94.11,64,76,415,sample_end,3436811,False,
observed,observed_rule1:sub6:combo,target100_limit99,2026-06,264,264,-49.19,50.81,39.47,60.53,66.65,27,34,203,sample_end,3450747,False,
observed,observed_rule1:sub6:combo,target100_limit99,2026-07,93,93,-4.79,95.21,92.33,7.67,18.22,12,10,71,sample_end,3454765,False,2026-07-09T06:03:00+08:00
observed,observed_rule1:sub6:combo,target100_limit99,2026-08,0,0,0.0,100.0,100.0,0.0,0.0,0,0,0,no_signal,,False,
observed,observed_rule1:sub6:combo,target100_limit99,2026-09,0,0,0.0,100.0,100.0,0.0,0.0,0,0,0,no_signal,,False,
observed,observed_rule1:sub6:odd_even,target100_bankroll,2026-05,549,549,34.0,134.0,92.55,7.45,24.05,160,127,262,sample_end,3433878,False,
observed,observed_rule1:sub6:odd_even,target100_bankroll,2026-06,126,126,18.85,118.85,99.0,1.0,10.6,41,28,57,sample_end,3450264,False,
observed,observed_rule1:sub6:odd_even,target100_bankroll,2026-07,97,97,0.1,100.1,88.45,11.55,15.6,26,23,48,sample_end,3456291,False,2026-07-13T01:16:00+08:00
observed,observed_rule1:sub6:odd_even,target100_bankroll,2026-08,0,0,0.0,100.0,100.0,0.0,0.0,0,0,0,no_signal,,False,
observed,observed_rule1:sub6:odd_even,target100_bankroll,2026-09,0,0,0.0,100.0,100.0,0.0,0.0,0,0,0,no_signal,,False,
observed,observed_rule1:sub6:odd_even,target100_limit99,2026-05,549,549,34.0,134.0,92.55,7.45,24.05,160,127,262,sample_end,3433878,False,
observed,observed_rule1:sub6:odd_even,target100_limit99,2026-06,126,126,18.85,118.85,99.0,1.0,10.6,41,28,57,sample_end,3450264,False,
observed,observed_rule1:sub6:odd_even,target100_limit99,2026-07,97,97,0.1,100.1,88.45,11.55,15.6,26,23,48,sample_end,3456291,False,2026-07-13T01:16:00+08:00
observed,observed_rule1:sub6:odd_even,target100_limit99,2026-08,0,0,0.0,100.0,100.0,0.0,0.0,0,0,0,no_signal,,False,
observed,observed_rule1:sub6:odd_even,target100_limit99,2026-09,0,0,0.0,100.0,100.0,0.0,0.0,0,0,0,no_signal,,False,
observed,observed_rule1:sub7:big_small,target100_bankroll,2026-06,21,21,-0.75,99.25,94.0,6.0,6.0,5,6,10,sample_end,3449659,False,
observed,observed_rule1:sub7:big_small,target100_bankroll,2026-07,23,23,-9.45,90.55,90.55,9.45,10.3,3,5,15,sample_end,3454148,False,
observed,observed_rule1:sub7:big_small,target100_bankroll,2026-08,0,0,0.0,100.0,100.0,0.0,0.0,0,0,0,no_signal,,False,
observed,observed_rule1:sub7:big_small,target100_bankroll,2026-09,0,0,0.0,100.0,100.0,0.0,0.0,0,0,0,no_signal,,False,
observed,observed_rule1:sub7:big_small,target100_limit99,2026-06,21,21,-0.75,99.25,94.0,6.0,6.0,5,6,10,sample_end,3449659,False,
observed,observed_rule1:sub7:big_small,target100_limit99,2026-07,23,23,-9.45,90.55,90.55,9.45,10.3,3,5,15,sample_end,3454148,False,
observed,observed_rule1:sub7:big_small,target100_limit99,2026-08,0,0,0.0,100.0,100.0,0.0,0.0,0,0,0,no_signal,,False,
observed,observed_rule1:sub7:big_small,target100_limit99,2026-09,0,0,0.0,100.0,100.0,0.0,0.0,0,0,0,no_signal,,False,
observed,observed_rule1:sub7:combo,target100_bankroll,2026-06,303,303,-6.07,93.93,59.17,40.83,46.81,41,32,230,sample_end,3449668,False,
observed,observed_rule1:sub7:combo,target100_bankroll,2026-07,20,20,-19.0,81.0,81.0,19.0,19.0,0,1,19,sample_end,3453880,False,
observed,observed_rule1:sub7:combo,target100_bankroll,2026-08,0,0,0.0,100.0,100.0,0.0,0.0,0,0,0,no_signal,,False,
observed,observed_rule1:sub7:combo,target100_bankroll,2026-09,0,0,0.0,100.0,100.0,0.0,0.0,0,0,0,no_signal,,False,
observed,observed_rule1:sub7:combo,target100_limit99,2026-06,303,303,-6.07,93.93,59.17,40.83,46.81,41,32,230,sample_end,3449668,False,
observed,observed_rule1:sub7:combo,target100_limit99,2026-07,20,20,-19.0,81.0,81.0,19.0,19.0,0,1,19,sample_end,3453880,False,
observed,observed_rule1:sub7:combo,target100_limit99,2026-08,0,0,0.0,100.0,100.0,0.0,0.0,0,0,0,no_signal,,False,
observed,observed_rule1:sub7:combo,target100_limit99,2026-09,0,0,0.0,100.0,100.0,0.0,0.0,0,0,0,no_signal,,False,
observed,observed_rule1:sub7:odd_even,target100_bankroll,2026-06,193,193,2.45,102.45,91.85,8.15,11.15,57,33,103,sample_end,3445609,False,
observed,observed_rule1:sub7:odd_even,target100_bankroll,2026-07,0,0,0.0,100.0,100.0,0.0,0.0,0,0,0,no_signal,,False,
observed,observed_rule1:sub7:odd_even,target100_bankroll,2026-08,0,0,0.0,100.0,100.0,0.0,0.0,0,0,0,no_signal,,False,
observed,observed_rule1:sub7:odd_even,target100_bankroll,2026-09,0,0,0.0,100.0,100.0,0.0,0.0,0,0,0,no_signal,,False,
observed,observed_rule1:sub7:odd_even,target100_limit99,2026-06,193,193,2.45,102.45,91.85,8.15,11.15,57,33,103,sample_end,3445609,False,
observed,observed_rule1:sub7:odd_even,target100_limit99,2026-07,0,0,0.0,100.0,100.0,0.0,0.0,0,0,0,no_signal,,False,
observed,observed_rule1:sub7:odd_even,target100_limit99,2026-08,0,0,0.0,100.0,100.0,0.0,0.0,0,0,0,no_signal,,False,
observed,observed_rule1:sub7:odd_even,target100_limit99,2026-09,0,0,0.0,100.0,100.0,0.0,0.0,0,0,0,no_signal,,False,
observed,observed_rule2,target100_bankroll,2026-05,3696,3696,71.3,171.3,90.91,9.09,74.29,945,791,1960,sample_end,3437605,False,
observed,observed_rule2,target100_bankroll,2026-06,1983,1983,45.96,145.96,87.58,12.42,69.21,489,423,1071,sample_end,3451138,False,
observed,observed_rule2,target100_bankroll,2026-07,1565,1565,-45.15,54.85,21.45,78.55,85.24,385,365,815,sample_end,3463663,False,2026-07-31T09:12:00+08:00
observed,observed_rule2,target100_bankroll,2026-08,438,438,-4.7,95.3,83.9,16.1,28.6,118,97,223,sample_end,3476369,False,2026-08-31T23:59:00+08:00
observed,observed_rule2,target100_bankroll,2026-09,86,86,-24.1,75.9,75.9,24.1,25.05,14,22,50,sample_end,3477100,False,2026-09-02T19:43:30+08:00
observed,observed_rule2,target100_limit99,2026-05,3696,3696,71.3,171.3,90.91,9.09,74.29,945,791,1960,sample_end,3437605,False,
observed,observed_rule2,target100_limit99,2026-06,1983,1983,45.96,145.96,87.58,12.42,69.21,489,423,1071,sample_end,3451138,False,
observed,observed_rule2,target100_limit99,2026-07,1565,1565,-45.15,54.85,21.45,78.55,85.24,385,365,815,sample_end,3463663,False,2026-07-31T09:12:00+08:00
observed,observed_rule2,target100_limit99,2026-08,438,438,-4.7,95.3,83.9,16.1,28.6,118,97,223,sample_end,3476369,False,2026-08-31T23:59:00+08:00
observed,observed_rule2,target100_limit99,2026-09,86,86,-24.1,75.9,75.9,24.1,25.05,14,22,50,sample_end,3477100,False,2026-09-02T19:43:30+08:00
observed,observed_rule2:sub2:big_small,target100_bankroll,2026-05,224,224,0.85,100.85,86.2,13.8,17.35,61,51,112,sample_end,3435927,False,
observed,observed_rule2:sub2:big_small,target100_bankroll,2026-06,36,36,-7.9,92.1,92.1,7.9,10.6,6,11,19,sample_end,3450804,False,
observed,observed_rule2:sub2:big_small,target100_bankroll,2026-07,0,0,0.0,100.0,100.0,0.0,0.0,0,0,0,no_signal,,False,
observed,observed_rule2:sub2:big_small,target100_bankroll,2026-08,0,0,0.0,100.0,100.0,0.0,0.0,0,0,0,no_signal,,False,
observed,observed_rule2:sub2:big_small,target100_bankroll,2026-09,0,0,0.0,100.0,100.0,0.0,0.0,0,0,0,no_signal,,False,
observed,observed_rule2:sub2:big_small,target100_limit99,2026-05,224,224,0.85,100.85,86.2,13.8,17.35,61,51,112,sample_end,3435927,False,
observed,observed_rule2:sub2:big_small,target100_limit99,2026-06,36,36,-7.9,92.1,92.1,7.9,10.6,6,11,19,sample_end,3450804,False,
observed,observed_rule2:sub2:big_small,target100_limit99,2026-07,0,0,0.0,100.0,100.0,0.0,0.0,0,0,0,no_signal,,False,
observed,observed_rule2:sub2:big_small,target100_limit99,2026-08,0,0,0.0,100.0,100.0,0.0,0.0,0,0,0,no_signal,,False,
observed,observed_rule2:sub2:big_small,target100_limit99,2026-09,0,0,0.0,100.0,100.0,0.0,0.0,0,0,0,no_signal,,False,
observed,observed_rule2:sub2:combo,target100_bankroll,2026-05,227,227,-20.07,79.93,76.01,23.99,23.99,26,32,169,sample_end,3436048,False,
observed,observed_rule2:sub2:combo,target100_bankroll,2026-06,106,106,7.55,107.55,99.78,0.22,15.56,15,15,76,sample_end,3450752,False,
observed,observed_rule2:sub2:combo,target100_bankroll,2026-07,0,0,0.0,100.0,100.0,0.0,0.0,0,0,0,no_signal,,False,
observed,observed_rule2:sub2:combo,target100_bankroll,2026-08,0,0,0.0,100.0,100.0,0.0,0.0,0,0,0,no_signal,,False,
observed,observed_rule2:sub2:combo,target100_bankroll,2026-09,0,0,0.0,100.0,100.0,0.0,0.0,0,0,0,no_signal,,False,
observed,observed_rule2:sub2:combo,target100_limit99,2026-05,227,227,-20.07,79.93,76.01,23.99,23.99,26,32,169,sample_end,3436048,False,
observed,observed_rule2:sub2:combo,target100_limit99,2026-06,106,106,7.55,107.55,99.78,0.22,15.56,15,15,76,sample_end,3450752,False,
observed,observed_rule2:sub2:combo,target100_limit99,2026-07,0,0,0.0,100.0,100.0,0.0,0.0,0,0,0,no_signal,,False,
observed,observed_rule2:sub2:combo,target100_limit99,2026-08,0,0,0.0,100.0,100.0,0.0,0.0,0,0,0,no_signal,,False,
observed,observed_rule2:sub2:combo,target100_limit99,2026-09,0,0,0.0,100.0,100.0,0.0,0.0,0,0,0,no_signal,,False,
observed,observed_rule2:sub2:odd_even,target100_bankroll,2026-05,456,456,13.55,113.55,97.85,2.15,21.85,123,119,214,sample_end,3437605,False,
observed,observed_rule2:sub2:odd_even,target100_bankroll,2026-06,143,143,-12.1,87.9,87.9,12.1,14.8,34,34,75,sample_end,3450233,False,
observed,observed_rule2:sub2:odd_even,target100_bankroll,2026-07,0,0,0.0,100.0,100.0,0.0,0.0,0,0,0,no_signal,,False,
observed,observed_rule2:sub2:odd_even,target100_bankroll,2026-08,0,0,0.0,100.0,100.0,0.0,0.0,0,0,0,no_signal,,False,
observed,observed_rule2:sub2:odd_even,target100_bankroll,2026-09,0,0,0.0,100.0,100.0,0.0,0.0,0,0,0,no_signal,,False,
observed,observed_rule2:sub2:odd_even,target100_limit99,2026-05,456,456,13.55,113.55,97.85,2.15,21.85,123,119,214,sample_end,3437605,False,
observed,observed_rule2:sub2:odd_even,target100_limit99,2026-06,143,143,-12.1,87.9,87.9,12.1,14.8,34,34,75,sample_end,3450233,False,
observed,observed_rule2:sub2:odd_even,target100_limit99,2026-07,0,0,0.0,100.0,100.0,0.0,0.0,0,0,0,no_signal,,False,
observed,observed_rule2:sub2:odd_even,target100_limit99,2026-08,0,0,0.0,100.0,100.0,0.0,0.0,0,0,0,no_signal,,False,
observed,observed_rule2:sub2:odd_even,target100_limit99,2026-09,0,0,0.0,100.0,100.0,0.0,0.0,0,0,0,no_signal,,False,
observed,observed_rule2:sub3:big_small,target100_bankroll,2026-05,386,386,-16.7,83.3,80.35,19.65,27.35,98,90,198,sample_end,3435747,False,
observed,observed_rule2:sub3:big_small,target100_bankroll,2026-06,53,53,-0.95,99.05,94.4,5.6,9.15,13,15,25,sample_end,3449471,False,
observed,observed_rule2:sub3:big_small,target100_bankroll,2026-07,0,0,0.0,100.0,100.0,0.0,0.0,0,0,0,no_signal,,False,
observed,observed_rule2:sub3:big_small,target100_bankroll,2026-08,0,0,0.0,100.0,100.0,0.0,0.0,0,0,0,no_signal,,False,
observed,observed_rule2:sub3:big_small,target100_bankroll,2026-09,0,0,0.0,100.0,100.0,0.0,0.0,0,0,0,no_signal,,False,
observed,observed_rule2:sub3:big_small,target100_limit99,2026-05,386,386,-16.7,83.3,80.35,19.65,27.35,98,90,198,sample_end,3435747,False,
observed,observed_rule2:sub3:big_small,target100_limit99,2026-06,53,53,-0.95,99.05,94.4,5.6,9.15,13,15,25,sample_end,3449471,False,
observed,observed_rule2:sub3:big_small,target100_limit99,2026-07,0,0,0.0,100.0,100.0,0.0,0.0,0,0,0,no_signal,,False,
observed,observed_rule2:sub3:big_small,target100_limit99,2026-08,0,0,0.0,100.0,100.0,0.0,0.0,0,0,0,no_signal,,False,
observed,observed_rule2:sub3:big_small,target100_limit99,2026-09,0,0,0.0,100.0,100.0,0.0,0.0,0,0,0,no_signal,,False,
observed,observed_rule2:sub3:combo,target100_bankroll,2026-05,51,51,-30.89,69.11,69.11,30.89,30.89,2,7,42,sample_end,3435592,False,
observed,observed_rule2:sub3:combo,target100_bankroll,2026-06,0,0,0.0,100.0,100.0,0.0,0.0,0,0,0,no_signal,,False,
observed,observed_rule2:sub3:combo,target100_bankroll,2026-07,21,21,-10.22,89.78,89.78,10.22,10.22,1,4,16,sample_end,3455591,False,2026-07-11T07:20:00+08:00
observed,observed_rule2:sub3:combo,target100_bankroll,2026-08,0,0,0.0,100.0,100.0,0.0,0.0,0,0,0,no_signal,,False,
observed,observed_rule2:sub3:combo,target100_bankroll,2026-09,0,0,0.0,100.0,100.0,0.0,0.0,0,0,0,no_signal,,False,
observed,observed_rule2:sub3:combo,target100_limit99,2026-05,51,51,-30.89,69.11,69.11,30.89,30.89,2,7,42,sample_end,3435592,False,
observed,observed_rule2:sub3:combo,target100_limit99,2026-06,0,0,0.0,100.0,100.0,0.0,0.0,0,0,0,no_signal,,False,
observed,observed_rule2:sub3:combo,target100_limit99,2026-07,21,21,-10.22,89.78,89.78,10.22,10.22,1,4,16,sample_end,3455591,False,2026-07-11T07:20:00+08:00
observed,observed_rule2:sub3:combo,target100_limit99,2026-08,0,0,0.0,100.0,100.0,0.0,0.0,0,0,0,no_signal,,False,
observed,observed_rule2:sub3:combo,target100_limit99,2026-09,0,0,0.0,100.0,100.0,0.0,0.0,0,0,0,no_signal,,False,
observed,observed_rule2:sub3:odd_even,target100_bankroll,2026-05,489,489,-51.55,48.45,48.45,51.55,54.65,117,104,268,sample_end,3435681,False,
observed,observed_rule2:sub3:odd_even,target100_bankroll,2026-06,108,108,0.5,100.5,93.85,6.15,14.15,30,23,55,sample_end,3449870,False,
observed,observed_rule2:sub3:odd_even,target100_bankroll,2026-07,359,359,4.45,104.45,85.95,14.05,18.0,97,87,175,sample_end,3455921,False,2026-07-12T03:08:00+08:00
observed,observed_rule2:sub3:odd_even,target100_bankroll,2026-08,0,0,0.0,100.0,100.0,0.0,0.0,0,0,0,no_signal,,False,
observed,observed_rule2:sub3:odd_even,target100_bankroll,2026-09,0,0,0.0,100.0,100.0,0.0,0.0,0,0,0,no_signal,,False,
observed,observed_rule2:sub3:odd_even,target100_limit99,2026-05,489,489,-51.55,48.45,48.45,51.55,54.65,117,104,268,sample_end,3435681,False,
observed,observed_rule2:sub3:odd_even,target100_limit99,2026-06,108,108,0.5,100.5,93.85,6.15,14.15,30,23,55,sample_end,3449870,False,
observed,observed_rule2:sub3:odd_even,target100_limit99,2026-07,359,359,4.45,104.45,85.95,14.05,18.0,97,87,175,sample_end,3455921,False,2026-07-12T03:08:00+08:00
observed,observed_rule2:sub3:odd_even,target100_limit99,2026-08,0,0,0.0,100.0,100.0,0.0,0.0,0,0,0,no_signal,,False,
observed,observed_rule2:sub3:odd_even,target100_limit99,2026-09,0,0,0.0,100.0,100.0,0.0,0.0,0,0,0,no_signal,,False,
observed,observed_rule2:sub4:big_small,target100_bankroll,2026-05,952,952,66.85,166.85,97.0,3.0,40.4,281,218,453,sample_end,3436353,False,
observed,observed_rule2:sub4:big_small,target100_bankroll,2026-06,442,442,-19.4,80.6,80.6,19.4,27.45,116,92,234,sample_end,3450804,False,
observed,observed_rule2:sub4:big_small,target100_bankroll,2026-07,112,112,-21.3,78.7,78.7,21.3,23.55,22,28,62,sample_end,3456346,False,2026-07-13T04:28:30+08:00
observed,observed_rule2:sub4:big_small,target100_bankroll,2026-08,0,0,0.0,100.0,100.0,0.0,0.0,0,0,0,no_signal,,False,
observed,observed_rule2:sub4:big_small,target100_bankroll,2026-09,0,0,0.0,100.0,100.0,0.0,0.0,0,0,0,no_signal,,False,
observed,observed_rule2:sub4:big_small,target100_limit99,2026-05,952,952,66.85,166.85,97.0,3.0,40.4,281,218,453,sample_end,3436353,False,
observed,observed_rule2:sub4:big_small,target100_limit99,2026-06,442,442,-19.4,80.6,80.6,19.4,27.45,116,92,234,sample_end,3450804,False,
observed,observed_rule2:sub4:big_small,target100_limit99,2026-07,112,112,-21.3,78.7,78.7,21.3,23.55,22,28,62,sample_end,3456346,False,2026-07-13T04:28:30+08:00
observed,observed_rule2:sub4:big_small,target100_limit99,2026-08,0,0,0.0,100.0,100.0,0.0,0.0,0,0,0,no_signal,,False,
observed,observed_rule2:sub4:big_small,target100_limit99,2026-09,0,0,0.0,100.0,100.0,0.0,0.0,0,0,0,no_signal,,False,
observed,observed_rule2:sub4:combo,target100_bankroll,2026-05,101,101,-21.35,78.65,59.77,40.23,40.23,10,15,76,sample_end,3435447,False,
observed,observed_rule2:sub4:combo,target100_bankroll,2026-06,214,214,41.1,141.1,97.0,3.0,26.89,35,25,154,sample_end,3451105,False,
observed,observed_rule2:sub4:combo,target100_bankroll,2026-07,33,33,-22.22,77.78,77.78,22.22,28.0,1,4,28,sample_end,3452838,False,
observed,observed_rule2:sub4:combo,target100_bankroll,2026-08,0,0,0.0,100.0,100.0,0.0,0.0,0,0,0,no_signal,,False,
observed,observed_rule2:sub4:combo,target100_bankroll,2026-09,0,0,0.0,100.0,100.0,0.0,0.0,0,0,0,no_signal,,False,
observed,observed_rule2:sub4:combo,target100_limit99,2026-05,101,101,-21.35,78.65,59.77,40.23,40.23,10,15,76,sample_end,3435447,False,
observed,observed_rule2:sub4:combo,target100_limit99,2026-06,214,214,41.1,141.1,97.0,3.0,26.89,35,25,154,sample_end,3451105,False,
observed,observed_rule2:sub4:combo,target100_limit99,2026-07,33,33,-22.22,77.78,77.78,22.22,28.0,1,4,28,sample_end,3452838,False,
observed,observed_rule2:sub4:combo,target100_limit99,2026-08,0,0,0.0,100.0,100.0,0.0,0.0,0,0,0,no_signal,,False,
observed,observed_rule2:sub4:combo,target100_limit99,2026-09,0,0,0.0,100.0,100.0,0.0,0.0,0,0,0,no_signal,,False,
observed,observed_rule2:sub4:odd_even,target100_bankroll,2026-05,270,270,-20.05,79.95,72.1,27.9,36.25,67,59,144,sample_end,3437605,False,
observed,observed_rule2:sub4:odd_even,target100_bankroll,2026-06,329,329,28.0,128.0,79.25,20.75,24.15,100,72,157,sample_end,3451063,False,
observed,observed_rule2:sub4:odd_even,target100_bankroll,2026-07,99,99,-12.85,87.15,87.15,12.85,17.8,19,32,48,sample_end,3454601,False,
observed,observed_rule2:sub4:odd_even,target100_bankroll,2026-08,0,0,0.0,100.0,100.0,0.0,0.0,0,0,0,no_signal,,False,
observed,observed_rule2:sub4:odd_even,target100_bankroll,2026-09,0,0,0.0,100.0,100.0,0.0,0.0,0,0,0,no_signal,,False,
observed,observed_rule2:sub4:odd_even,target100_limit99,2026-05,270,270,-20.05,79.95,72.1,27.9,36.25,67,59,144,sample_end,3437605,False,
observed,observed_rule2:sub4:odd_even,target100_limit99,2026-06,329,329,28.0,128.0,79.25,20.75,24.15,100,72,157,sample_end,3451063,False,
observed,observed_rule2:sub4:odd_even,target100_limit99,2026-07,99,99,-12.85,87.15,87.15,12.85,17.8,19,32,48,sample_end,3454601,False,
observed,observed_rule2:sub4:odd_even,target100_limit99,2026-08,0,0,0.0,100.0,100.0,0.0,0.0,0,0,0,no_signal,,False,
observed,observed_rule2:sub4:odd_even,target100_limit99,2026-09,0,0,0.0,100.0,100.0,0.0,0.0,0,0,0,no_signal,,False,
observed,observed_rule2:sub5:big_small,target100_bankroll,2026-05,481,481,12.6,112.6,87.65,12.35,14.2,136,106,239,sample_end,3435882,False,
observed,observed_rule2:sub5:big_small,target100_bankroll,2026-06,113,113,2.35,102.35,94.4,5.6,11.0,31,27,55,sample_end,3449123,False,
observed,observed_rule2:sub5:big_small,target100_bankroll,2026-07,444,444,31.8,131.8,97.0,3.0,27.4,128,111,205,sample_end,3463663,False,2026-07-31T09:12:00+08:00
observed,observed_rule2:sub5:big_small,target100_bankroll,2026-08,438,438,-4.7,95.3,83.9,16.1,28.6,118,97,223,sample_end,3476369,False,2026-08-31T23:59:00+08:00
observed,observed_rule2:sub5:big_small,target100_bankroll,2026-09,86,86,-24.1,75.9,75.9,24.1,25.05,14,22,50,sample_end,3477100,False,2026-09-02T19:43:30+08:00
observed,observed_rule2:sub5:big_small,target100_limit99,2026-05,481,481,12.6,112.6,87.65,12.35,14.2,136,106,239,sample_end,3435882,False,
observed,observed_rule2:sub5:big_small,target100_limit99,2026-06,113,113,2.35,102.35,94.4,5.6,11.0,31,27,55,sample_end,3449123,False,
observed,observed_rule2:sub5:big_small,target100_limit99,2026-07,444,444,31.8,131.8,97.0,3.0,27.4,128,111,205,sample_end,3463663,False,2026-07-31T09:12:00+08:00
observed,observed_rule2:sub5:big_small,target100_limit99,2026-08,438,438,-4.7,95.3,83.9,16.1,28.6,118,97,223,sample_end,3476369,False,2026-08-31T23:59:00+08:00
observed,observed_rule2:sub5:big_small,target100_limit99,2026-09,86,86,-24.1,75.9,75.9,24.1,25.05,14,22,50,sample_end,3477100,False,2026-09-02T19:43:30+08:00
observed,observed_rule2:sub5:combo,target100_bankroll,2026-05,161,161,34.23,134.23,93.0,7.0,17.22,26,23,112,sample_end,3436600,False,
observed,observed_rule2:sub5:combo,target100_bankroll,2026-06,40,40,19.79,119.79,98.0,2.0,6.0,8,6,26,sample_end,3448708,False,
observed,observed_rule2:sub5:combo,target100_bankroll,2026-07,0,0,0.0,100.0,100.0,0.0,0.0,0,0,0,no_signal,,False,
observed,observed_rule2:sub5:combo,target100_bankroll,2026-08,0,0,0.0,100.0,100.0,0.0,0.0,0,0,0,no_signal,,False,
observed,observed_rule2:sub5:combo,target100_bankroll,2026-09,0,0,0.0,100.0,100.0,0.0,0.0,0,0,0,no_signal,,False,
observed,observed_rule2:sub5:combo,target100_limit99,2026-05,161,161,34.23,134.23,93.0,7.0,17.22,26,23,112,sample_end,3436600,False,
observed,observed_rule2:sub5:combo,target100_limit99,2026-06,40,40,19.79,119.79,98.0,2.0,6.0,8,6,26,sample_end,3448708,False,
observed,observed_rule2:sub5:combo,target100_limit99,2026-07,0,0,0.0,100.0,100.0,0.0,0.0,0,0,0,no_signal,,False,
observed,observed_rule2:sub5:combo,target100_limit99,2026-08,0,0,0.0,100.0,100.0,0.0,0.0,0,0,0,no_signal,,False,
observed,observed_rule2:sub5:combo,target100_limit99,2026-09,0,0,0.0,100.0,100.0,0.0,0.0,0,0,0,no_signal,,False,
observed,observed_rule2:sub5:odd_even,target100_bankroll,2026-05,673,673,49.0,149.0,98.9,1.1,19.8,200,152,321,sample_end,3435290,False,
observed,observed_rule2:sub5:odd_even,target100_bankroll,2026-06,331,331,16.6,116.6,79.35,20.65,25.45,96,74,161,sample_end,3451138,False,
observed,observed_rule2:sub5:odd_even,target100_bankroll,2026-07,0,0,0.0,100.0,100.0,0.0,0.0,0,0,0,no_signal,,False,
observed,observed_rule2:sub5:odd_even,target100_bankroll,2026-08,0,0,0.0,100.0,100.0,0.0,0.0,0,0,0,no_signal,,False,
observed,observed_rule2:sub5:odd_even,target100_bankroll,2026-09,0,0,0.0,100.0,100.0,0.0,0.0,0,0,0,no_signal,,False,
observed,observed_rule2:sub5:odd_even,target100_limit99,2026-05,673,673,49.0,149.0,98.9,1.1,19.8,200,152,321,sample_end,3435290,False,
observed,observed_rule2:sub5:odd_even,target100_limit99,2026-06,331,331,16.6,116.6,79.35,20.65,25.45,96,74,161,sample_end,3451138,False,
observed,observed_rule2:sub5:odd_even,target100_limit99,2026-07,0,0,0.0,100.0,100.0,0.0,0.0,0,0,0,no_signal,,False,
observed,observed_rule2:sub5:odd_even,target100_limit99,2026-08,0,0,0.0,100.0,100.0,0.0,0.0,0,0,0,no_signal,,False,
observed,observed_rule2:sub5:odd_even,target100_limit99,2026-09,0,0,0.0,100.0,100.0,0.0,0.0,0,0,0,no_signal,,False,
observed,observed_rule2:sub6:big_small,target100_bankroll,2026-05,976,976,-15.55,84.45,76.35,23.65,32.45,257,228,491,sample_end,3437605,False,
observed,observed_rule2:sub6:big_small,target100_bankroll,2026-06,33,33,8.2,108.2,98.0,2.0,4.15,12,7,14,sample_end,3446259,False,
observed,observed_rule2:sub6:big_small,target100_bankroll,2026-07,200,200,-21.45,78.55,78.55,21.45,25.85,43,56,101,sample_end,3456347,False,2026-07-13T04:32:00+08:00
observed,observed_rule2:sub6:big_small,target100_bankroll,2026-08,0,0,0.0,100.0,100.0,0.0,0.0,0,0,0,no_signal,,False,
observed,observed_rule2:sub6:big_small,target100_bankroll,2026-09,0,0,0.0,100.0,100.0,0.0,0.0,0,0,0,no_signal,,False,
observed,observed_rule2:sub6:big_small,target100_limit99,2026-05,976,976,-15.55,84.45,76.35,23.65,32.45,257,228,491,sample_end,3437605,False,
observed,observed_rule2:sub6:big_small,target100_limit99,2026-06,33,33,8.2,108.2,98.0,2.0,4.15,12,7,14,sample_end,3446259,False,
observed,observed_rule2:sub6:big_small,target100_limit99,2026-07,200,200,-21.45,78.55,78.55,21.45,25.85,43,56,101,sample_end,3456347,False,2026-07-13T04:32:00+08:00
observed,observed_rule2:sub6:big_small,target100_limit99,2026-08,0,0,0.0,100.0,100.0,0.0,0.0,0,0,0,no_signal,,False,
observed,observed_rule2:sub6:big_small,target100_limit99,2026-09,0,0,0.0,100.0,100.0,0.0,0.0,0,0,0,no_signal,,False,
observed,observed_rule2:sub6:combo,target100_bankroll,2026-05,138,138,38.12,138.12,91.0,9.0,21.22,24,17,97,sample_end,3437018,False,
observed,observed_rule2:sub6:combo,target100_bankroll,2026-06,45,45,16.89,116.89,100.0,0.0,8.0,8,9,28,sample_end,3449453,False,
observed,observed_rule2:sub6:combo,target100_bankroll,2026-07,123,123,1.25,101.25,96.0,4.0,28.33,15,23,85,sample_end,3453797,False,
observed,observed_rule2:sub6:combo,target100_bankroll,2026-08,0,0,0.0,100.0,100.0,0.0,0.0,0,0,0,no_signal,,False,
observed,observed_rule2:sub6:combo,target100_bankroll,2026-09,0,0,0.0,100.0,100.0,0.0,0.0,0,0,0,no_signal,,False,
observed,observed_rule2:sub6:combo,target100_limit99,2026-05,138,138,38.12,138.12,91.0,9.0,21.22,24,17,97,sample_end,3437018,False,
observed,observed_rule2:sub6:combo,target100_limit99,2026-06,45,45,16.89,116.89,100.0,0.0,8.0,8,9,28,sample_end,3449453,False,
observed,observed_rule2:sub6:combo,target100_limit99,2026-07,123,123,1.25,101.25,96.0,4.0,28.33,15,23,85,sample_end,3453797,False,
observed,observed_rule2:sub6:combo,target100_limit99,2026-08,0,0,0.0,100.0,100.0,0.0,0.0,0,0,0,no_signal,,False,
observed,observed_rule2:sub6:combo,target100_limit99,2026-09,0,0,0.0,100.0,100.0,0.0,0.0,0,0,0,no_signal,,False,
observed,observed_rule2:sub6:odd_even,target100_bankroll,2026-05,557,557,8.05,108.05,78.9,21.1,26.35,153,129,275,sample_end,3435290,False,
observed,observed_rule2:sub6:odd_even,target100_bankroll,2026-06,492,492,25.75,125.75,99.35,0.65,13.05,135,133,224,sample_end,3450528,False,
observed,observed_rule2:sub6:odd_even,target100_bankroll,2026-07,118,118,-18.75,81.25,81.25,18.75,20.6,25,28,65,sample_end,3456033,False,2026-07-12T09:40:00+08:00
observed,observed_rule2:sub6:odd_even,target100_bankroll,2026-08,0,0,0.0,100.0,100.0,0.0,0.0,0,0,0,no_signal,,False,
observed,observed_rule2:sub6:odd_even,target100_bankroll,2026-09,0,0,0.0,100.0,100.0,0.0,0.0,0,0,0,no_signal,,False,
observed,observed_rule2:sub6:odd_even,target100_limit99,2026-05,557,557,8.05,108.05,78.9,21.1,26.35,153,129,275,sample_end,3435290,False,
observed,observed_rule2:sub6:odd_even,target100_limit99,2026-06,492,492,25.75,125.75,99.35,0.65,13.05,135,133,224,sample_end,3450528,False,
observed,observed_rule2:sub6:odd_even,target100_limit99,2026-07,118,118,-18.75,81.25,81.25,18.75,20.6,25,28,65,sample_end,3456033,False,2026-07-12T09:40:00+08:00
observed,observed_rule2:sub6:odd_even,target100_limit99,2026-08,0,0,0.0,100.0,100.0,0.0,0.0,0,0,0,no_signal,,False,
observed,observed_rule2:sub6:odd_even,target100_limit99,2026-09,0,0,0.0,100.0,100.0,0.0,0.0,0,0,0,no_signal,,False,
observed,observed_rule2:sub7:big_small,target100_bankroll,2026-06,209,209,5.0,105.0,91.95,8.05,18.5,60,43,106,sample_end,3451138,False,
observed,observed_rule2:sub7:big_small,target100_bankroll,2026-07,308,308,0.55,100.55,83.25,16.75,20.1,83,72,153,sample_end,3455195,False,2026-07-10T07:41:00+08:00
observed,observed_rule2:sub7:big_small,target100_bankroll,2026-08,0,0,0.0,100.0,100.0,0.0,0.0,0,0,0,no_signal,,False,
observed,observed_rule2:sub7:big_small,target100_bankroll,2026-09,0,0,0.0,100.0,100.0,0.0,0.0,0,0,0,no_signal,,False,
observed,observed_rule2:sub7:big_small,target100_limit99,2026-06,209,209,5.0,105.0,91.95,8.05,18.5,60,43,106,sample_end,3451138,False,
observed,observed_rule2:sub7:big_small,target100_limit99,2026-07,308,308,0.55,100.55,83.25,16.75,20.1,83,72,153,sample_end,3455195,False,2026-07-10T07:41:00+08:00
observed,observed_rule2:sub7:big_small,target100_limit99,2026-08,0,0,0.0,100.0,100.0,0.0,0.0,0,0,0,no_signal,,False,
observed,observed_rule2:sub7:big_small,target100_limit99,2026-09,0,0,0.0,100.0,100.0,0.0,0.0,0,0,0,no_signal,,False,
observed,observed_rule2:sub7:combo,target100_bankroll,2026-06,15,15,20.55,120.55,97.0,3.0,3.0,5,3,7,sample_end,3448322,False,
observed,observed_rule2:sub7:combo,target100_bankroll,2026-07,74,74,10.56,110.56,100.0,0.0,20.0,12,5,57,sample_end,3455923,False,2026-07-12T03:15:00+08:00
observed,observed_rule2:sub7:combo,target100_bankroll,2026-08,0,0,0.0,100.0,100.0,0.0,0.0,0,0,0,no_signal,,False,
observed,observed_rule2:sub7:combo,target100_bankroll,2026-09,0,0,0.0,100.0,100.0,0.0,0.0,0,0,0,no_signal,,False,
observed,observed_rule2:sub7:combo,target100_limit99,2026-06,15,15,20.55,120.55,97.0,3.0,3.0,5,3,7,sample_end,3448322,False,
observed,observed_rule2:sub7:combo,target100_limit99,2026-07,74,74,10.56,110.56,100.0,0.0,20.0,12,5,57,sample_end,3455923,False,2026-07-12T03:15:00+08:00
observed,observed_rule2:sub7:combo,target100_limit99,2026-08,0,0,0.0,100.0,100.0,0.0,0.0,0,0,0,no_signal,,False,
observed,observed_rule2:sub7:combo,target100_limit99,2026-09,0,0,0.0,100.0,100.0,0.0,0.0,0,0,0,no_signal,,False,
observed,observed_rule2:sub7:odd_even,target100_bankroll,2026-06,330,330,-10.75,89.25,75.1,24.9,24.9,85,77,168,sample_end,3449216,False,
observed,observed_rule2:sub7:odd_even,target100_bankroll,2026-07,86,86,-19.7,80.3,80.3,19.7,21.55,18,15,53,sample_end,3454537,False,
observed,observed_rule2:sub7:odd_even,target100_bankroll,2026-08,0,0,0.0,100.0,100.0,0.0,0.0,0,0,0,no_signal,,False,
observed,observed_rule2:sub7:odd_even,target100_bankroll,2026-09,0,0,0.0,100.0,100.0,0.0,0.0,0,0,0,no_signal,,False,
observed,observed_rule2:sub7:odd_even,target100_limit99,2026-06,330,330,-10.75,89.25,75.1,24.9,24.9,85,77,168,sample_end,3449216,False,
observed,observed_rule2:sub7:odd_even,target100_limit99,2026-07,86,86,-19.7,80.3,80.3,19.7,21.55,18,15,53,sample_end,3454537,False,
observed,observed_rule2:sub7:odd_even,target100_limit99,2026-08,0,0,0.0,100.0,100.0,0.0,0.0,0,0,0,no_signal,,False,
observed,observed_rule2:sub7:odd_even,target100_limit99,2026-09,0,0,0.0,100.0,100.0,0.0,0.0,0,0,0,no_signal,,False,
observed,observed_rule3,target100_bankroll,2026-07,1498,1498,1.1,101.1,63.85,36.15,46.45,406,342,750,sample_end,3463455,False,2026-07-30T21:04:00+08:00
observed,observed_rule3,target100_bankroll,2026-08,1142,1142,-21.7,78.3,73.1,26.9,53.9,298,271,573,sample_end,3475871,False,2026-08-30T17:50:00+08:00
observed,observed_rule3,target100_bankroll,2026-09,162,162,-23.1,76.9,76.9,23.1,26.2,34,42,86,sample_end,3477465,False,2026-09-03T17:01:00+08:00
observed,observed_rule3,target100_limit99,2026-07,1498,1498,1.1,101.1,63.85,36.15,46.45,406,342,750,sample_end,3463455,False,2026-07-30T21:04:00+08:00
observed,observed_rule3,target100_limit99,2026-08,1142,1142,-21.7,78.3,73.1,26.9,53.9,298,271,573,sample_end,3475871,False,2026-08-30T17:50:00+08:00
observed,observed_rule3,target100_limit99,2026-09,162,162,-23.1,76.9,76.9,23.1,26.2,34,42,86,sample_end,3477465,False,2026-09-03T17:01:00+08:00
observed,observed_rule3:sub6:odd_even,target100_bankroll,2026-07,425,425,-37.45,62.55,58.0,42.0,50.35,103,94,228,sample_end,3460246,False,2026-07-22T21:28:30+08:00
observed,observed_rule3:sub6:odd_even,target100_bankroll,2026-08,0,0,0.0,100.0,100.0,0.0,0.0,0,0,0,no_signal,,False,
observed,observed_rule3:sub6:odd_even,target100_bankroll,2026-09,0,0,0.0,100.0,100.0,0.0,0.0,0,0,0,no_signal,,False,
observed,observed_rule3:sub6:odd_even,target100_limit99,2026-07,425,425,-37.45,62.55,58.0,42.0,50.35,103,94,228,sample_end,3460246,False,2026-07-22T21:28:30+08:00
observed,observed_rule3:sub6:odd_even,target100_limit99,2026-08,0,0,0.0,100.0,100.0,0.0,0.0,0,0,0,no_signal,,False,
observed,observed_rule3:sub6:odd_even,target100_limit99,2026-09,0,0,0.0,100.0,100.0,0.0,0.0,0,0,0,no_signal,,False,
observed,observed_rule3:sub7:odd_even,target100_bankroll,2026-07,1142,1142,34.0,134.0,87.5,12.5,22.8,320,264,558,sample_end,3463455,False,2026-07-30T21:04:00+08:00
observed,observed_rule3:sub7:odd_even,target100_bankroll,2026-08,1142,1142,-21.7,78.3,73.1,26.9,53.9,298,271,573,sample_end,3475871,False,2026-08-30T17:50:00+08:00
observed,observed_rule3:sub7:odd_even,target100_bankroll,2026-09,162,162,-23.1,76.9,76.9,23.1,26.2,34,42,86,sample_end,3477465,False,2026-09-03T17:01:00+08:00
observed,observed_rule3:sub7:odd_even,target100_limit99,2026-07,1142,1142,34.0,134.0,87.5,12.5,22.8,320,264,558,sample_end,3463455,False,2026-07-30T21:04:00+08:00
observed,observed_rule3:sub7:odd_even,target100_limit99,2026-08,1142,1142,-21.7,78.3,73.1,26.9,53.9,298,271,573,sample_end,3475871,False,2026-08-30T17:50:00+08:00
observed,observed_rule3:sub7:odd_even,target100_limit99,2026-09,162,162,-23.1,76.9,76.9,23.1,26.2,34,42,86,sample_end,3477465,False,2026-09-03T17:01:00+08:00
observed,observed_rule4,target100_bankroll,2026-09,424,424,11.55,111.55,94.1,5.9,15.75,123,85,216,sample_end,3479181,False,2026-09-07T23:52:00+08:00
observed,observed_rule4,target100_limit99,2026-09,424,424,11.55,111.55,94.1,5.9,15.75,123,85,216,sample_end,3479181,False,2026-09-07T23:52:00+08:00
observed,observed_rule4:sub8:odd_even,target100_bankroll,2026-09,424,424,11.55,111.55,94.1,5.9,15.75,123,85,216,sample_end,3479181,False,2026-09-07T23:52:00+08:00
observed,observed_rule4:sub8:odd_even,target100_limit99,2026-09,424,424,11.55,111.55,94.1,5.9,15.75,123,85,216,sample_end,3479181,False,2026-09-07T23:52:00+08:00
observed,observed_rule5,target100_bankroll,2026-09,34,34,4.35,104.35,95.0,5.0,5.0,11,7,16,sample_end,3479181,False,2026-09-07T23:52:00+08:00
observed,observed_rule5,target100_limit99,2026-09,34,34,4.35,104.35,95.0,5.0,5.0,11,7,16,sample_end,3479181,False,2026-09-07T23:52:00+08:00
observed,observed_rule5:sub14:odd_even,target100_bankroll,2026-09,34,34,4.35,104.35,95.0,5.0,5.0,11,7,16,sample_end,3479181,False,2026-09-07T23:52:00+08:00
observed,observed_rule5:sub14:odd_even,target100_limit99,2026-09,34,34,4.35,104.35,95.0,5.0,5.0,11,7,16,sample_end,3479181,False,2026-09-07T23:52:00+08:00
observed,observed_sub10:PC28方案组合共识优选（28%）:combo,target100_bankroll,2026-07,98,98,-27.68,72.32,67.21,32.79,32.79,9,12,77,sample_end,3463907,False,2026-07-31T23:59:00+08:00
observed,observed_sub10:PC28方案组合共识优选（28%）:combo,target100_bankroll,2026-08,6,6,8.56,108.56,100.0,0.0,3.0,2,1,3,sample_end,3463914,False,2026-08-01T00:23:30+08:00
observed,observed_sub10:PC28方案组合共识优选（28%）:combo,target100_bankroll,2026-09,0,0,0.0,100.0,100.0,0.0,0.0,0,0,0,no_signal,,False,
observed,observed_sub10:PC28方案组合共识优选（28%）:combo,target100_limit99,2026-07,98,98,-27.68,72.32,67.21,32.79,32.79,9,12,77,sample_end,3463907,False,2026-07-31T23:59:00+08:00
observed,observed_sub10:PC28方案组合共识优选（28%）:combo,target100_limit99,2026-08,6,6,8.56,108.56,100.0,0.0,3.0,2,1,3,sample_end,3463914,False,2026-08-01T00:23:30+08:00
observed,observed_sub10:PC28方案组合共识优选（28%）:combo,target100_limit99,2026-09,0,0,0.0,100.0,100.0,0.0,0.0,0,0,0,no_signal,,False,
observed,observed_sub13:PC28高赔组合期望值 V1（影子）:combo,target100_bankroll,2026-08,4576,553,-99.54,0.46,0.46,99.54,119.43,62,61,430,insufficient_for_one_unit,3465217,False,2026-08-04T06:03:00+08:00
observed,observed_sub13:PC28高赔组合期望值 V1（影子）:combo,target100_bankroll,2026-09,0,0,0.0,100.0,100.0,0.0,0.0,0,0,0,no_signal,,False,
observed,observed_sub13:PC28高赔组合期望值 V1（影子）:combo,target100_limit99,2026-08,4576,552,-98.54,1.46,1.46,98.54,118.43,62,61,429,loss_limit,3465216,False,2026-08-04T05:59:30+08:00
observed,observed_sub13:PC28高赔组合期望值 V1（影子）:combo,target100_limit99,2026-09,0,0,0.0,100.0,100.0,0.0,0.0,0,0,0,no_signal,,False,
observed,observed_sub14:PC28方案7+8+9单双多数票（测试）:odd_even,target100_bankroll,2026-09,34,34,4.35,104.35,95.0,5.0,5.0,11,7,16,sample_end,3479181,False,2026-09-07T23:52:00+08:00
observed,observed_sub14:PC28方案7+8+9单双多数票（测试）:odd_even,target100_limit99,2026-09,34,34,4.35,104.35,95.0,5.0,5.0,11,7,16,sample_end,3479181,False,2026-09-07T23:52:00+08:00
observed,observed_sub2:找平衡:big_small,target100_bankroll,2026-04,11,11,-5.15,94.85,94.85,5.15,5.15,1,3,7,sample_end,3422138,False,
observed,observed_sub2:找平衡:big_small,target100_bankroll,2026-05,394,394,0.95,100.95,87.9,12.1,24.5,107,90,197,sample_end,3435927,False,
observed,observed_sub2:找平衡:big_small,target100_bankroll,2026-06,167,167,-15.85,84.15,84.15,15.85,25.15,39,40,88,sample_end,3450804,False,
observed,observed_sub2:找平衡:big_small,target100_bankroll,2026-07,0,0,0.0,100.0,100.0,0.0,0.0,0,0,0,no_signal,,False,
observed,observed_sub2:找平衡:big_small,target100_bankroll,2026-08,0,0,0.0,100.0,100.0,0.0,0.0,0,0,0,no_signal,,False,
observed,observed_sub2:找平衡:big_small,target100_bankroll,2026-09,101,101,-10.3,89.7,89.7,10.3,16.5,22,28,51,sample_end,3478110,False,2026-09-05T07:44:30+08:00
observed,observed_sub2:找平衡:big_small,target100_limit99,2026-04,11,11,-5.15,94.85,94.85,5.15,5.15,1,3,7,sample_end,3422138,False,
observed,observed_sub2:找平衡:big_small,target100_limit99,2026-05,394,394,0.95,100.95,87.9,12.1,24.5,107,90,197,sample_end,3435927,False,
observed,observed_sub2:找平衡:big_small,target100_limit99,2026-06,167,167,-15.85,84.15,84.15,15.85,25.15,39,40,88,sample_end,3450804,False,
observed,observed_sub2:找平衡:big_small,target100_limit99,2026-07,0,0,0.0,100.0,100.0,0.0,0.0,0,0,0,no_signal,,False,
observed,observed_sub2:找平衡:big_small,target100_limit99,2026-08,0,0,0.0,100.0,100.0,0.0,0.0,0,0,0,no_signal,,False,
observed,observed_sub2:找平衡:big_small,target100_limit99,2026-09,101,101,-10.3,89.7,89.7,10.3,16.5,22,28,51,sample_end,3478110,False,2026-09-05T07:44:30+08:00
observed,observed_sub2:找平衡:combo,target100_bankroll,2026-04,125,125,-5.2,94.8,78.68,21.32,37.22,15,19,91,sample_end,3426564,False,
observed,observed_sub2:找平衡:combo,target100_bankroll,2026-05,508,508,17.7,117.7,75.87,24.13,31.79,70,61,377,sample_end,3437080,False,
observed,observed_sub2:找平衡:combo,target100_bankroll,2026-06,315,315,-1.12,98.88,95.0,5.0,43.45,41,44,230,sample_end,3450752,False,
observed,observed_sub2:找平衡:combo,target100_bankroll,2026-07,126,126,10.87,110.87,99.0,1.0,21.24,19,13,94,sample_end,3463907,False,2026-07-31T23:59:00+08:00
observed,observed_sub2:找平衡:combo,target100_bankroll,2026-08,4,4,-4.0,96.0,96.0,4.0,4.0,0,0,4,sample_end,3463912,False,2026-08-01T00:16:30+08:00
observed,observed_sub2:找平衡:combo,target100_bankroll,2026-09,0,0,0.0,100.0,100.0,0.0,0.0,0,0,0,no_signal,,False,
observed,observed_sub2:找平衡:combo,target100_limit99,2026-04,125,125,-5.2,94.8,78.68,21.32,37.22,15,19,91,sample_end,3426564,False,
observed,observed_sub2:找平衡:combo,target100_limit99,2026-05,508,508,17.7,117.7,75.87,24.13,31.79,70,61,377,sample_end,3437080,False,
observed,observed_sub2:找平衡:combo,target100_limit99,2026-06,315,315,-1.12,98.88,95.0,5.0,43.45,41,44,230,sample_end,3450752,False,
observed,observed_sub2:找平衡:combo,target100_limit99,2026-07,126,126,10.87,110.87,99.0,1.0,21.24,19,13,94,sample_end,3463907,False,2026-07-31T23:59:00+08:00
observed,observed_sub2:找平衡:combo,target100_limit99,2026-08,4,4,-4.0,96.0,96.0,4.0,4.0,0,0,4,sample_end,3463912,False,2026-08-01T00:16:30+08:00
observed,observed_sub2:找平衡:combo,target100_limit99,2026-09,0,0,0.0,100.0,100.0,0.0,0.0,0,0,0,no_signal,,False,
observed,observed_sub2:找平衡:odd_even,target100_bankroll,2026-04,129,129,7.0,107.0,100.0,0.0,13.05,40,22,67,sample_end,3426511,False,
observed,observed_sub2:找平衡:odd_even,target100_bankroll,2026-05,626,626,16.5,116.5,97.85,2.15,22.2,170,158,298,sample_end,3437605,False,
observed,observed_sub2:找平衡:odd_even,target100_bankroll,2026-06,174,174,-9.45,90.55,85.9,14.1,16.8,43,42,89,sample_end,3450874,False,
observed,observed_sub2:找平衡:odd_even,target100_bankroll,2026-07,380,380,57.25,157.25,100.0,0.0,9.1,125,81,174,sample_end,3462691,False,2026-07-28T23:24:00+08:00
observed,observed_sub2:找平衡:odd_even,target100_bankroll,2026-08,258,258,-20.15,79.85,79.85,20.15,20.3,61,64,133,sample_end,3468732,False,2026-08-13T00:02:30+08:00
observed,observed_sub2:找平衡:odd_even,target100_bankroll,2026-09,0,0,0.0,100.0,100.0,0.0,0.0,0,0,0,no_signal,,False,
observed,observed_sub2:找平衡:odd_even,target100_limit99,2026-04,129,129,7.0,107.0,100.0,0.0,13.05,40,22,67,sample_end,3426511,False,
observed,observed_sub2:找平衡:odd_even,target100_limit99,2026-05,626,626,16.5,116.5,97.85,2.15,22.2,170,158,298,sample_end,3437605,False,
observed,observed_sub2:找平衡:odd_even,target100_limit99,2026-06,174,174,-9.45,90.55,85.9,14.1,16.8,43,42,89,sample_end,3450874,False,
observed,observed_sub2:找平衡:odd_even,target100_limit99,2026-07,380,380,57.25,157.25,100.0,0.0,9.1,125,81,174,sample_end,3462691,False,2026-07-28T23:24:00+08:00
observed,observed_sub2:找平衡:odd_even,target100_limit99,2026-08,258,258,-20.15,79.85,79.85,20.15,20.3,61,64,133,sample_end,3468732,False,2026-08-13T00:02:30+08:00
observed,observed_sub2:找平衡:odd_even,target100_limit99,2026-09,0,0,0.0,100.0,100.0,0.0,0.0,0,0,0,no_signal,,False,
observed,observed_sub3:追长龙:big_small,target100_bankroll,2026-04,274,274,-0.95,99.05,84.0,16.0,19.1,73,65,136,sample_end,3425970,False,
observed,observed_sub3:追长龙:big_small,target100_bankroll,2026-05,534,534,-36.65,63.35,63.35,36.65,46.35,131,124,279,sample_end,3435747,False,
observed,observed_sub3:追长龙:big_small,target100_bankroll,2026-06,172,172,5.5,105.5,94.4,5.6,9.15,50,35,87,sample_end,3451445,False,
observed,observed_sub3:追长龙:big_small,target100_bankroll,2026-07,253,253,23.45,123.45,97.25,2.75,14.95,77,57,119,sample_end,3459822,False,2026-07-21T20:11:30+08:00
observed,observed_sub3:追长龙:big_small,target100_bankroll,2026-08,192,192,-16.05,83.95,83.95,16.05,20.55,47,42,103,sample_end,3476368,False,2026-08-31T23:55:30+08:00
observed,observed_sub3:追长龙:big_small,target100_bankroll,2026-09,55,55,10.45,110.45,97.8,2.2,6.45,17,17,21,sample_end,3476436,False,2026-09-01T03:53:30+08:00
observed,observed_sub3:追长龙:big_small,target100_limit99,2026-04,274,274,-0.95,99.05,84.0,16.0,19.1,73,65,136,sample_end,3425970,False,
observed,observed_sub3:追长龙:big_small,target100_limit99,2026-05,534,534,-36.65,63.35,63.35,36.65,46.35,131,124,279,sample_end,3435747,False,
observed,observed_sub3:追长龙:big_small,target100_limit99,2026-06,172,172,5.5,105.5,94.4,5.6,9.15,50,35,87,sample_end,3451445,False,
observed,observed_sub3:追长龙:big_small,target100_limit99,2026-07,253,253,23.45,123.45,97.25,2.75,14.95,77,57,119,sample_end,3459822,False,2026-07-21T20:11:30+08:00
observed,observed_sub3:追长龙:big_small,target100_limit99,2026-08,192,192,-16.05,83.95,83.95,16.05,20.55,47,42,103,sample_end,3476368,False,2026-08-31T23:55:30+08:00
observed,observed_sub3:追长龙:big_small,target100_limit99,2026-09,55,55,10.45,110.45,97.8,2.2,6.45,17,17,21,sample_end,3476436,False,2026-09-01T03:53:30+08:00
observed,observed_sub3:追长龙:combo,target100_bankroll,2026-04,224,224,3.0,103.0,77.67,22.33,39.0,30,29,165,sample_end,3426293,False,
observed,observed_sub3:追长龙:combo,target100_bankroll,2026-05,582,582,-64.0,36.0,30.22,69.78,82.0,70,56,456,sample_end,3435592,False,
observed,observed_sub3:追长龙:combo,target100_bankroll,2026-06,59,59,25.66,125.66,100.0,0.0,10.0,12,6,41,sample_end,3451401,False,
observed,observed_sub3:追长龙:combo,target100_bankroll,2026-07,187,187,3.53,103.53,90.65,9.35,22.34,26,21,140,sample_end,3462717,False,2026-07-29T00:55:00+08:00
observed,observed_sub3:追长龙:combo,target100_bankroll,2026-08,121,121,-12.33,87.67,78.1,21.9,24.23,14,16,91,sample_end,3469284,False,2026-08-14T08:47:30+08:00
observed,observed_sub3:追长龙:combo,target100_bankroll,2026-09,6,6,-5.0,95.0,95.0,5.0,5.0,0,1,5,sample_end,3478634,False,2026-09-06T14:51:30+08:00
observed,observed_sub3:追长龙:combo,target100_limit99,2026-04,224,224,3.0,103.0,77.67,22.33,39.0,30,29,165,sample_end,3426293,False,
observed,observed_sub3:追长龙:combo,target100_limit99,2026-05,582,582,-64.0,36.0,30.22,69.78,82.0,70,56,456,sample_end,3435592,False,
observed,observed_sub3:追长龙:combo,target100_limit99,2026-06,59,59,25.66,125.66,100.0,0.0,10.0,12,6,41,sample_end,3451401,False,
observed,observed_sub3:追长龙:combo,target100_limit99,2026-07,187,187,3.53,103.53,90.65,9.35,22.34,26,21,140,sample_end,3462717,False,2026-07-29T00:55:00+08:00
observed,observed_sub3:追长龙:combo,target100_limit99,2026-08,121,121,-12.33,87.67,78.1,21.9,24.23,14,16,91,sample_end,3469284,False,2026-08-14T08:47:30+08:00
observed,observed_sub3:追长龙:combo,target100_limit99,2026-09,6,6,-5.0,95.0,95.0,5.0,5.0,0,1,5,sample_end,3478634,False,2026-09-06T14:51:30+08:00
observed,observed_sub3:追长龙:odd_even,target100_bankroll,2026-04,207,207,-0.55,99.45,86.65,13.35,29.55,57,44,106,sample_end,3425719,False,
observed,observed_sub3:追长龙:odd_even,target100_bankroll,2026-05,561,561,-39.85,60.15,50.8,49.2,55.65,139,125,297,sample_end,3435782,False,
observed,observed_sub3:追长龙:odd_even,target100_bankroll,2026-06,108,108,0.5,100.5,93.85,6.15,14.15,30,23,55,sample_end,3449870,False,
observed,observed_sub3:追长龙:odd_even,target100_bankroll,2026-07,506,506,26.25,126.25,96.6,3.4,27.45,145,119,242,sample_end,3456414,False,2026-07-13T08:26:30+08:00
observed,observed_sub3:追长龙:odd_even,target100_bankroll,2026-08,27,27,-9.6,90.4,90.4,9.6,9.6,4,6,17,sample_end,3475753,False,2026-08-30T10:57:00+08:00
observed,observed_sub3:追长龙:odd_even,target100_bankroll,2026-09,0,0,0.0,100.0,100.0,0.0,0.0,0,0,0,no_signal,,False,
observed,observed_sub3:追长龙:odd_even,target100_limit99,2026-04,207,207,-0.55,99.45,86.65,13.35,29.55,57,44,106,sample_end,3425719,False,
observed,observed_sub3:追长龙:odd_even,target100_limit99,2026-05,561,561,-39.85,60.15,50.8,49.2,55.65,139,125,297,sample_end,3435782,False,
observed,observed_sub3:追长龙:odd_even,target100_limit99,2026-06,108,108,0.5,100.5,93.85,6.15,14.15,30,23,55,sample_end,3449870,False,
observed,observed_sub3:追长龙:odd_even,target100_limit99,2026-07,506,506,26.25,126.25,96.6,3.4,27.45,145,119,242,sample_end,3456414,False,2026-07-13T08:26:30+08:00
observed,observed_sub3:追长龙:odd_even,target100_limit99,2026-08,27,27,-9.6,90.4,90.4,9.6,9.6,4,6,17,sample_end,3475753,False,2026-08-30T10:57:00+08:00
observed,observed_sub3:追长龙:odd_even,target100_limit99,2026-09,0,0,0.0,100.0,100.0,0.0,0.0,0,0,0,no_signal,,False,
observed,observed_sub4:小六壬预测:big_small,target100_bankroll,2026-04,91,91,19.2,119.2,99.0,1.0,4.3,32,19,40,sample_end,3423171,False,
observed,observed_sub4:小六壬预测:big_small,target100_bankroll,2026-05,1250,1250,58.75,158.75,97.0,3.0,54.75,355,297,598,sample_end,3436353,False,
observed,observed_sub4:小六壬预测:big_small,target100_bankroll,2026-06,442,442,-19.4,80.6,80.6,19.4,27.45,116,92,234,sample_end,3450804,False,
observed,observed_sub4:小六壬预测:big_small,target100_bankroll,2026-07,391,391,-57.05,42.95,42.95,57.05,57.05,87,86,218,sample_end,3456346,False,2026-07-13T04:28:30+08:00
observed,observed_sub4:小六壬预测:big_small,target100_bankroll,2026-08,0,0,0.0,100.0,100.0,0.0,0.0,0,0,0,no_signal,,False,
observed,observed_sub4:小六壬预测:big_small,target100_bankroll,2026-09,6,6,1.7,101.7,99.0,1.0,1.0,2,2,2,sample_end,3478634,False,2026-09-06T14:51:30+08:00
observed,observed_sub4:小六壬预测:big_small,target100_limit99,2026-04,91,91,19.2,119.2,99.0,1.0,4.3,32,19,40,sample_end,3423171,False,
observed,observed_sub4:小六壬预测:big_small,target100_limit99,2026-05,1250,1250,58.75,158.75,97.0,3.0,54.75,355,297,598,sample_end,3436353,False,
observed,observed_sub4:小六壬预测:big_small,target100_limit99,2026-06,442,442,-19.4,80.6,80.6,19.4,27.45,116,92,234,sample_end,3450804,False,
observed,observed_sub4:小六壬预测:big_small,target100_limit99,2026-07,391,391,-57.05,42.95,42.95,57.05,57.05,87,86,218,sample_end,3456346,False,2026-07-13T04:28:30+08:00
observed,observed_sub4:小六壬预测:big_small,target100_limit99,2026-08,0,0,0.0,100.0,100.0,0.0,0.0,0,0,0,no_signal,,False,
observed,observed_sub4:小六壬预测:big_small,target100_limit99,2026-09,6,6,1.7,101.7,99.0,1.0,1.0,2,2,2,sample_end,3478634,False,2026-09-06T14:51:30+08:00
observed,observed_sub4:小六壬预测:combo,target100_bankroll,2026-04,185,185,60.32,160.32,97.56,2.44,13.67,34,22,129,sample_end,3426563,False,
observed,observed_sub4:小六壬预测:combo,target100_bankroll,2026-05,790,790,-66.84,33.16,14.28,85.72,85.72,97,88,605,sample_end,3435447,False,
observed,observed_sub4:小六壬预测:combo,target100_bankroll,2026-06,369,369,42.11,142.11,97.0,3.0,29.1,57,35,277,sample_end,3451105,False,
observed,observed_sub4:小六壬预测:combo,target100_bankroll,2026-07,90,90,-16.88,83.12,83.12,16.88,22.66,9,13,68,sample_end,3453138,False,
observed,observed_sub4:小六壬预测:combo,target100_bankroll,2026-08,0,0,0.0,100.0,100.0,0.0,0.0,0,0,0,no_signal,,False,
observed,observed_sub4:小六壬预测:combo,target100_bankroll,2026-09,0,0,0.0,100.0,100.0,0.0,0.0,0,0,0,no_signal,,False,
observed,observed_sub4:小六壬预测:combo,target100_limit99,2026-04,185,185,60.32,160.32,97.56,2.44,13.67,34,22,129,sample_end,3426563,False,
observed,observed_sub4:小六壬预测:combo,target100_limit99,2026-05,790,790,-66.84,33.16,14.28,85.72,85.72,97,88,605,sample_end,3435447,False,
observed,observed_sub4:小六壬预测:combo,target100_limit99,2026-06,369,369,42.11,142.11,97.0,3.0,29.1,57,35,277,sample_end,3451105,False,
observed,observed_sub4:小六壬预测:combo,target100_limit99,2026-07,90,90,-16.88,83.12,83.12,16.88,22.66,9,13,68,sample_end,3453138,False,
observed,observed_sub4:小六壬预测:combo,target100_limit99,2026-08,0,0,0.0,100.0,100.0,0.0,0.0,0,0,0,no_signal,,False,
observed,observed_sub4:小六壬预测:combo,target100_limit99,2026-09,0,0,0.0,100.0,100.0,0.0,0.0,0,0,0,no_signal,,False,
observed,observed_sub4:小六壬预测:odd_even,target100_bankroll,2026-04,60,60,1.3,101.3,85.4,14.6,14.6,18,10,32,sample_end,3425749,False,
observed,observed_sub4:小六壬预测:odd_even,target100_bankroll,2026-05,270,270,-20.05,79.95,72.1,27.9,36.25,67,59,144,sample_end,3437605,False,
observed,observed_sub4:小六壬预测:odd_even,target100_bankroll,2026-06,339,339,38.1,138.1,79.25,20.75,24.15,106,75,158,sample_end,3451063,False,
observed,observed_sub4:小六壬预测:odd_even,target100_bankroll,2026-07,99,99,-12.85,87.15,87.15,12.85,17.8,19,32,48,sample_end,3454601,False,
observed,observed_sub4:小六壬预测:odd_even,target100_bankroll,2026-08,0,0,0.0,100.0,100.0,0.0,0.0,0,0,0,no_signal,,False,
observed,observed_sub4:小六壬预测:odd_even,target100_bankroll,2026-09,0,0,0.0,100.0,100.0,0.0,0.0,0,0,0,no_signal,,False,
observed,observed_sub4:小六壬预测:odd_even,target100_limit99,2026-04,60,60,1.3,101.3,85.4,14.6,14.6,18,10,32,sample_end,3425749,False,
observed,observed_sub4:小六壬预测:odd_even,target100_limit99,2026-05,270,270,-20.05,79.95,72.1,27.9,36.25,67,59,144,sample_end,3437605,False,
observed,observed_sub4:小六壬预测:odd_even,target100_limit99,2026-06,339,339,38.1,138.1,79.25,20.75,24.15,106,75,158,sample_end,3451063,False,
observed,observed_sub4:小六壬预测:odd_even,target100_limit99,2026-07,99,99,-12.85,87.15,87.15,12.85,17.8,19,32,48,sample_end,3454601,False,
observed,observed_sub4:小六壬预测:odd_even,target100_limit99,2026-08,0,0,0.0,100.0,100.0,0.0,0.0,0,0,0,no_signal,,False,
observed,observed_sub4:小六壬预测:odd_even,target100_limit99,2026-09,0,0,0.0,100.0,100.0,0.0,0.0,0,0,0,no_signal,,False,
observed,observed_sub5:频次趋势 V1:big_small,target100_bankroll,2026-04,2,2,-2.0,98.0,98.0,2.0,2.0,0,0,2,sample_end,3424935,False,
observed,observed_sub5:频次趋势 V1:big_small,target100_bankroll,2026-05,746,746,30.9,130.9,86.5,13.5,15.0,214,167,365,sample_end,3435882,False,
observed,observed_sub5:频次趋势 V1:big_small,target100_bankroll,2026-06,366,366,0.0,100.0,82.65,17.35,17.75,100,81,185,sample_end,3451082,False,
observed,observed_sub5:频次趋势 V1:big_small,target100_bankroll,2026-07,681,681,43.05,143.05,97.0,3.0,24.75,193,174,314,sample_end,3463663,False,2026-07-31T09:12:00+08:00
observed,observed_sub5:频次趋势 V1:big_small,target100_bankroll,2026-08,438,438,-4.7,95.3,83.9,16.1,28.6,118,97,223,sample_end,3476369,False,2026-08-31T23:59:00+08:00
observed,observed_sub5:频次趋势 V1:big_small,target100_bankroll,2026-09,86,86,-24.1,75.9,75.9,24.1,25.05,14,22,50,sample_end,3477100,False,2026-09-02T19:43:30+08:00
observed,observed_sub5:频次趋势 V1:big_small,target100_limit99,2026-04,2,2,-2.0,98.0,98.0,2.0,2.0,0,0,2,sample_end,3424935,False,
observed,observed_sub5:频次趋势 V1:big_small,target100_limit99,2026-05,746,746,30.9,130.9,86.5,13.5,15.0,214,167,365,sample_end,3435882,False,
observed,observed_sub5:频次趋势 V1:big_small,target100_limit99,2026-06,366,366,0.0,100.0,82.65,17.35,17.75,100,81,185,sample_end,3451082,False,
observed,observed_sub5:频次趋势 V1:big_small,target100_limit99,2026-07,681,681,43.05,143.05,97.0,3.0,24.75,193,174,314,sample_end,3463663,False,2026-07-31T09:12:00+08:00
observed,observed_sub5:频次趋势 V1:big_small,target100_limit99,2026-08,438,438,-4.7,95.3,83.9,16.1,28.6,118,97,223,sample_end,3476369,False,2026-08-31T23:59:00+08:00
observed,observed_sub5:频次趋势 V1:big_small,target100_limit99,2026-09,86,86,-24.1,75.9,75.9,24.1,25.05,14,22,50,sample_end,3477100,False,2026-09-02T19:43:30+08:00
observed,observed_sub5:频次趋势 V1:combo,target100_bankroll,2026-04,88,88,34.01,134.01,95.0,5.0,10.0,17,9,62,sample_end,3425719,False,
observed,observed_sub5:频次趋势 V1:combo,target100_bankroll,2026-05,779,779,43.72,143.72,100.0,0.0,57.9,114,75,590,sample_end,3437080,False,
observed,observed_sub5:频次趋势 V1:combo,target100_bankroll,2026-06,209,209,12.47,112.47,99.0,1.0,32.89,29,28,152,sample_end,3448708,False,
observed,observed_sub5:频次趋势 V1:combo,target100_bankroll,2026-07,80,80,-20.99,79.01,79.01,20.99,20.99,7,12,61,sample_end,3454573,False,
observed,observed_sub5:频次趋势 V1:combo,target100_bankroll,2026-08,0,0,0.0,100.0,100.0,0.0,0.0,0,0,0,no_signal,,False,
observed,observed_sub5:频次趋势 V1:combo,target100_bankroll,2026-09,5,5,1.78,101.78,98.0,2.0,2.0,1,0,4,sample_end,3478634,False,2026-09-06T14:51:30+08:00
observed,observed_sub5:频次趋势 V1:combo,target100_limit99,2026-04,88,88,34.01,134.01,95.0,5.0,10.0,17,9,62,sample_end,3425719,False,
observed,observed_sub5:频次趋势 V1:combo,target100_limit99,2026-05,779,779,43.72,143.72,100.0,0.0,57.9,114,75,590,sample_end,3437080,False,
observed,observed_sub5:频次趋势 V1:combo,target100_limit99,2026-06,209,209,12.47,112.47,99.0,1.0,32.89,29,28,152,sample_end,3448708,False,
observed,observed_sub5:频次趋势 V1:combo,target100_limit99,2026-07,80,80,-20.99,79.01,79.01,20.99,20.99,7,12,61,sample_end,3454573,False,
observed,observed_sub5:频次趋势 V1:combo,target100_limit99,2026-08,0,0,0.0,100.0,100.0,0.0,0.0,0,0,0,no_signal,,False,
observed,observed_sub5:频次趋势 V1:combo,target100_limit99,2026-09,5,5,1.78,101.78,98.0,2.0,2.0,1,0,4,sample_end,3478634,False,2026-09-06T14:51:30+08:00
observed,observed_sub5:频次趋势 V1:odd_even,target100_bankroll,2026-04,53,53,-5.1,94.9,84.4,15.6,16.3,14,8,31,sample_end,3425476,False,
observed,observed_sub5:频次趋势 V1:odd_even,target100_bankroll,2026-05,835,835,81.45,181.45,98.9,1.1,19.8,257,184,394,sample_end,3435290,False,
observed,observed_sub5:频次趋势 V1:odd_even,target100_bankroll,2026-06,422,422,44.35,144.35,96.95,3.05,18.2,131,93,198,sample_end,3451138,False,
observed,observed_sub5:频次趋势 V1:odd_even,target100_bankroll,2026-07,0,0,0.0,100.0,100.0,0.0,0.0,0,0,0,no_signal,,False,
observed,observed_sub5:频次趋势 V1:odd_even,target100_bankroll,2026-08,0,0,0.0,100.0,100.0,0.0,0.0,0,0,0,no_signal,,False,
observed,observed_sub5:频次趋势 V1:odd_even,target100_bankroll,2026-09,0,0,0.0,100.0,100.0,0.0,0.0,0,0,0,no_signal,,False,
observed,observed_sub5:频次趋势 V1:odd_even,target100_limit99,2026-04,53,53,-5.1,94.9,84.4,15.6,16.3,14,8,31,sample_end,3425476,False,
observed,observed_sub5:频次趋势 V1:odd_even,target100_limit99,2026-05,835,835,81.45,181.45,98.9,1.1,19.8,257,184,394,sample_end,3435290,False,
observed,observed_sub5:频次趋势 V1:odd_even,target100_limit99,2026-06,422,422,44.35,144.35,96.95,3.05,18.2,131,93,198,sample_end,3451138,False,
observed,observed_sub5:频次趋势 V1:odd_even,target100_limit99,2026-07,0,0,0.0,100.0,100.0,0.0,0.0,0,0,0,no_signal,,False,
observed,observed_sub5:频次趋势 V1:odd_even,target100_limit99,2026-08,0,0,0.0,100.0,100.0,0.0,0.0,0,0,0,no_signal,,False,
observed,observed_sub5:频次趋势 V1:odd_even,target100_limit99,2026-09,0,0,0.0,100.0,100.0,0.0,0.0,0,0,0,no_signal,,False,
observed,observed_sub6:组合马尔可夫 V1:big_small,target100_bankroll,2026-04,319,319,-22.0,78.0,78.0,22.0,23.7,80,69,170,sample_end,3426645,False,
observed,observed_sub6:组合马尔可夫 V1:big_small,target100_bankroll,2026-05,1093,1093,0.75,100.75,90.85,9.15,33.25,295,253,545,sample_end,3437605,False,
observed,observed_sub6:组合马尔可夫 V1:big_small,target100_bankroll,2026-06,550,550,10.35,110.35,82.25,17.75,17.75,151,130,269,sample_end,3451082,False,
observed,observed_sub6:组合马尔可夫 V1:big_small,target100_bankroll,2026-07,200,200,-21.45,78.55,78.55,21.45,25.85,43,56,101,sample_end,3456347,False,2026-07-13T04:32:00+08:00
observed,observed_sub6:组合马尔可夫 V1:big_small,target100_bankroll,2026-08,0,0,0.0,100.0,100.0,0.0,0.0,0,0,0,no_signal,,False,
observed,observed_sub6:组合马尔可夫 V1:big_small,target100_bankroll,2026-09,0,0,0.0,100.0,100.0,0.0,0.0,0,0,0,no_signal,,False,
observed,observed_sub6:组合马尔可夫 V1:big_small,target100_limit99,2026-04,319,319,-22.0,78.0,78.0,22.0,23.7,80,69,170,sample_end,3426645,False,
observed,observed_sub6:组合马尔可夫 V1:big_small,target100_limit99,2026-05,1093,1093,0.75,100.75,90.85,9.15,33.25,295,253,545,sample_end,3437605,False,
observed,observed_sub6:组合马尔可夫 V1:big_small,target100_limit99,2026-06,550,550,10.35,110.35,82.25,17.75,17.75,151,130,269,sample_end,3451082,False,
observed,observed_sub6:组合马尔可夫 V1:big_small,target100_limit99,2026-07,200,200,-21.45,78.55,78.55,21.45,25.85,43,56,101,sample_end,3456347,False,2026-07-13T04:32:00+08:00
observed,observed_sub6:组合马尔可夫 V1:big_small,target100_limit99,2026-08,0,0,0.0,100.0,100.0,0.0,0.0,0,0,0,no_signal,,False,
observed,observed_sub6:组合马尔可夫 V1:big_small,target100_limit99,2026-09,0,0,0.0,100.0,100.0,0.0,0.0,0,0,0,no_signal,,False,
observed,observed_sub6:组合马尔可夫 V1:combo,target100_bankroll,2026-04,121,121,1.88,101.88,87.54,12.46,15.24,16,18,87,sample_end,3426314,False,
observed,observed_sub6:组合马尔可夫 V1:combo,target100_bankroll,2026-05,693,693,-16.41,83.59,42.02,57.98,76.88,88,93,512,sample_end,3437018,False,
observed,observed_sub6:组合马尔可夫 V1:combo,target100_bankroll,2026-06,309,309,-32.3,67.7,56.36,43.64,49.76,35,43,231,sample_end,3450747,False,
observed,observed_sub6:组合马尔可夫 V1:combo,target100_bankroll,2026-07,216,216,-3.54,96.46,96.0,4.0,46.55,27,33,156,sample_end,3454765,False,2026-07-09T06:03:00+08:00
observed,observed_sub6:组合马尔可夫 V1:combo,target100_bankroll,2026-08,0,0,0.0,100.0,100.0,0.0,0.0,0,0,0,no_signal,,False,
observed,observed_sub6:组合马尔可夫 V1:combo,target100_bankroll,2026-09,0,0,0.0,100.0,100.0,0.0,0.0,0,0,0,no_signal,,False,
observed,observed_sub6:组合马尔可夫 V1:combo,target100_limit99,2026-04,121,121,1.88,101.88,87.54,12.46,15.24,16,18,87,sample_end,3426314,False,
observed,observed_sub6:组合马尔可夫 V1:combo,target100_limit99,2026-05,693,693,-16.41,83.59,42.02,57.98,76.88,88,93,512,sample_end,3437018,False,
observed,observed_sub6:组合马尔可夫 V1:combo,target100_limit99,2026-06,309,309,-32.3,67.7,56.36,43.64,49.76,35,43,231,sample_end,3450747,False,
observed,observed_sub6:组合马尔可夫 V1:combo,target100_limit99,2026-07,216,216,-3.54,96.46,96.0,4.0,46.55,27,33,156,sample_end,3454765,False,2026-07-09T06:03:00+08:00
observed,observed_sub6:组合马尔可夫 V1:combo,target100_limit99,2026-08,0,0,0.0,100.0,100.0,0.0,0.0,0,0,0,no_signal,,False,
observed,observed_sub6:组合马尔可夫 V1:combo,target100_limit99,2026-09,0,0,0.0,100.0,100.0,0.0,0.0,0,0,0,no_signal,,False,
observed,observed_sub6:组合马尔可夫 V1:odd_even,target100_bankroll,2026-05,1106,1106,42.05,142.05,86.2,13.8,28.1,313,256,537,sample_end,3435290,False,
observed,observed_sub6:组合马尔可夫 V1:odd_even,target100_bankroll,2026-06,618,618,44.6,144.6,99.35,0.65,13.05,176,161,281,sample_end,3450528,False,
observed,observed_sub6:组合马尔可夫 V1:odd_even,target100_bankroll,2026-07,640,640,-56.1,43.9,39.35,60.65,62.5,154,145,341,sample_end,3460246,False,2026-07-22T21:28:30+08:00
observed,observed_sub6:组合马尔可夫 V1:odd_even,target100_bankroll,2026-08,0,0,0.0,100.0,100.0,0.0,0.0,0,0,0,no_signal,,False,
observed,observed_sub6:组合马尔可夫 V1:odd_even,target100_bankroll,2026-09,5,5,-4.0,96.0,96.0,4.0,4.0,0,1,4,sample_end,3478634,False,2026-09-06T14:51:30+08:00
observed,observed_sub6:组合马尔可夫 V1:odd_even,target100_limit99,2026-05,1106,1106,42.05,142.05,86.2,13.8,28.1,313,256,537,sample_end,3435290,False,
observed,observed_sub6:组合马尔可夫 V1:odd_even,target100_limit99,2026-06,618,618,44.6,144.6,99.35,0.65,13.05,176,161,281,sample_end,3450528,False,
observed,observed_sub6:组合马尔可夫 V1:odd_even,target100_limit99,2026-07,640,640,-56.1,43.9,39.35,60.65,62.5,154,145,341,sample_end,3460246,False,2026-07-22T21:28:30+08:00
observed,observed_sub6:组合马尔可夫 V1:odd_even,target100_limit99,2026-08,0,0,0.0,100.0,100.0,0.0,0.0,0,0,0,no_signal,,False,
observed,observed_sub6:组合马尔可夫 V1:odd_even,target100_limit99,2026-09,5,5,-4.0,96.0,96.0,4.0,4.0,0,1,4,sample_end,3478634,False,2026-09-06T14:51:30+08:00
observed,observed_sub7:遗漏回补 V1:big_small,target100_bankroll,2026-06,230,230,4.25,104.25,91.95,8.05,18.5,65,49,116,sample_end,3451138,False,
observed,observed_sub7:遗漏回补 V1:big_small,target100_bankroll,2026-07,331,331,-8.9,91.1,73.8,26.2,29.55,86,77,168,sample_end,3455195,False,2026-07-10T07:41:00+08:00
observed,observed_sub7:遗漏回补 V1:big_small,target100_bankroll,2026-08,0,0,0.0,100.0,100.0,0.0,0.0,0,0,0,no_signal,,False,
observed,observed_sub7:遗漏回补 V1:big_small,target100_bankroll,2026-09,0,0,0.0,100.0,100.0,0.0,0.0,0,0,0,no_signal,,False,
observed,observed_sub7:遗漏回补 V1:big_small,target100_limit99,2026-06,230,230,4.25,104.25,91.95,8.05,18.5,65,49,116,sample_end,3451138,False,
observed,observed_sub7:遗漏回补 V1:big_small,target100_limit99,2026-07,331,331,-8.9,91.1,73.8,26.2,29.55,86,77,168,sample_end,3455195,False,2026-07-10T07:41:00+08:00
observed,observed_sub7:遗漏回补 V1:big_small,target100_limit99,2026-08,0,0,0.0,100.0,100.0,0.0,0.0,0,0,0,no_signal,,False,
observed,observed_sub7:遗漏回补 V1:big_small,target100_limit99,2026-09,0,0,0.0,100.0,100.0,0.0,0.0,0,0,0,no_signal,,False,
observed,observed_sub7:遗漏回补 V1:combo,target100_bankroll,2026-05,1,1,5.33,105.33,100.0,0.0,0.0,1,0,0,sample_end,3436891,False,
observed,observed_sub7:遗漏回补 V1:combo,target100_bankroll,2026-06,318,318,14.48,114.48,62.64,37.36,43.34,46,35,237,sample_end,3449668,False,
observed,observed_sub7:遗漏回补 V1:combo,target100_bankroll,2026-07,94,94,-8.44,91.56,81.0,19.0,20.0,12,6,76,sample_end,3455923,False,2026-07-12T03:15:00+08:00
observed,observed_sub7:遗漏回补 V1:combo,target100_bankroll,2026-08,0,0,0.0,100.0,100.0,0.0,0.0,0,0,0,no_signal,,False,
observed,observed_sub7:遗漏回补 V1:combo,target100_bankroll,2026-09,5,5,2.78,102.78,98.0,2.0,2.0,1,1,3,sample_end,3478634,False,2026-09-06T14:51:30+08:00
observed,observed_sub7:遗漏回补 V1:combo,target100_limit99,2026-05,1,1,5.33,105.33,100.0,0.0,0.0,1,0,0,sample_end,3436891,False,
observed,observed_sub7:遗漏回补 V1:combo,target100_limit99,2026-06,318,318,14.48,114.48,62.64,37.36,43.34,46,35,237,sample_end,3449668,False,
observed,observed_sub7:遗漏回补 V1:combo,target100_limit99,2026-07,94,94,-8.44,91.56,81.0,19.0,20.0,12,6,76,sample_end,3455923,False,2026-07-12T03:15:00+08:00
observed,observed_sub7:遗漏回补 V1:combo,target100_limit99,2026-08,0,0,0.0,100.0,100.0,0.0,0.0,0,0,0,no_signal,,False,
observed,observed_sub7:遗漏回补 V1:combo,target100_limit99,2026-09,5,5,2.78,102.78,98.0,2.0,2.0,1,1,3,sample_end,3478634,False,2026-09-06T14:51:30+08:00
observed,observed_sub7:遗漏回补 V1:odd_even,target100_bankroll,2026-06,523,523,-8.3,91.7,77.55,22.45,22.9,142,110,271,sample_end,3449216,False,
observed,observed_sub7:遗漏回补 V1:odd_even,target100_bankroll,2026-07,1228,1228,14.3,114.3,67.8,32.2,34.05,338,279,611,sample_end,3463455,False,2026-07-30T21:04:00+08:00
observed,observed_sub7:遗漏回补 V1:odd_even,target100_bankroll,2026-08,1142,1142,-21.7,78.3,73.1,26.9,53.9,298,271,573,sample_end,3475871,False,2026-08-30T17:50:00+08:00
observed,observed_sub7:遗漏回补 V1:odd_even,target100_bankroll,2026-09,162,162,-23.1,76.9,76.9,23.1,26.2,34,42,86,sample_end,3477465,False,2026-09-03T17:01:00+08:00
observed,observed_sub7:遗漏回补 V1:odd_even,target100_limit99,2026-06,523,523,-8.3,91.7,77.55,22.45,22.9,142,110,271,sample_end,3449216,False,
observed,observed_sub7:遗漏回补 V1:odd_even,target100_limit99,2026-07,1228,1228,14.3,114.3,67.8,32.2,34.05,338,279,611,sample_end,3463455,False,2026-07-30T21:04:00+08:00
observed,observed_sub7:遗漏回补 V1:odd_even,target100_limit99,2026-08,1142,1142,-21.7,78.3,73.1,26.9,53.9,298,271,573,sample_end,3475871,False,2026-08-30T17:50:00+08:00
observed,observed_sub7:遗漏回补 V1:odd_even,target100_limit99,2026-09,162,162,-23.1,76.9,76.9,23.1,26.2,34,42,86,sample_end,3477465,False,2026-09-03T17:01:00+08:00
observed,observed_sub8:PC28方案单双共识:odd_even,target100_bankroll,2026-07,2113,2113,85.0,185.0,66.9,33.1,59.35,600,488,1025,sample_end,3463889,False,2026-07-31T22:56:00+08:00
observed,observed_sub8:PC28方案单双共识:odd_even,target100_bankroll,2026-08,2250,2250,70.3,170.3,76.3,23.7,51.45,638,502,1110,sample_end,3476307,False,2026-08-31T20:22:00+08:00
observed,observed_sub8:PC28方案单双共识:odd_even,target100_bankroll,2026-09,507,507,22.65,122.65,97.05,2.95,15.75,149,105,253,sample_end,3479181,False,2026-09-07T23:52:00+08:00
observed,observed_sub8:PC28方案单双共识:odd_even,target100_limit99,2026-07,2113,2113,85.0,185.0,66.9,33.1,59.35,600,488,1025,sample_end,3463889,False,2026-07-31T22:56:00+08:00
observed,observed_sub8:PC28方案单双共识:odd_even,target100_limit99,2026-08,2250,2250,70.3,170.3,76.3,23.7,51.45,638,502,1110,sample_end,3476307,False,2026-08-31T20:22:00+08:00
observed,observed_sub8:PC28方案单双共识:odd_even,target100_limit99,2026-09,507,507,22.65,122.65,97.05,2.95,15.75,149,105,253,sample_end,3479181,False,2026-09-07T23:52:00+08:00
observed,observed_sub9:PC28方案组合高命共识（28%）:combo,target100_bankroll,2026-07,181,181,-19.4,80.6,75.82,24.18,41.66,20,26,135,sample_end,3462965,False,2026-07-29T15:23:00+08:00
observed,observed_sub9:PC28方案组合高命共识（28%）:combo,target100_bankroll,2026-08,0,0,0.0,100.0,100.0,0.0,0.0,0,0,0,no_signal,,False,
observed,observed_sub9:PC28方案组合高命共识（28%）:combo,target100_bankroll,2026-09,0,0,0.0,100.0,100.0,0.0,0.0,0,0,0,no_signal,,False,
observed,observed_sub9:PC28方案组合高命共识（28%）:combo,target100_limit99,2026-07,181,181,-19.4,80.6,75.82,24.18,41.66,20,26,135,sample_end,3462965,False,2026-07-29T15:23:00+08:00
observed,observed_sub9:PC28方案组合高命共识（28%）:combo,target100_limit99,2026-08,0,0,0.0,100.0,100.0,0.0,0.0,0,0,0,no_signal,,False,
observed,observed_sub9:PC28方案组合高命共识（28%）:combo,target100_limit99,2026-09,0,0,0.0,100.0,100.0,0.0,0.0,0,0,0,no_signal,,False,
